ISO-10303-21;
HEADER;
/* Generated by software containing ST-Developer
 * from STEP Tools, Inc. (www.steptools.com) 
 */

FILE_DESCRIPTION(
/* description */ (''),
/* implementation_level */ '2;1');

FILE_NAME(
/* name */ 'EBB36_Mount.step',
/* time_stamp */ '2026-06-25T00:46:39+02:00',
/* author */ (''),
/* organization */ (''),
/* preprocessor_version */ 'ST-DEVELOPER v20.1',
/* originating_system */ 'Autodesk Translation Framework v15.8.0.0',
/* authorisation */ '');

FILE_SCHEMA (('AUTOMOTIVE_DESIGN { 1 0 10303 214 3 1 1 }'));
ENDSEC;

DATA;
#10=MECHANICAL_DESIGN_GEOMETRIC_PRESENTATION_REPRESENTATION('',(#35,#36,
#37,#38),#16353);
#11=ITEM_DEFINED_TRANSFORMATION($,$,#8671,#9538);
#12=ITEM_DEFINED_TRANSFORMATION($,$,#8913,#9539);
#13=ITEM_DEFINED_TRANSFORMATION($,$,#9157,#9540);
#14=ITEM_DEFINED_TRANSFORMATION($,$,#9344,#9541);
#15=(
REPRESENTATION_RELATIONSHIP($,$,#16373,#16372)
REPRESENTATION_RELATIONSHIP_WITH_TRANSFORMATION(#11)
SHAPE_REPRESENTATION_RELATIONSHIP()
);
#16=(
REPRESENTATION_RELATIONSHIP($,$,#16374,#16372)
REPRESENTATION_RELATIONSHIP_WITH_TRANSFORMATION(#12)
SHAPE_REPRESENTATION_RELATIONSHIP()
);
#17=(
REPRESENTATION_RELATIONSHIP($,$,#16375,#16372)
REPRESENTATION_RELATIONSHIP_WITH_TRANSFORMATION(#13)
SHAPE_REPRESENTATION_RELATIONSHIP()
);
#18=(
REPRESENTATION_RELATIONSHIP($,$,#16376,#16372)
REPRESENTATION_RELATIONSHIP_WITH_TRANSFORMATION(#14)
SHAPE_REPRESENTATION_RELATIONSHIP()
);
#19=CONTEXT_DEPENDENT_SHAPE_REPRESENTATION(#15,#16368);
#20=CONTEXT_DEPENDENT_SHAPE_REPRESENTATION(#16,#16369);
#21=CONTEXT_DEPENDENT_SHAPE_REPRESENTATION(#17,#16370);
#22=CONTEXT_DEPENDENT_SHAPE_REPRESENTATION(#18,#16371);
#23=NEXT_ASSEMBLY_USAGE_OCCURRENCE('EBB36gen1_G2WW:1',
'EBB36gen1_G2WW:1','EBB36gen1_G2WW:1',#16378,#16379,'EBB36gen1_G2WW:1');
#24=NEXT_ASSEMBLY_USAGE_OCCURRENCE('EBB36gen1_G2SA:1',
'EBB36gen1_G2SA:1','EBB36gen1_G2SA:1',#16378,#16380,'EBB36gen1_G2SA:1');
#25=NEXT_ASSEMBLY_USAGE_OCCURRENCE('EBBgen2_G2WW:1','EBBgen2_G2WW:1',
'EBBgen2_G2WW:1',#16378,#16381,'EBBgen2_G2WW:1');
#26=NEXT_ASSEMBLY_USAGE_OCCURRENCE('EBBgen2_G2SA:1','EBBgen2_G2SA:1',
'EBBgen2_G2SA:1',#16378,#16382,'EBBgen2_G2SA:1');
#27=SHAPE_REPRESENTATION_RELATIONSHIP('SRR','None',#16373,#31);
#28=SHAPE_REPRESENTATION_RELATIONSHIP('SRR','None',#16374,#32);
#29=SHAPE_REPRESENTATION_RELATIONSHIP('SRR','None',#16375,#33);
#30=SHAPE_REPRESENTATION_RELATIONSHIP('SRR','None',#16376,#34);
#31=ADVANCED_BREP_SHAPE_REPRESENTATION('',(#39),#16349);
#32=ADVANCED_BREP_SHAPE_REPRESENTATION('',(#40),#16350);
#33=ADVANCED_BREP_SHAPE_REPRESENTATION('',(#41),#16351);
#34=ADVANCED_BREP_SHAPE_REPRESENTATION('',(#42),#16352);
#35=STYLED_ITEM('',(#16401),#39);
#36=STYLED_ITEM('',(#16401),#40);
#37=STYLED_ITEM('',(#16401),#41);
#38=STYLED_ITEM('',(#16401),#42);
#39=MANIFOLD_SOLID_BREP('K\X\F6rper1',#8621);
#40=MANIFOLD_SOLID_BREP('K\X\F6rper1',#8622);
#41=MANIFOLD_SOLID_BREP('K\X\F6rper1',#8623);
#42=MANIFOLD_SOLID_BREP('K\X\F6rper1',#8624);
#43=TOROIDAL_SURFACE('',#8808,6.,3.);
#44=TOROIDAL_SURFACE('',#8813,6.,3.);
#45=TOROIDAL_SURFACE('',#8827,6.,3.);
#46=TOROIDAL_SURFACE('',#9050,6.,3.);
#47=TOROIDAL_SURFACE('',#9055,6.,3.);
#48=TOROIDAL_SURFACE('',#9069,6.,3.);
#49=TOROIDAL_SURFACE('',#9194,3.,2.);
#50=TOROIDAL_SURFACE('',#9204,3.,2.);
#51=TOROIDAL_SURFACE('',#9263,6.,3.);
#52=TOROIDAL_SURFACE('',#9268,6.,3.);
#53=TOROIDAL_SURFACE('',#9282,6.,3.);
#54=TOROIDAL_SURFACE('',#9397,3.,2.);
#55=TOROIDAL_SURFACE('',#9407,3.,2.);
#56=TOROIDAL_SURFACE('',#9457,6.,3.);
#57=TOROIDAL_SURFACE('',#9462,6.,3.);
#58=TOROIDAL_SURFACE('',#9476,6.,3.);
#59=B_SPLINE_SURFACE_WITH_KNOTS('',3,3,((#12359,#12360,#12361,#12362),(#12363,
#12364,#12365,#12366),(#12367,#12368,#12369,#12370),(#12371,#12372,#12373,
#12374),(#12375,#12376,#12377,#12378)),.UNSPECIFIED.,.F.,.F.,.F.,(4,1,4),
(4,4),(0.,0.5,1.),(1.58090446254559E-9,0.027731043803594),.UNSPECIFIED.);
#60=B_SPLINE_SURFACE_WITH_KNOTS('',3,3,((#12393,#12394,#12395,#12396,#12397,
#12398),(#12399,#12400,#12401,#12402,#12403,#12404),(#12405,#12406,#12407,
#12408,#12409,#12410),(#12411,#12412,#12413,#12414,#12415,#12416),(#12417,
#12418,#12419,#12420,#12421,#12422)),.UNSPECIFIED.,.F.,.F.,.F.,(4,1,4),
(4,2,4),(0.,0.571428571428571,1.),(0.,0.0471432194334635,0.047478590922608),
 .UNSPECIFIED.);
#61=B_SPLINE_SURFACE_WITH_KNOTS('',3,3,((#12436,#12437,#12438,#12439),(#12440,
#12441,#12442,#12443),(#12444,#12445,#12446,#12447),(#12448,#12449,#12450,
#12451),(#12452,#12453,#12454,#12455)),.UNSPECIFIED.,.F.,.F.,.F.,(4,1,4),
(4,4),(0.,0.5,1.),(1.10958204097472E-15,0.0277310474387999),
 .UNSPECIFIED.);
#62=B_SPLINE_SURFACE_WITH_KNOTS('',3,3,((#12470,#12471,#12472,#12473,#12474,
#12475),(#12476,#12477,#12478,#12479,#12480,#12481),(#12482,#12483,#12484,
#12485,#12486,#12487),(#12488,#12489,#12490,#12491,#12492,#12493),(#12494,
#12495,#12496,#12497,#12498,#12499)),.UNSPECIFIED.,.F.,.F.,.F.,(4,1,4),
(4,2,4),(0.,0.571428571428571,1.),(-0.047143219446514,0.,0.000335371478494859),
 .UNSPECIFIED.);
#63=B_SPLINE_SURFACE_WITH_KNOTS('',3,3,((#12528,#12529,#12530,#12531,#12532),
(#12533,#12534,#12535,#12536,#12537),(#12538,#12539,#12540,#12541,#12542),
(#12543,#12544,#12545,#12546,#12547),(#12548,#12549,#12550,#12551,#12552)),
 .UNSPECIFIED.,.F.,.F.,.F.,(4,1,4),(4,1,4),(0.,0.5,1.),(0.16442947588036,
0.255592899242932,0.377144130393027),.UNSPECIFIED.);
#64=B_SPLINE_SURFACE_WITH_KNOTS('',3,3,((#12566,#12567,#12568,#12569),(#12570,
#12571,#12572,#12573),(#12574,#12575,#12576,#12577),(#12578,#12579,#12580,
#12581),(#12582,#12583,#12584,#12585)),.UNSPECIFIED.,.F.,.F.,.F.,(4,1,4),
(4,4),(0.,0.5,1.),(-0.0811938326523995,0.0811938326523991),
 .UNSPECIFIED.);
#65=B_SPLINE_SURFACE_WITH_KNOTS('',3,3,((#12591,#12592,#12593,#12594,#12595),
(#12596,#12597,#12598,#12599,#12600),(#12601,#12602,#12603,#12604,#12605),
(#12606,#12607,#12608,#12609,#12610),(#12611,#12612,#12613,#12614,#12615)),
 .UNSPECIFIED.,.F.,.F.,.F.,(4,1,4),(4,1,4),(0.,0.5,1.),(7.03092490050406E-17,
0.121551228733393,0.212714650283437),.UNSPECIFIED.);
#66=B_SPLINE_SURFACE_WITH_KNOTS('',3,3,((#12639,#12640,#12641,#12642,#12643,
#12644),(#12645,#12646,#12647,#12648,#12649,#12650),(#12651,#12652,#12653,
#12654,#12655,#12656),(#12657,#12658,#12659,#12660,#12661,#12662),(#12663,
#12664,#12665,#12666,#12667,#12668)),.UNSPECIFIED.,.F.,.F.,.F.,(4,1,4),
(4,1,1,4),(0.,0.571428571428571,1.),(-1.5707963267949,-0.897597901025655,
-0.448798950512827,1.2490009027033E-16),.UNSPECIFIED.);
#67=B_SPLINE_SURFACE_WITH_KNOTS('',3,3,((#12736,#12737,#12738,#12739,#12740),
(#12741,#12742,#12743,#12744,#12745),(#12746,#12747,#12748,#12749,#12750),
(#12751,#12752,#12753,#12754,#12755),(#12756,#12757,#12758,#12759,#12760),
(#12761,#12762,#12763,#12764,#12765)),.UNSPECIFIED.,.F.,.F.,.F.,(4,1,1,
4),(4,1,4),(0.,0.285714285714286,0.571428571428571,1.),(-1.17526858536638,
-0.67158204878079,1.77635683940025E-15),.UNSPECIFIED.);
#68=B_SPLINE_SURFACE_WITH_KNOTS('',3,3,((#12786,#12787,#12788,#12789,#12790),
(#12791,#12792,#12793,#12794,#12795),(#12796,#12797,#12798,#12799,#12800),
(#12801,#12802,#12803,#12804,#12805),(#12806,#12807,#12808,#12809,#12810),
(#12811,#12812,#12813,#12814,#12815)),.UNSPECIFIED.,.F.,.F.,.F.,(4,1,1,
4),(4,1,4),(0.,0.285714285714286,0.571428571428571,1.),(-1.17526858536639,
-0.671582048780792,-1.99333613903324E-16),.UNSPECIFIED.);
#69=B_SPLINE_SURFACE_WITH_KNOTS('',3,3,((#12841,#12842,#12843,#12844,#12845,
#12846),(#12847,#12848,#12849,#12850,#12851,#12852),(#12853,#12854,#12855,
#12856,#12857,#12858),(#12859,#12860,#12861,#12862,#12863,#12864),(#12865,
#12866,#12867,#12868,#12869,#12870)),.UNSPECIFIED.,.F.,.F.,.F.,(4,1,4),
(4,1,1,4),(0.,0.571428571428571,1.),(-6.27284363844084E-17,0.448798950512828,
0.897597901025655,1.5707963267949),.UNSPECIFIED.);
#70=B_SPLINE_SURFACE_WITH_KNOTS('',3,3,((#13004,#13005,#13006,#13007),(#13008,
#13009,#13010,#13011),(#13012,#13013,#13014,#13015),(#13016,#13017,#13018,
#13019),(#13020,#13021,#13022,#13023)),.UNSPECIFIED.,.F.,.F.,.F.,(4,1,4),
(4,4),(0.,0.571428571428571,1.),(1.33090141734799,2.00706415926829),
 .UNSPECIFIED.);
#71=B_SPLINE_SURFACE_WITH_KNOTS('',3,3,((#13053,#13054,#13055,#13056),(#13057,
#13058,#13059,#13060),(#13061,#13062,#13063,#13064),(#13065,#13066,#13067,
#13068),(#13069,#13070,#13071,#13072)),.UNSPECIFIED.,.F.,.F.,.F.,(4,1,4),
(4,4),(0.,0.571428571428571,1.),(0.633622526369993,1.3097852682903),
 .UNSPECIFIED.);
#72=B_SPLINE_SURFACE_WITH_KNOTS('',3,3,((#13699,#13700,#13701,#13702),(#13703,
#13704,#13705,#13706),(#13707,#13708,#13709,#13710),(#13711,#13712,#13713,
#13714),(#13715,#13716,#13717,#13718)),.UNSPECIFIED.,.F.,.F.,.F.,(4,1,4),
(4,4),(0.,0.5,1.),(1.58090446254559E-9,0.027731043803594),.UNSPECIFIED.);
#73=B_SPLINE_SURFACE_WITH_KNOTS('',3,3,((#13733,#13734,#13735,#13736,#13737,
#13738),(#13739,#13740,#13741,#13742,#13743,#13744),(#13745,#13746,#13747,
#13748,#13749,#13750),(#13751,#13752,#13753,#13754,#13755,#13756),(#13757,
#13758,#13759,#13760,#13761,#13762)),.UNSPECIFIED.,.F.,.F.,.F.,(4,1,4),
(4,2,4),(0.,0.571428571428571,1.),(0.,0.0471432194334635,0.047478590922608),
 .UNSPECIFIED.);
#74=B_SPLINE_SURFACE_WITH_KNOTS('',3,3,((#13776,#13777,#13778,#13779),(#13780,
#13781,#13782,#13783),(#13784,#13785,#13786,#13787),(#13788,#13789,#13790,
#13791),(#13792,#13793,#13794,#13795)),.UNSPECIFIED.,.F.,.F.,.F.,(4,1,4),
(4,4),(0.,0.5,1.),(1.10958204097472E-15,0.0277310474387999),
 .UNSPECIFIED.);
#75=B_SPLINE_SURFACE_WITH_KNOTS('',3,3,((#13810,#13811,#13812,#13813,#13814,
#13815),(#13816,#13817,#13818,#13819,#13820,#13821),(#13822,#13823,#13824,
#13825,#13826,#13827),(#13828,#13829,#13830,#13831,#13832,#13833),(#13834,
#13835,#13836,#13837,#13838,#13839)),.UNSPECIFIED.,.F.,.F.,.F.,(4,1,4),
(4,2,4),(0.,0.571428571428571,1.),(-0.047143219446514,0.,0.000335371478494859),
 .UNSPECIFIED.);
#76=B_SPLINE_SURFACE_WITH_KNOTS('',3,3,((#13868,#13869,#13870,#13871,#13872),
(#13873,#13874,#13875,#13876,#13877),(#13878,#13879,#13880,#13881,#13882),
(#13883,#13884,#13885,#13886,#13887),(#13888,#13889,#13890,#13891,#13892)),
 .UNSPECIFIED.,.F.,.F.,.F.,(4,1,4),(4,1,4),(0.,0.5,1.),(0.16442947588036,
0.255592899242932,0.377144130393027),.UNSPECIFIED.);
#77=B_SPLINE_SURFACE_WITH_KNOTS('',3,3,((#13906,#13907,#13908,#13909),(#13910,
#13911,#13912,#13913),(#13914,#13915,#13916,#13917),(#13918,#13919,#13920,
#13921),(#13922,#13923,#13924,#13925)),.UNSPECIFIED.,.F.,.F.,.F.,(4,1,4),
(4,4),(0.,0.5,1.),(-0.0811938326523995,0.0811938326523991),
 .UNSPECIFIED.);
#78=B_SPLINE_SURFACE_WITH_KNOTS('',3,3,((#13931,#13932,#13933,#13934,#13935),
(#13936,#13937,#13938,#13939,#13940),(#13941,#13942,#13943,#13944,#13945),
(#13946,#13947,#13948,#13949,#13950),(#13951,#13952,#13953,#13954,#13955)),
 .UNSPECIFIED.,.F.,.F.,.F.,(4,1,4),(4,1,4),(0.,0.5,1.),(7.03092490050406E-17,
0.121551228733393,0.212714650283437),.UNSPECIFIED.);
#79=B_SPLINE_SURFACE_WITH_KNOTS('',3,3,((#13979,#13980,#13981,#13982,#13983,
#13984),(#13985,#13986,#13987,#13988,#13989,#13990),(#13991,#13992,#13993,
#13994,#13995,#13996),(#13997,#13998,#13999,#14000,#14001,#14002),(#14003,
#14004,#14005,#14006,#14007,#14008)),.UNSPECIFIED.,.F.,.F.,.F.,(4,1,4),
(4,1,1,4),(0.,0.571428571428571,1.),(-1.5707963267949,-0.897597901025655,
-0.448798950512827,1.2490009027033E-16),.UNSPECIFIED.);
#80=B_SPLINE_SURFACE_WITH_KNOTS('',3,3,((#14076,#14077,#14078,#14079,#14080),
(#14081,#14082,#14083,#14084,#14085),(#14086,#14087,#14088,#14089,#14090),
(#14091,#14092,#14093,#14094,#14095),(#14096,#14097,#14098,#14099,#14100),
(#14101,#14102,#14103,#14104,#14105)),.UNSPECIFIED.,.F.,.F.,.F.,(4,1,1,
4),(4,1,4),(0.,0.285714285714286,0.571428571428571,1.),(-1.17526858536638,
-0.67158204878079,1.77635683940025E-15),.UNSPECIFIED.);
#81=B_SPLINE_SURFACE_WITH_KNOTS('',3,3,((#14126,#14127,#14128,#14129,#14130),
(#14131,#14132,#14133,#14134,#14135),(#14136,#14137,#14138,#14139,#14140),
(#14141,#14142,#14143,#14144,#14145),(#14146,#14147,#14148,#14149,#14150),
(#14151,#14152,#14153,#14154,#14155)),.UNSPECIFIED.,.F.,.F.,.F.,(4,1,1,
4),(4,1,4),(0.,0.285714285714286,0.571428571428571,1.),(-1.17526858536639,
-0.671582048780792,-1.99333613903324E-16),.UNSPECIFIED.);
#82=B_SPLINE_SURFACE_WITH_KNOTS('',3,3,((#14181,#14182,#14183,#14184,#14185,
#14186),(#14187,#14188,#14189,#14190,#14191,#14192),(#14193,#14194,#14195,
#14196,#14197,#14198),(#14199,#14200,#14201,#14202,#14203,#14204),(#14205,
#14206,#14207,#14208,#14209,#14210)),.UNSPECIFIED.,.F.,.F.,.F.,(4,1,4),
(4,1,1,4),(0.,0.571428571428571,1.),(-6.27284363844084E-17,0.448798950512828,
0.897597901025655,1.5707963267949),.UNSPECIFIED.);
#83=B_SPLINE_SURFACE_WITH_KNOTS('',3,3,((#14344,#14345,#14346,#14347),(#14348,
#14349,#14350,#14351),(#14352,#14353,#14354,#14355),(#14356,#14357,#14358,
#14359),(#14360,#14361,#14362,#14363)),.UNSPECIFIED.,.F.,.F.,.F.,(4,1,4),
(4,4),(0.,0.571428571428571,1.),(1.33090141734799,2.00706415926829),
 .UNSPECIFIED.);
#84=B_SPLINE_SURFACE_WITH_KNOTS('',3,3,((#14393,#14394,#14395,#14396),(#14397,
#14398,#14399,#14400),(#14401,#14402,#14403,#14404),(#14405,#14406,#14407,
#14408),(#14409,#14410,#14411,#14412)),.UNSPECIFIED.,.F.,.F.,.F.,(4,1,4),
(4,4),(0.,0.571428571428571,1.),(0.633622526369993,1.3097852682903),
 .UNSPECIFIED.);
#85=B_SPLINE_SURFACE_WITH_KNOTS('',3,3,((#14778,#14779,#14780,#14781,#14782),
(#14783,#14784,#14785,#14786,#14787),(#14788,#14789,#14790,#14791,#14792),
(#14793,#14794,#14795,#14796,#14797),(#14798,#14799,#14800,#14801,#14802)),
 .UNSPECIFIED.,.F.,.F.,.F.,(4,1,4),(4,1,4),(0.,0.571428571428571,1.),(-8.88178419700125E-16,
0.6977222176897,1.62801850794263),.UNSPECIFIED.);
#86=B_SPLINE_SURFACE_WITH_KNOTS('',3,3,((#14833,#14834,#14835,#14836,#14837),
(#14838,#14839,#14840,#14841,#14842),(#14843,#14844,#14845,#14846,#14847),
(#14848,#14849,#14850,#14851,#14852),(#14853,#14854,#14855,#14856,#14857)),
 .UNSPECIFIED.,.F.,.F.,.F.,(4,1,4),(4,1,4),(0.,0.571428571428571,1.),(0.,
0.6977222176897,1.62801850794263),.UNSPECIFIED.);
#87=B_SPLINE_SURFACE_WITH_KNOTS('',3,3,((#15003,#15004,#15005,#15006),(#15007,
#15008,#15009,#15010),(#15011,#15012,#15013,#15014),(#15015,#15016,#15017,
#15018),(#15019,#15020,#15021,#15022)),.UNSPECIFIED.,.F.,.F.,.F.,(4,1,4),
(4,4),(0.,0.571428571428571,1.),(0.633622526369993,1.3097852682903),
 .UNSPECIFIED.);
#88=B_SPLINE_SURFACE_WITH_KNOTS('',3,3,((#15296,#15297,#15298,#15299),(#15300,
#15301,#15302,#15303),(#15304,#15305,#15306,#15307),(#15308,#15309,#15310,
#15311),(#15312,#15313,#15314,#15315)),.UNSPECIFIED.,.F.,.F.,.F.,(4,1,4),
(4,4),(0.,0.571428571428571,1.),(1.33090141734799,2.00706415926829),
 .UNSPECIFIED.);
#89=B_SPLINE_SURFACE_WITH_KNOTS('',3,3,((#15681,#15682,#15683,#15684,#15685),
(#15686,#15687,#15688,#15689,#15690),(#15691,#15692,#15693,#15694,#15695),
(#15696,#15697,#15698,#15699,#15700),(#15701,#15702,#15703,#15704,#15705)),
 .UNSPECIFIED.,.F.,.F.,.F.,(4,1,4),(4,1,4),(0.,0.571428571428571,1.),(-8.88178419700125E-16,
0.6977222176897,1.62801850794263),.UNSPECIFIED.);
#90=B_SPLINE_SURFACE_WITH_KNOTS('',3,3,((#15736,#15737,#15738,#15739,#15740),
(#15741,#15742,#15743,#15744,#15745),(#15746,#15747,#15748,#15749,#15750),
(#15751,#15752,#15753,#15754,#15755),(#15756,#15757,#15758,#15759,#15760)),
 .UNSPECIFIED.,.F.,.F.,.F.,(4,1,4),(4,1,4),(0.,0.571428571428571,1.),(0.,
0.6977222176897,1.62801850794263),.UNSPECIFIED.);
#91=B_SPLINE_SURFACE_WITH_KNOTS('',3,3,((#15907,#15908,#15909,#15910),(#15911,
#15912,#15913,#15914),(#15915,#15916,#15917,#15918),(#15919,#15920,#15921,
#15922),(#15923,#15924,#15925,#15926)),.UNSPECIFIED.,.F.,.F.,.F.,(4,1,4),
(4,4),(0.,0.571428571428571,1.),(0.633622526369993,1.3097852682903),
 .UNSPECIFIED.);
#92=B_SPLINE_SURFACE_WITH_KNOTS('',3,3,((#16151,#16152,#16153,#16154),(#16155,
#16156,#16157,#16158),(#16159,#16160,#16161,#16162),(#16163,#16164,#16165,
#16166),(#16167,#16168,#16169,#16170)),.UNSPECIFIED.,.F.,.F.,.F.,(4,1,4),
(4,4),(0.,0.571428571428571,1.),(1.33090141734799,2.00706415926829),
 .UNSPECIFIED.);
#93=ELLIPSE('',#8720,2.52971729573325,0.8);
#94=ELLIPSE('',#8732,0.894421013549207,0.8);
#95=ELLIPSE('',#8733,0.894421013549207,0.8);
#96=ELLIPSE('',#8735,0.894421013549207,0.8);
#97=ELLIPSE('',#8754,2.52971729573325,0.8);
#98=ELLIPSE('',#8773,19.8608492601232,17.2);
#99=ELLIPSE('',#8774,20.7329046043562,18.2);
#100=ELLIPSE('',#8777,1.84752086140679,1.6);
#101=ELLIPSE('',#8779,1.1015141094572,0.6);
#102=ELLIPSE('',#8782,3.18571001749874,3.);
#103=ELLIPSE('',#8786,3.18571001749874,3.);
#104=ELLIPSE('',#8788,4.14110472164033,4.);
#105=ELLIPSE('',#8791,4.14110472164033,4.);
#106=ELLIPSE('',#8794,1.1015141094572,0.6);
#107=ELLIPSE('',#8795,1.84752086140679,1.6);
#108=ELLIPSE('',#8826,5.8309518948453,3.);
#109=ELLIPSE('',#8841,0.894421013549207,0.8);
#110=ELLIPSE('',#8873,4.72246314578159,3.21269802057842);
#111=ELLIPSE('',#8875,4.72246314578158,3.21269802057844);
#112=ELLIPSE('',#8881,4.72246314578158,3.21269802057844);
#113=ELLIPSE('',#8882,4.72246314578158,3.21269802057843);
#114=ELLIPSE('',#8945,5.30330085889911,3.75);
#115=ELLIPSE('',#8948,5.3033008588991,3.75);
#116=ELLIPSE('',#8951,4.72246314578158,3.21269802057843);
#117=ELLIPSE('',#8970,2.52971729573325,0.8);
#118=ELLIPSE('',#8981,0.894421013549207,0.8);
#119=ELLIPSE('',#8982,0.894421013549207,0.8);
#120=ELLIPSE('',#8984,0.894421013549207,0.8);
#121=ELLIPSE('',#9002,2.52971729573325,0.8);
#122=ELLIPSE('',#9015,19.8608492601232,17.2);
#123=ELLIPSE('',#9016,20.7329046043562,18.2);
#124=ELLIPSE('',#9019,1.84752086140679,1.6);
#125=ELLIPSE('',#9021,1.1015141094572,0.6);
#126=ELLIPSE('',#9024,3.18571001749874,3.);
#127=ELLIPSE('',#9028,3.18571001749874,3.);
#128=ELLIPSE('',#9030,4.14110472164033,4.);
#129=ELLIPSE('',#9033,4.14110472164033,4.);
#130=ELLIPSE('',#9036,1.1015141094572,0.6);
#131=ELLIPSE('',#9037,1.84752086140679,1.6);
#132=ELLIPSE('',#9068,5.8309518948453,3.);
#133=ELLIPSE('',#9083,0.894421013549207,0.8);
#134=ELLIPSE('',#9115,4.72246314578159,3.21269802057842);
#135=ELLIPSE('',#9117,4.72246314578158,3.21269802057844);
#136=ELLIPSE('',#9123,4.72246314578158,3.21269802057844);
#137=ELLIPSE('',#9197,4.24264068711928,3.);
#138=ELLIPSE('',#9199,3.16227766016838,1.);
#139=ELLIPSE('',#9202,3.16227766016838,1.);
#140=ELLIPSE('',#9203,4.24264068711928,3.);
#141=ELLIPSE('',#9281,5.8309518948453,3.);
#142=ELLIPSE('',#9303,4.72246314578159,3.21269802057842);
#143=ELLIPSE('',#9305,4.72246314578158,3.21269802057844);
#144=ELLIPSE('',#9311,4.72246314578158,3.21269802057844);
#145=ELLIPSE('',#9312,4.72246314578158,3.21269802057843);
#146=ELLIPSE('',#9346,5.3033008588991,3.75);
#147=ELLIPSE('',#9349,4.72246314578158,3.21269802057843);
#148=ELLIPSE('',#9400,4.24264068711928,3.);
#149=ELLIPSE('',#9402,3.16227766016838,1.);
#150=ELLIPSE('',#9405,3.16227766016838,1.);
#151=ELLIPSE('',#9406,4.24264068711928,3.);
#152=ELLIPSE('',#9475,5.8309518948453,3.);
#153=ELLIPSE('',#9497,4.72246314578159,3.21269802057842);
#154=ELLIPSE('',#9499,4.72246314578158,3.21269802057844);
#155=ELLIPSE('',#9505,4.72246314578158,3.21269802057844);
#156=CONICAL_SURFACE('',#8716,2.4,0.78539816339745);
#157=CONICAL_SURFACE('',#8722,2.4,0.78539816339745);
#158=CONICAL_SURFACE('',#8726,5.6,0.785398163397449);
#159=CONICAL_SURFACE('',#8744,2.4,0.78539816339745);
#160=CONICAL_SURFACE('',#8747,5.6,0.785398163397449);
#161=CONICAL_SURFACE('',#8751,2.4,0.78539816339745);
#162=CONICAL_SURFACE('',#8821,16.88,0.785398163397448);
#163=CONICAL_SURFACE('',#8823,16.88,0.785398163397448);
#164=CONICAL_SURFACE('',#8871,3.5,0.266252049150925);
#165=CONICAL_SURFACE('',#8878,3.5,0.266252049150925);
#166=CONICAL_SURFACE('',#8886,14.88,0.785398163397448);
#167=CONICAL_SURFACE('',#8893,16.88,0.785398163397448);
#168=CONICAL_SURFACE('',#8895,16.88,0.785398163397448);
#169=CONICAL_SURFACE('',#8966,2.4,0.78539816339745);
#170=CONICAL_SURFACE('',#8972,2.4,0.78539816339745);
#171=CONICAL_SURFACE('',#8976,5.6,0.785398163397449);
#172=CONICAL_SURFACE('',#8993,2.4,0.78539816339745);
#173=CONICAL_SURFACE('',#8996,5.6,0.785398163397449);
#174=CONICAL_SURFACE('',#8999,2.4,0.78539816339745);
#175=CONICAL_SURFACE('',#9063,16.88,0.785398163397448);
#176=CONICAL_SURFACE('',#9065,16.88,0.785398163397448);
#177=CONICAL_SURFACE('',#9113,3.5,0.266252049150925);
#178=CONICAL_SURFACE('',#9120,3.5,0.266252049150925);
#179=CONICAL_SURFACE('',#9127,14.88,0.785398163397448);
#180=CONICAL_SURFACE('',#9133,16.88,0.785398163397448);
#181=CONICAL_SURFACE('',#9136,16.88,0.785398163397448);
#182=CONICAL_SURFACE('',#9231,2.4,0.78539816339745);
#183=CONICAL_SURFACE('',#9234,2.4,0.78539816339745);
#184=CONICAL_SURFACE('',#9237,5.6,0.785398163397449);
#185=CONICAL_SURFACE('',#9243,2.4,0.78539816339745);
#186=CONICAL_SURFACE('',#9245,5.6,0.785398163397449);
#187=CONICAL_SURFACE('',#9249,2.4,0.78539816339745);
#188=CONICAL_SURFACE('',#9276,16.88,0.785398163397448);
#189=CONICAL_SURFACE('',#9278,16.88,0.785398163397448);
#190=CONICAL_SURFACE('',#9301,3.5,0.266252049150925);
#191=CONICAL_SURFACE('',#9308,3.5,0.266252049150925);
#192=CONICAL_SURFACE('',#9316,14.88,0.785398163397448);
#193=CONICAL_SURFACE('',#9323,16.88,0.785398163397448);
#194=CONICAL_SURFACE('',#9325,16.88,0.785398163397448);
#195=CONICAL_SURFACE('',#9434,2.4,0.78539816339745);
#196=CONICAL_SURFACE('',#9437,2.4,0.78539816339745);
#197=CONICAL_SURFACE('',#9440,5.6,0.785398163397449);
#198=CONICAL_SURFACE('',#9445,2.4,0.78539816339745);
#199=CONICAL_SURFACE('',#9447,5.6,0.785398163397449);
#200=CONICAL_SURFACE('',#9450,2.4,0.78539816339745);
#201=CONICAL_SURFACE('',#9470,16.88,0.785398163397448);
#202=CONICAL_SURFACE('',#9472,16.88,0.785398163397448);
#203=CONICAL_SURFACE('',#9495,3.5,0.266252049150925);
#204=CONICAL_SURFACE('',#9502,3.5,0.266252049150925);
#205=CONICAL_SURFACE('',#9509,14.88,0.785398163397448);
#206=CONICAL_SURFACE('',#9515,16.88,0.785398163397448);
#207=CONICAL_SURFACE('',#9518,16.88,0.785398163397448);
#208=FACE_BOUND('',#1192,.T.);
#209=FACE_BOUND('',#1198,.T.);
#210=FACE_BOUND('',#1205,.T.);
#211=FACE_BOUND('',#1213,.T.);
#212=FACE_BOUND('',#1225,.T.);
#213=FACE_BOUND('',#1229,.T.);
#214=FACE_BOUND('',#1230,.T.);
#215=FACE_BOUND('',#1231,.T.);
#216=FACE_BOUND('',#1232,.T.);
#217=FACE_BOUND('',#1233,.T.);
#218=FACE_BOUND('',#1234,.T.);
#219=FACE_BOUND('',#1281,.T.);
#220=FACE_BOUND('',#1304,.T.);
#221=FACE_BOUND('',#1307,.T.);
#222=FACE_BOUND('',#1322,.T.);
#223=FACE_BOUND('',#1326,.T.);
#224=FACE_BOUND('',#1333,.T.);
#225=FACE_BOUND('',#1334,.T.);
#226=FACE_BOUND('',#1335,.T.);
#227=FACE_BOUND('',#1336,.T.);
#228=FACE_BOUND('',#1337,.T.);
#229=FACE_BOUND('',#1352,.T.);
#230=FACE_BOUND('',#1357,.T.);
#231=FACE_BOUND('',#1367,.T.);
#232=FACE_BOUND('',#1379,.T.);
#233=FACE_BOUND('',#1428,.T.);
#234=FACE_BOUND('',#1451,.T.);
#235=FACE_BOUND('',#1454,.T.);
#236=FACE_BOUND('',#1470,.T.);
#237=FACE_BOUND('',#1474,.T.);
#238=FACE_BOUND('',#1491,.T.);
#239=FACE_BOUND('',#1496,.T.);
#240=FACE_BOUND('',#1517,.T.);
#241=FACE_BOUND('',#1521,.T.);
#242=FACE_BOUND('',#1539,.T.);
#243=FACE_BOUND('',#1540,.T.);
#244=FACE_BOUND('',#1541,.T.);
#245=FACE_BOUND('',#1542,.T.);
#246=FACE_BOUND('',#1543,.T.);
#247=FACE_BOUND('',#1570,.T.);
#248=FACE_BOUND('',#1573,.T.);
#249=FACE_BOUND('',#1588,.T.);
#250=FACE_BOUND('',#1592,.T.);
#251=FACE_BOUND('',#1601,.T.);
#252=FACE_BOUND('',#1602,.T.);
#253=FACE_BOUND('',#1603,.T.);
#254=FACE_BOUND('',#1604,.T.);
#255=FACE_BOUND('',#1605,.T.);
#256=FACE_BOUND('',#1617,.T.);
#257=FACE_BOUND('',#1622,.T.);
#258=FACE_BOUND('',#1643,.T.);
#259=FACE_BOUND('',#1647,.T.);
#260=FACE_BOUND('',#1690,.T.);
#261=FACE_BOUND('',#1693,.T.);
#262=FACE_BOUND('',#1708,.T.);
#263=FACE_BOUND('',#1712,.T.);
#264=(
BOUNDED_CURVE()
B_SPLINE_CURVE(2,(#12004,#12005,#12006),.UNSPECIFIED.,.F.,.F.)
B_SPLINE_CURVE_WITH_KNOTS((3,3),(2.0649108872693,2.33872817297968),
 .UNSPECIFIED.)
CURVE()
GEOMETRIC_REPRESENTATION_ITEM()
RATIONAL_B_SPLINE_CURVE((1.84290243423374,1.81178998565952,1.75760456647676))
REPRESENTATION_ITEM('')
);
#265=(
BOUNDED_CURVE()
B_SPLINE_CURVE(2,(#12125,#12126,#12127),.UNSPECIFIED.,.F.,.F.)
B_SPLINE_CURVE_WITH_KNOTS((3,3),(0.846779071055716,0.866580932471463),
 .UNSPECIFIED.)
CURVE()
GEOMETRIC_REPRESENTATION_ITEM()
RATIONAL_B_SPLINE_CURVE((1.01442864759315,1.00738303018637,1.))
REPRESENTATION_ITEM('')
);
#266=(
BOUNDED_CURVE()
B_SPLINE_CURVE(2,(#13472,#13473,#13474),.UNSPECIFIED.,.F.,.F.)
B_SPLINE_CURVE_WITH_KNOTS((3,3),(0.0148635290564152,0.0198018614157477),
 .UNSPECIFIED.)
CURVE()
GEOMETRIC_REPRESENTATION_ITEM()
RATIONAL_B_SPLINE_CURVE((1.01089348781415,1.01267156023147,1.01442864759315))
REPRESENTATION_ITEM('')
);
#267=(
BOUNDED_CURVE()
B_SPLINE_CURVE(2,(#13509,#13510,#13511),.UNSPECIFIED.,.F.,.F.)
B_SPLINE_CURVE_WITH_KNOTS((3,3),(0.846779071055716,0.866580932471463),
 .UNSPECIFIED.)
CURVE()
GEOMETRIC_REPRESENTATION_ITEM()
RATIONAL_B_SPLINE_CURVE((1.01442864759315,1.00738303018637,1.))
REPRESENTATION_ITEM('')
);
#268=(
BOUNDED_CURVE()
B_SPLINE_CURVE(2,(#14689,#14690,#14691),.UNSPECIFIED.,.F.,.F.)
B_SPLINE_CURVE_WITH_KNOTS((3,3),(2.56608830264912,3.07929857591932),
 .UNSPECIFIED.)
CURVE()
GEOMETRIC_REPRESENTATION_ITEM()
RATIONAL_B_SPLINE_CURVE((2.24307985932821,2.20814398552402,2.10951220039386))
REPRESENTATION_ITEM('')
);
#269=(
BOUNDED_CURVE()
B_SPLINE_CURVE(2,(#15087,#15088,#15089),.UNSPECIFIED.,.F.,.F.)
B_SPLINE_CURVE_WITH_KNOTS((3,3),(0.846779071055716,0.866580932471463),
 .UNSPECIFIED.)
CURVE()
GEOMETRIC_REPRESENTATION_ITEM()
RATIONAL_B_SPLINE_CURVE((1.01442864759315,1.00738303018637,1.))
REPRESENTATION_ITEM('')
);
#270=(
BOUNDED_CURVE()
B_SPLINE_CURVE(2,(#15987,#15988,#15989),.UNSPECIFIED.,.F.,.F.)
B_SPLINE_CURVE_WITH_KNOTS((3,3),(0.846779071055716,0.866580932471463),
 .UNSPECIFIED.)
CURVE()
GEOMETRIC_REPRESENTATION_ITEM()
RATIONAL_B_SPLINE_CURVE((1.01442864759315,1.00738303018637,1.))
REPRESENTATION_ITEM('')
);
#271=B_SPLINE_CURVE_WITH_KNOTS('',3,(#11989,#11990,#11991,#11992,#11993,
#11994,#11995,#11996,#11997,#11998,#11999,#12000),.UNSPECIFIED.,.F.,.F.,
(4,2,2,2,2,4),(0.830715171750911,0.872255494735985,0.921828693872176,0.971401893008367,
1.02097509214456,1.05781697619804),.UNSPECIFIED.);
#272=B_SPLINE_CURVE_WITH_KNOTS('',3,(#12131,#12132,#12133,#12134,#12135,
#12136),.UNSPECIFIED.,.F.,.F.,(4,2,4),(1.49916624374873,1.65698094771057,
1.86051661410139),.UNSPECIFIED.);
#273=B_SPLINE_CURVE_WITH_KNOTS('',3,(#12141,#12142,#12143,#12144),
 .UNSPECIFIED.,.F.,.F.,(4,4),(1.33090141734799,1.5929346855884),
 .UNSPECIFIED.);
#274=B_SPLINE_CURVE_WITH_KNOTS('',3,(#12159,#12160,#12161,#12162,#12163,
#12164,#12165,#12166),.UNSPECIFIED.,.F.,.F.,(4,2,2,4),(0.,0.10139042427824,
0.176617694663621,0.17735854021342),.UNSPECIFIED.);
#275=B_SPLINE_CURVE_WITH_KNOTS('',3,(#12201,#12202,#12203,#12204),
 .UNSPECIFIED.,.F.,.F.,(4,4),(-0.0929601940210272,-0.00112052130226013),
 .UNSPECIFIED.);
#276=B_SPLINE_CURVE_WITH_KNOTS('',3,(#12206,#12207,#12208,#12209,#12210,
#12211,#12212,#12213,#12214,#12215,#12216,#12217,#12218,#12219,#12220,#12221,
#12222,#12223,#12224,#12225,#12226,#12227,#12228,#12229,#12230,#12231),
 .UNSPECIFIED.,.F.,.F.,(4,2,2,2,2,2,2,2,2,2,2,2,4),(0.638861277443671,0.650419613643371,
0.749690899647537,0.803268102158351,0.856845304669166,0.979570979973788,
1.10229665527841,1.22502233058303,1.34774800588765,1.40132520839847,1.45490241090928,
1.55417369691345,1.56573203311315),.UNSPECIFIED.);
#277=B_SPLINE_CURVE_WITH_KNOTS('',3,(#12233,#12234,#12235,#12236),
 .UNSPECIFIED.,.F.,.F.,(4,4),(-0.428460623198616,-0.336770043099588),
 .UNSPECIFIED.);
#278=B_SPLINE_CURVE_WITH_KNOTS('',3,(#12257,#12258,#12259,#12260,#12261,
#12262),.UNSPECIFIED.,.F.,.F.,(4,2,4),(1.86051661410139,2.06405228049221,
2.08355148253679),.UNSPECIFIED.);
#279=B_SPLINE_CURVE_WITH_KNOTS('',3,(#12284,#12285,#12286,#12287),
 .UNSPECIFIED.,.F.,.F.,(4,4),(1.04775200004989,1.3097852682903),
 .UNSPECIFIED.);
#280=B_SPLINE_CURVE_WITH_KNOTS('',3,(#12300,#12301,#12302,#12303,#12304,
#12305,#12306,#12307,#12308,#12309),.UNSPECIFIED.,.F.,.F.,(4,2,2,2,4),(-0.00110230086146127,
0.,0.198385058950337,0.409889766268623,0.60160042637028),.UNSPECIFIED.);
#281=B_SPLINE_CURVE_WITH_KNOTS('',3,(#12313,#12314,#12315,#12316,#12317,
#12318,#12319),.UNSPECIFIED.,.F.,.F.,(4,3,4),(0.772052167266588,0.819874365301392,
0.850923805204158),.UNSPECIFIED.);
#282=B_SPLINE_CURVE_WITH_KNOTS('',3,(#12331,#12332,#12333,#12334,#12335,
#12336),.UNSPECIFIED.,.F.,.F.,(4,2,4),(0.,0.170708115784791,0.224679701891026),
 .UNSPECIFIED.);
#283=B_SPLINE_CURVE_WITH_KNOTS('',3,(#12344,#12345,#12346,#12347,#12348,
#12349),.UNSPECIFIED.,.F.,.F.,(4,2,4),(3.0644148322294,3.11838641833563,
3.28909453412042),.UNSPECIFIED.);
#284=B_SPLINE_CURVE_WITH_KNOTS('',3,(#12383,#12384,#12385,#12386),
 .UNSPECIFIED.,.F.,.F.,(4,4),(-0.027731043803594,-1.58090446254559E-9),
 .UNSPECIFIED.);
#285=B_SPLINE_CURVE_WITH_KNOTS('',3,(#12389,#12390,#12391,#12392),
 .UNSPECIFIED.,.F.,.F.,(4,4),(3.39660226211822E-9,0.027731043803594),
 .UNSPECIFIED.);
#286=B_SPLINE_CURVE_WITH_KNOTS('',3,(#12424,#12425,#12426,#12427,#12428,
#12429),.UNSPECIFIED.,.F.,.F.,(4,2,4),(0.,0.0471432194334635,0.047478590922608),
 .UNSPECIFIED.);
#287=B_SPLINE_CURVE_WITH_KNOTS('',3,(#12430,#12431,#12432,#12433,#12434,
#12435),.UNSPECIFIED.,.F.,.F.,(4,2,4),(-0.047478590922608,-0.0471432194334635,
0.),.UNSPECIFIED.);
#288=B_SPLINE_CURVE_WITH_KNOTS('',3,(#12460,#12461,#12462,#12463),
 .UNSPECIFIED.,.F.,.F.,(4,4),(-0.0277310474387999,-1.10958204097472E-15),
 .UNSPECIFIED.);
#289=B_SPLINE_CURVE_WITH_KNOTS('',3,(#12466,#12467,#12468,#12469),
 .UNSPECIFIED.,.F.,.F.,(4,4),(1.10958204097472E-15,0.0277310474387999),
 .UNSPECIFIED.);
#290=B_SPLINE_CURVE_WITH_KNOTS('',3,(#12501,#12502,#12503,#12504,#12505,
#12506),.UNSPECIFIED.,.F.,.F.,(4,2,4),(-0.047143219446514,0.,0.000335371478494859),
 .UNSPECIFIED.);
#291=B_SPLINE_CURVE_WITH_KNOTS('',3,(#12507,#12508,#12509,#12510,#12511,
#12512),.UNSPECIFIED.,.F.,.F.,(4,2,4),(-0.000335371478494859,0.,0.047143219446514),
 .UNSPECIFIED.);
#292=B_SPLINE_CURVE_WITH_KNOTS('',3,(#12519,#12520,#12521,#12522,#12523,
#12524,#12525,#12526),.UNSPECIFIED.,.F.,.F.,(4,2,2,4),(-0.0815481509205232,
-0.0799983879129076,-0.045281835324062,-0.0400242643224104),
 .UNSPECIFIED.);
#293=B_SPLINE_CURVE_WITH_KNOTS('',3,(#12554,#12555,#12556,#12557,#12558),
 .UNSPECIFIED.,.F.,.F.,(4,1,4),(0.16442947588036,0.255592899242932,0.377144130393027),
 .UNSPECIFIED.);
#294=B_SPLINE_CURVE_WITH_KNOTS('',3,(#12561,#12562,#12563,#12564,#12565),
 .UNSPECIFIED.,.F.,.F.,(4,1,4),(-0.377144130393027,-0.255592899242932,-0.220649477096353),
 .UNSPECIFIED.);
#295=B_SPLINE_CURVE_WITH_KNOTS('',3,(#12616,#12617,#12618,#12619,#12620),
 .UNSPECIFIED.,.F.,.F.,(4,1,4),(-0.156494653401623,-0.121551228733393,-7.03092490050406E-17),
 .UNSPECIFIED.);
#296=B_SPLINE_CURVE_WITH_KNOTS('',3,(#12621,#12622,#12623,#12624,#12625),
 .UNSPECIFIED.,.F.,.F.,(4,1,4),(7.03092490050406E-17,0.121551228733393,
0.212714650283437),.UNSPECIFIED.);
#297=B_SPLINE_CURVE_WITH_KNOTS('',3,(#12630,#12631,#12632,#12633,#12634,
#12635),.UNSPECIFIED.,.F.,.F.,(4,2,4),(-0.111215927746853,-0.0987021392536966,
-0.0425773783224459),.UNSPECIFIED.);
#298=B_SPLINE_CURVE_WITH_KNOTS('',3,(#12670,#12671,#12672,#12673),
 .UNSPECIFIED.,.F.,.F.,(4,4),(-0.211808288898258,-0.20593005301744),
 .UNSPECIFIED.);
#299=B_SPLINE_CURVE_WITH_KNOTS('',3,(#12675,#12676,#12677,#12678),
 .UNSPECIFIED.,.F.,.F.,(4,4),(0.211808288898553,0.216466495578973),
 .UNSPECIFIED.);
#300=B_SPLINE_CURVE_WITH_KNOTS('',3,(#12680,#12681,#12682,#12683,#12684,
#12685,#12686,#12687,#12688,#12689,#12690,#12691,#12692,#12693,#12694,#12695),
 .UNSPECIFIED.,.F.,.F.,(4,3,3,3,3,4),(0.289296757320076,0.299011462190442,
0.306817376980742,0.307945680300834,0.317159189173938,0.325267614734531),
 .UNSPECIFIED.);
#301=B_SPLINE_CURVE_WITH_KNOTS('',3,(#12697,#12698,#12699,#12700),
 .UNSPECIFIED.,.F.,.F.,(4,4),(-0.00216753976546899,0.),.UNSPECIFIED.);
#302=B_SPLINE_CURVE_WITH_KNOTS('',3,(#12702,#12703,#12704,#12705),
 .UNSPECIFIED.,.F.,.F.,(4,4),(-0.384763488279948,-0.384576662821789),
 .UNSPECIFIED.);
#303=B_SPLINE_CURVE_WITH_KNOTS('',3,(#12712,#12713,#12714,#12715,#12716,
#12717),.UNSPECIFIED.,.F.,.F.,(4,2,4),(-0.0010490879772113,0.,0.100334598094647),
 .UNSPECIFIED.);
#304=B_SPLINE_CURVE_WITH_KNOTS('',3,(#12731,#12732,#12733,#12734),
 .UNSPECIFIED.,.F.,.F.,(4,4),(0.00218169090263661,0.039207626998849),
 .UNSPECIFIED.);
#305=B_SPLINE_CURVE_WITH_KNOTS('',3,(#12770,#12771,#12772,#12773,#12774,
#12775,#12776,#12777,#12778,#12779,#12780,#12781),.UNSPECIFIED.,.F.,.F.,
(4,2,2,2,2,4),(0.,0.0453092249102694,0.0982820794447145,0.14701656234987,
0.170520418277369,0.190864292171548),.UNSPECIFIED.);
#306=B_SPLINE_CURVE_WITH_KNOTS('',3,(#12818,#12819,#12820,#12821,#12822,
#12823,#12824,#12825,#12826,#12827,#12828,#12829),.UNSPECIFIED.,.F.,.F.,
(4,2,2,2,2,4),(0.0021754509992056,0.0342619598020799,0.0780702653099253,
0.13169702135116,0.162631651720541,0.192290281440586),.UNSPECIFIED.);
#307=B_SPLINE_CURVE_WITH_KNOTS('',3,(#12831,#12832,#12833,#12834),
 .UNSPECIFIED.,.F.,.F.,(4,4),(0.,0.00216753976550579),.UNSPECIFIED.);
#308=B_SPLINE_CURVE_WITH_KNOTS('',3,(#12872,#12873,#12874,#12875,#12876,
#12877),.UNSPECIFIED.,.F.,.F.,(4,2,4),(0.107102401074864,0.193834081742717,
0.194740939049766),.UNSPECIFIED.);
#309=B_SPLINE_CURVE_WITH_KNOTS('',3,(#12881,#12882,#12883,#12884),
 .UNSPECIFIED.,.F.,.F.,(4,4),(0.384576662821785,0.384763488279948),
 .UNSPECIFIED.);
#310=B_SPLINE_CURVE_WITH_KNOTS('',3,(#12886,#12887,#12888,#12889),
 .UNSPECIFIED.,.F.,.F.,(4,4),(0.0518005090513413,0.0564004549030371),
 .UNSPECIFIED.);
#311=B_SPLINE_CURVE_WITH_KNOTS('',3,(#12890,#12891,#12892,#12893),
 .UNSPECIFIED.,.F.,.F.,(4,4),(-0.0622078118537784,-0.0564004549032745),
 .UNSPECIFIED.);
#312=B_SPLINE_CURVE_WITH_KNOTS('',3,(#12920,#12921,#12922,#12923),
 .UNSPECIFIED.,.F.,.F.,(4,4),(-0.191110368348227,-0.169777439394256),
 .UNSPECIFIED.);
#313=B_SPLINE_CURVE_WITH_KNOTS('',3,(#12925,#12926,#12927,#12928),
 .UNSPECIFIED.,.F.,.F.,(4,4),(-0.568386079994785,-0.566140324163926),
 .UNSPECIFIED.);
#314=B_SPLINE_CURVE_WITH_KNOTS('',3,(#12932,#12933,#12934,#12935),
 .UNSPECIFIED.,.F.,.F.,(4,4),(-0.141813961939801,-0.139560946486573),
 .UNSPECIFIED.);
#315=B_SPLINE_CURVE_WITH_KNOTS('',3,(#12937,#12938,#12939,#12940,#12941,
#12942),.UNSPECIFIED.,.F.,.F.,(4,2,4),(-0.30986811900883,-0.296894375659221,
-0.288775839528089),.UNSPECIFIED.);
#316=B_SPLINE_CURVE_WITH_KNOTS('',3,(#12945,#12946,#12947,#12948,#12949,
#12950),.UNSPECIFIED.,.F.,.F.,(4,2,4),(0.084428495828857,0.170708115784791,
0.224679701891025),.UNSPECIFIED.);
#317=B_SPLINE_CURVE_WITH_KNOTS('',3,(#12955,#12956,#12957,#12958),
 .UNSPECIFIED.,.F.,.F.,(4,4),(-0.191162434719457,-0.169829520241957),
 .UNSPECIFIED.);
#318=B_SPLINE_CURVE_WITH_KNOTS('',3,(#12959,#12960,#12961,#12962,#12963,
#12964),.UNSPECIFIED.,.F.,.F.,(4,2,4),(3.06423734647391,3.11820893258015,
3.20448855253605),.UNSPECIFIED.);
#319=B_SPLINE_CURVE_WITH_KNOTS('',3,(#12969,#12970,#12971,#12972),
 .UNSPECIFIED.,.F.,.F.,(4,4),(-0.568386079994698,-0.566140324163841),
 .UNSPECIFIED.);
#320=B_SPLINE_CURVE_WITH_KNOTS('',3,(#12976,#12977,#12978,#12979),
 .UNSPECIFIED.,.F.,.F.,(4,4),(-0.141813961939783,-0.139560946486554),
 .UNSPECIFIED.);
#321=B_SPLINE_CURVE_WITH_KNOTS('',3,(#12980,#12981,#12982,#12983,#12984,
#12985),.UNSPECIFIED.,.F.,.F.,(4,2,4),(-0.311460620571803,-0.296471339901574,
-0.290367595646193),.UNSPECIFIED.);
#322=B_SPLINE_CURVE_WITH_KNOTS('',3,(#12993,#12994,#12995,#12996,#12997,
#12998,#12999,#13000,#13001,#13002),.UNSPECIFIED.,.F.,.F.,(4,2,2,2,4),(-0.600998458073616,
-0.599899274201588,-0.402075190857857,-0.191168557743927,0.),
 .UNSPECIFIED.);
#323=B_SPLINE_CURVE_WITH_KNOTS('',3,(#13025,#13026,#13027,#13028,#13029,
#13030,#13031,#13032),.UNSPECIFIED.,.F.,.F.,(4,2,2,4),(0.246494859210425,
0.431681155467609,0.654611236043885,0.850664491254058),.UNSPECIFIED.);
#324=B_SPLINE_CURVE_WITH_KNOTS('',3,(#13034,#13035,#13036,#13037),
 .UNSPECIFIED.,.F.,.F.,(4,4),(-2.00706415926829,-1.55019463568379),
 .UNSPECIFIED.);
#325=B_SPLINE_CURVE_WITH_KNOTS('',3,(#13038,#13039,#13040,#13041,#13042,
#13043,#13044),.UNSPECIFIED.,.F.,.F.,(4,3,4),(0.,0.0384926799609566,0.0595105037780371),
 .UNSPECIFIED.);
#326=B_SPLINE_CURVE_WITH_KNOTS('',3,(#13074,#13075,#13076,#13077),
 .UNSPECIFIED.,.F.,.F.,(4,4),(-1.0904920499545,-0.633622526369993),
 .UNSPECIFIED.);
#327=B_SPLINE_CURVE_WITH_KNOTS('',3,(#13079,#13080,#13081,#13082,#13083,
#13084,#13085,#13086),.UNSPECIFIED.,.F.,.F.,(4,2,2,4),(0.,0.175870868393685,
0.42420114494423,0.522653528777568),.UNSPECIFIED.);
#328=B_SPLINE_CURVE_WITH_KNOTS('',3,(#13087,#13088,#13089,#13090,#13091,
#13092,#13093,#13094),.UNSPECIFIED.,.F.,.F.,(4,2,2,4),(1.00109118932663,
1.06396228140918,1.15859775679322,1.26389366599778),.UNSPECIFIED.);
#329=B_SPLINE_CURVE_WITH_KNOTS('',3,(#13202,#13203,#13204,#13205),
 .UNSPECIFIED.,.F.,.F.,(4,4),(0.,0.428423019683654),.UNSPECIFIED.);
#330=B_SPLINE_CURVE_WITH_KNOTS('',3,(#13207,#13208,#13209,#13210),
 .UNSPECIFIED.,.F.,.F.,(4,4),(0.,0.428423019681561),.UNSPECIFIED.);
#331=B_SPLINE_CURVE_WITH_KNOTS('',3,(#13242,#13243,#13244,#13245),
 .UNSPECIFIED.,.F.,.F.,(4,4),(-0.428843827834759,0.),.UNSPECIFIED.);
#332=B_SPLINE_CURVE_WITH_KNOTS('',3,(#13248,#13249,#13250,#13251),
 .UNSPECIFIED.,.F.,.F.,(4,4),(-0.428800519928333,0.),.UNSPECIFIED.);
#333=B_SPLINE_CURVE_WITH_KNOTS('',3,(#13304,#13305,#13306,#13307,#13308,
#13309),.UNSPECIFIED.,.F.,.F.,(4,2,4),(0.,0.170708115784791,0.224679701891026),
 .UNSPECIFIED.);
#334=B_SPLINE_CURVE_WITH_KNOTS('',3,(#13317,#13318,#13319,#13320,#13321,
#13322),.UNSPECIFIED.,.F.,.F.,(4,2,4),(3.0644148322294,3.11838641833563,
3.28909453412042),.UNSPECIFIED.);
#335=B_SPLINE_CURVE_WITH_KNOTS('',3,(#13404,#13405,#13406,#13407),
 .UNSPECIFIED.,.F.,.F.,(4,4),(0.801968616101676,0.823428859872514),
 .UNSPECIFIED.);
#336=B_SPLINE_CURVE_WITH_KNOTS('',3,(#13514,#13515,#13516,#13517,#13518,
#13519),.UNSPECIFIED.,.F.,.F.,(4,2,4),(1.49916624374873,1.65698094771057,
1.86051661410139),.UNSPECIFIED.);
#337=B_SPLINE_CURVE_WITH_KNOTS('',3,(#13524,#13525,#13526,#13527),
 .UNSPECIFIED.,.F.,.F.,(4,4),(1.33090141734799,1.5929346855884),
 .UNSPECIFIED.);
#338=B_SPLINE_CURVE_WITH_KNOTS('',3,(#13542,#13543,#13544,#13545,#13546,
#13547,#13548,#13549),.UNSPECIFIED.,.F.,.F.,(4,2,2,4),(0.,0.10139042427824,
0.176617694663621,0.17735854021342),.UNSPECIFIED.);
#339=B_SPLINE_CURVE_WITH_KNOTS('',3,(#13584,#13585,#13586,#13587),
 .UNSPECIFIED.,.F.,.F.,(4,4),(-0.0929601940210272,-0.00112052130226013),
 .UNSPECIFIED.);
#340=B_SPLINE_CURVE_WITH_KNOTS('',3,(#13589,#13590,#13591,#13592,#13593,
#13594,#13595,#13596,#13597,#13598,#13599,#13600,#13601,#13602,#13603,#13604,
#13605,#13606,#13607,#13608,#13609,#13610,#13611,#13612,#13613,#13614),
 .UNSPECIFIED.,.F.,.F.,(4,2,2,2,2,2,2,2,2,2,2,2,4),(0.638861277443671,0.650419613643371,
0.749690899647537,0.803268102158351,0.856845304669166,0.979570979973788,
1.10229665527841,1.22502233058303,1.34774800588765,1.40132520839847,1.45490241090928,
1.55417369691345,1.56573203311315),.UNSPECIFIED.);
#341=B_SPLINE_CURVE_WITH_KNOTS('',3,(#13616,#13617,#13618,#13619),
 .UNSPECIFIED.,.F.,.F.,(4,4),(-0.428460623198616,-0.336770043099588),
 .UNSPECIFIED.);
#342=B_SPLINE_CURVE_WITH_KNOTS('',3,(#13637,#13638,#13639,#13640,#13641,
#13642),.UNSPECIFIED.,.F.,.F.,(4,2,4),(1.86051661410139,2.06405228049221,
2.22186698445405),.UNSPECIFIED.);
#343=B_SPLINE_CURVE_WITH_KNOTS('',3,(#13663,#13664,#13665,#13666),
 .UNSPECIFIED.,.F.,.F.,(4,4),(1.04775200004989,1.3097852682903),
 .UNSPECIFIED.);
#344=B_SPLINE_CURVE_WITH_KNOTS('',3,(#13679,#13680,#13681,#13682,#13683,
#13684,#13685,#13686,#13687,#13688),.UNSPECIFIED.,.F.,.F.,(4,2,2,2,4),(-0.00110230086146127,
0.,0.198385058950337,0.409889766268623,0.60160042637028),.UNSPECIFIED.);
#345=B_SPLINE_CURVE_WITH_KNOTS('',3,(#13692,#13693,#13694,#13695,#13696,
#13697,#13698),.UNSPECIFIED.,.F.,.F.,(4,3,4),(0.772052167266588,0.819874365301392,
0.850923805204158),.UNSPECIFIED.);
#346=B_SPLINE_CURVE_WITH_KNOTS('',3,(#13723,#13724,#13725,#13726),
 .UNSPECIFIED.,.F.,.F.,(4,4),(-0.027731043803594,-1.58090446254559E-9),
 .UNSPECIFIED.);
#347=B_SPLINE_CURVE_WITH_KNOTS('',3,(#13729,#13730,#13731,#13732),
 .UNSPECIFIED.,.F.,.F.,(4,4),(3.39660226211822E-9,0.027731043803594),
 .UNSPECIFIED.);
#348=B_SPLINE_CURVE_WITH_KNOTS('',3,(#13764,#13765,#13766,#13767,#13768,
#13769),.UNSPECIFIED.,.F.,.F.,(4,2,4),(0.,0.0471432194334635,0.047478590922608),
 .UNSPECIFIED.);
#349=B_SPLINE_CURVE_WITH_KNOTS('',3,(#13770,#13771,#13772,#13773,#13774,
#13775),.UNSPECIFIED.,.F.,.F.,(4,2,4),(-0.047478590922608,-0.0471432194334635,
0.),.UNSPECIFIED.);
#350=B_SPLINE_CURVE_WITH_KNOTS('',3,(#13800,#13801,#13802,#13803),
 .UNSPECIFIED.,.F.,.F.,(4,4),(-0.0277310474387999,-1.10958204097472E-15),
 .UNSPECIFIED.);
#351=B_SPLINE_CURVE_WITH_KNOTS('',3,(#13806,#13807,#13808,#13809),
 .UNSPECIFIED.,.F.,.F.,(4,4),(1.10958204097472E-15,0.0277310474387999),
 .UNSPECIFIED.);
#352=B_SPLINE_CURVE_WITH_KNOTS('',3,(#13841,#13842,#13843,#13844,#13845,
#13846),.UNSPECIFIED.,.F.,.F.,(4,2,4),(-0.047143219446514,0.,0.000335371478494859),
 .UNSPECIFIED.);
#353=B_SPLINE_CURVE_WITH_KNOTS('',3,(#13847,#13848,#13849,#13850,#13851,
#13852),.UNSPECIFIED.,.F.,.F.,(4,2,4),(-0.000335371478494859,0.,0.047143219446514),
 .UNSPECIFIED.);
#354=B_SPLINE_CURVE_WITH_KNOTS('',3,(#13859,#13860,#13861,#13862,#13863,
#13864,#13865,#13866),.UNSPECIFIED.,.F.,.F.,(4,2,2,4),(-0.0815481509205232,
-0.0799983879129076,-0.045281835324062,-0.0400242643224104),
 .UNSPECIFIED.);
#355=B_SPLINE_CURVE_WITH_KNOTS('',3,(#13894,#13895,#13896,#13897,#13898),
 .UNSPECIFIED.,.F.,.F.,(4,1,4),(0.16442947588036,0.255592899242932,0.377144130393027),
 .UNSPECIFIED.);
#356=B_SPLINE_CURVE_WITH_KNOTS('',3,(#13901,#13902,#13903,#13904,#13905),
 .UNSPECIFIED.,.F.,.F.,(4,1,4),(-0.377144130393027,-0.255592899242932,-0.220649477096353),
 .UNSPECIFIED.);
#357=B_SPLINE_CURVE_WITH_KNOTS('',3,(#13956,#13957,#13958,#13959,#13960),
 .UNSPECIFIED.,.F.,.F.,(4,1,4),(-0.156494653401623,-0.121551228733393,-7.03092490050406E-17),
 .UNSPECIFIED.);
#358=B_SPLINE_CURVE_WITH_KNOTS('',3,(#13961,#13962,#13963,#13964,#13965),
 .UNSPECIFIED.,.F.,.F.,(4,1,4),(7.03092490050406E-17,0.121551228733393,
0.212714650283437),.UNSPECIFIED.);
#359=B_SPLINE_CURVE_WITH_KNOTS('',3,(#13970,#13971,#13972,#13973,#13974,
#13975),.UNSPECIFIED.,.F.,.F.,(4,2,4),(-0.111215927746853,-0.0987021392536966,
-0.0425773783224459),.UNSPECIFIED.);
#360=B_SPLINE_CURVE_WITH_KNOTS('',3,(#14010,#14011,#14012,#14013),
 .UNSPECIFIED.,.F.,.F.,(4,4),(-0.211808288898258,-0.20593005301744),
 .UNSPECIFIED.);
#361=B_SPLINE_CURVE_WITH_KNOTS('',3,(#14015,#14016,#14017,#14018),
 .UNSPECIFIED.,.F.,.F.,(4,4),(0.211808288898553,0.216466495578973),
 .UNSPECIFIED.);
#362=B_SPLINE_CURVE_WITH_KNOTS('',3,(#14020,#14021,#14022,#14023,#14024,
#14025,#14026,#14027,#14028,#14029,#14030,#14031,#14032,#14033,#14034,#14035),
 .UNSPECIFIED.,.F.,.F.,(4,3,3,3,3,4),(0.289296757320076,0.299011462190442,
0.306817376980742,0.307945680300834,0.317159189173938,0.325267614734531),
 .UNSPECIFIED.);
#363=B_SPLINE_CURVE_WITH_KNOTS('',3,(#14037,#14038,#14039,#14040),
 .UNSPECIFIED.,.F.,.F.,(4,4),(-0.00216753976546899,0.),.UNSPECIFIED.);
#364=B_SPLINE_CURVE_WITH_KNOTS('',3,(#14042,#14043,#14044,#14045),
 .UNSPECIFIED.,.F.,.F.,(4,4),(-0.384763488279948,-0.384576662821789),
 .UNSPECIFIED.);
#365=B_SPLINE_CURVE_WITH_KNOTS('',3,(#14052,#14053,#14054,#14055,#14056,
#14057),.UNSPECIFIED.,.F.,.F.,(4,2,4),(-0.0010490879772113,0.,0.100334598094647),
 .UNSPECIFIED.);
#366=B_SPLINE_CURVE_WITH_KNOTS('',3,(#14071,#14072,#14073,#14074),
 .UNSPECIFIED.,.F.,.F.,(4,4),(0.00218169090263661,0.039207626998849),
 .UNSPECIFIED.);
#367=B_SPLINE_CURVE_WITH_KNOTS('',3,(#14110,#14111,#14112,#14113,#14114,
#14115,#14116,#14117,#14118,#14119,#14120,#14121),.UNSPECIFIED.,.F.,.F.,
(4,2,2,2,2,4),(0.,0.0453092249102694,0.0982820794447145,0.14701656234987,
0.170520418277369,0.190864292171548),.UNSPECIFIED.);
#368=B_SPLINE_CURVE_WITH_KNOTS('',3,(#14158,#14159,#14160,#14161,#14162,
#14163,#14164,#14165,#14166,#14167,#14168,#14169),.UNSPECIFIED.,.F.,.F.,
(4,2,2,2,2,4),(0.0021754509992056,0.0342619598020799,0.0780702653099253,
0.13169702135116,0.162631651720541,0.192290281440586),.UNSPECIFIED.);
#369=B_SPLINE_CURVE_WITH_KNOTS('',3,(#14171,#14172,#14173,#14174),
 .UNSPECIFIED.,.F.,.F.,(4,4),(0.,0.00216753976550579),.UNSPECIFIED.);
#370=B_SPLINE_CURVE_WITH_KNOTS('',3,(#14212,#14213,#14214,#14215,#14216,
#14217),.UNSPECIFIED.,.F.,.F.,(4,2,4),(0.107102401074864,0.193834081742717,
0.194740939049766),.UNSPECIFIED.);
#371=B_SPLINE_CURVE_WITH_KNOTS('',3,(#14221,#14222,#14223,#14224),
 .UNSPECIFIED.,.F.,.F.,(4,4),(0.384576662821785,0.384763488279948),
 .UNSPECIFIED.);
#372=B_SPLINE_CURVE_WITH_KNOTS('',3,(#14226,#14227,#14228,#14229),
 .UNSPECIFIED.,.F.,.F.,(4,4),(0.0518005090513413,0.0564004549030371),
 .UNSPECIFIED.);
#373=B_SPLINE_CURVE_WITH_KNOTS('',3,(#14230,#14231,#14232,#14233),
 .UNSPECIFIED.,.F.,.F.,(4,4),(-0.0622078118537784,-0.0564004549032745),
 .UNSPECIFIED.);
#374=B_SPLINE_CURVE_WITH_KNOTS('',3,(#14260,#14261,#14262,#14263),
 .UNSPECIFIED.,.F.,.F.,(4,4),(-0.191110368348227,-0.169777439394256),
 .UNSPECIFIED.);
#375=B_SPLINE_CURVE_WITH_KNOTS('',3,(#14265,#14266,#14267,#14268),
 .UNSPECIFIED.,.F.,.F.,(4,4),(-0.568386079994785,-0.566140324163926),
 .UNSPECIFIED.);
#376=B_SPLINE_CURVE_WITH_KNOTS('',3,(#14272,#14273,#14274,#14275),
 .UNSPECIFIED.,.F.,.F.,(4,4),(-0.141813961939801,-0.139560946486573),
 .UNSPECIFIED.);
#377=B_SPLINE_CURVE_WITH_KNOTS('',3,(#14277,#14278,#14279,#14280,#14281,
#14282),.UNSPECIFIED.,.F.,.F.,(4,2,4),(-0.30986811900883,-0.296894375659221,
-0.288775839528089),.UNSPECIFIED.);
#378=B_SPLINE_CURVE_WITH_KNOTS('',3,(#14285,#14286,#14287,#14288,#14289,
#14290),.UNSPECIFIED.,.F.,.F.,(4,2,4),(0.084428495828857,0.170708115784791,
0.224679701891025),.UNSPECIFIED.);
#379=B_SPLINE_CURVE_WITH_KNOTS('',3,(#14295,#14296,#14297,#14298),
 .UNSPECIFIED.,.F.,.F.,(4,4),(-0.191162434719457,-0.169829520241957),
 .UNSPECIFIED.);
#380=B_SPLINE_CURVE_WITH_KNOTS('',3,(#14299,#14300,#14301,#14302,#14303,
#14304),.UNSPECIFIED.,.F.,.F.,(4,2,4),(3.06423734647391,3.11820893258015,
3.20448855253605),.UNSPECIFIED.);
#381=B_SPLINE_CURVE_WITH_KNOTS('',3,(#14309,#14310,#14311,#14312),
 .UNSPECIFIED.,.F.,.F.,(4,4),(-0.568386079994698,-0.566140324163841),
 .UNSPECIFIED.);
#382=B_SPLINE_CURVE_WITH_KNOTS('',3,(#14316,#14317,#14318,#14319),
 .UNSPECIFIED.,.F.,.F.,(4,4),(-0.141813961939783,-0.139560946486554),
 .UNSPECIFIED.);
#383=B_SPLINE_CURVE_WITH_KNOTS('',3,(#14320,#14321,#14322,#14323,#14324,
#14325),.UNSPECIFIED.,.F.,.F.,(4,2,4),(-0.311460620571803,-0.296471339901574,
-0.290367595646193),.UNSPECIFIED.);
#384=B_SPLINE_CURVE_WITH_KNOTS('',3,(#14333,#14334,#14335,#14336,#14337,
#14338,#14339,#14340,#14341,#14342),.UNSPECIFIED.,.F.,.F.,(4,2,2,2,4),(-0.600998458073616,
-0.599899274201588,-0.402075190857857,-0.191168557743927,0.),
 .UNSPECIFIED.);
#385=B_SPLINE_CURVE_WITH_KNOTS('',3,(#14365,#14366,#14367,#14368,#14369,
#14370,#14371,#14372),.UNSPECIFIED.,.F.,.F.,(4,2,2,4),(0.246494859210425,
0.431681155467609,0.654611236043885,0.850664491254058),.UNSPECIFIED.);
#386=B_SPLINE_CURVE_WITH_KNOTS('',3,(#14374,#14375,#14376,#14377),
 .UNSPECIFIED.,.F.,.F.,(4,4),(-2.00706415926829,-1.55019463568379),
 .UNSPECIFIED.);
#387=B_SPLINE_CURVE_WITH_KNOTS('',3,(#14378,#14379,#14380,#14381,#14382,
#14383,#14384),.UNSPECIFIED.,.F.,.F.,(4,3,4),(0.,0.0384926799609566,0.0595105037780371),
 .UNSPECIFIED.);
#388=B_SPLINE_CURVE_WITH_KNOTS('',3,(#14414,#14415,#14416,#14417),
 .UNSPECIFIED.,.F.,.F.,(4,4),(-1.0904920499545,-0.633622526369993),
 .UNSPECIFIED.);
#389=B_SPLINE_CURVE_WITH_KNOTS('',3,(#14419,#14420,#14421,#14422,#14423,
#14424,#14425,#14426),.UNSPECIFIED.,.F.,.F.,(4,2,2,4),(0.,0.175870868393685,
0.42420114494423,0.522653528777568),.UNSPECIFIED.);
#390=B_SPLINE_CURVE_WITH_KNOTS('',3,(#14427,#14428,#14429,#14430,#14431,
#14432,#14433,#14434),.UNSPECIFIED.,.F.,.F.,(4,2,2,4),(1.00109118932663,
1.06396228140918,1.15859775679322,1.26389366599778),.UNSPECIFIED.);
#391=B_SPLINE_CURVE_WITH_KNOTS('',3,(#14539,#14540,#14541,#14542),
 .UNSPECIFIED.,.F.,.F.,(4,4),(0.,0.428423019683654),.UNSPECIFIED.);
#392=B_SPLINE_CURVE_WITH_KNOTS('',3,(#14545,#14546,#14547,#14548),
 .UNSPECIFIED.,.F.,.F.,(4,4),(0.,0.428423019681561),.UNSPECIFIED.);
#393=B_SPLINE_CURVE_WITH_KNOTS('',3,(#14579,#14580,#14581,#14582),
 .UNSPECIFIED.,.F.,.F.,(4,4),(-0.428843827834759,0.),.UNSPECIFIED.);
#394=B_SPLINE_CURVE_WITH_KNOTS('',3,(#14585,#14586,#14587,#14588),
 .UNSPECIFIED.,.F.,.F.,(4,4),(-0.428800519928333,0.),.UNSPECIFIED.);
#395=B_SPLINE_CURVE_WITH_KNOTS('',3,(#14676,#14677,#14678,#14679,#14680,
#14681,#14682,#14683,#14684,#14685),.UNSPECIFIED.,.F.,.F.,(4,2,2,2,4),(0.488490866117382,
0.578849818911659,0.683959645451016,0.787518547563231,0.818055154731245),
 .UNSPECIFIED.);
#396=B_SPLINE_CURVE_WITH_KNOTS('',3,(#14766,#14767,#14768,#14769,#14770,
#14771,#14772,#14773,#14774,#14775,#14776,#14777),.UNSPECIFIED.,.F.,.F.,
(4,2,2,2,2,4),(-0.325804226652797,-0.325061225018332,-0.224713981268803,
-0.146551979923422,-0.0740582282082866,0.),.UNSPECIFIED.);
#397=B_SPLINE_CURVE_WITH_KNOTS('',3,(#14811,#14812,#14813,#14814,#14815,
#14816,#14817,#14818,#14819,#14820,#14821,#14822),.UNSPECIFIED.,.F.,.F.,
(4,2,2,2,2,4),(-0.000666077351105619,0.,0.0899581146364762,0.160027864519217,
0.225016208769712,0.291407056470549),.UNSPECIFIED.);
#398=B_SPLINE_CURVE_WITH_KNOTS('',3,(#14823,#14824,#14825,#14826),
 .UNSPECIFIED.,.F.,.F.,(4,4),(0.252139563161391,0.265416365891837),
 .UNSPECIFIED.);
#399=B_SPLINE_CURVE_WITH_KNOTS('',3,(#14861,#14862,#14863,#14864),
 .UNSPECIFIED.,.F.,.F.,(4,4),(0.,0.0141312544167088),.UNSPECIFIED.);
#400=B_SPLINE_CURVE_WITH_KNOTS('',3,(#14872,#14873,#14874,#14875),
 .UNSPECIFIED.,.F.,.F.,(4,4),(0.,0.428423019683654),.UNSPECIFIED.);
#401=B_SPLINE_CURVE_WITH_KNOTS('',3,(#14878,#14879,#14880,#14881),
 .UNSPECIFIED.,.F.,.F.,(4,4),(0.,0.428423019681561),.UNSPECIFIED.);
#402=B_SPLINE_CURVE_WITH_KNOTS('',3,(#14957,#14958,#14959,#14960),
 .UNSPECIFIED.,.F.,.F.,(4,4),(1.17089846819293,1.3097852682903),
 .UNSPECIFIED.);
#403=B_SPLINE_CURVE_WITH_KNOTS('',3,(#14982,#14983,#14984,#14985),
 .UNSPECIFIED.,.F.,.F.,(4,4),(1.33090141734799,1.46978821744536),
 .UNSPECIFIED.);
#404=B_SPLINE_CURVE_WITH_KNOTS('',3,(#15024,#15025,#15026,#15027,#15028,
#15029),.UNSPECIFIED.,.F.,.F.,(4,2,4),(-0.242121730363644,-0.231556628583447,
0.),.UNSPECIFIED.);
#405=B_SPLINE_CURVE_WITH_KNOTS('',3,(#15031,#15032,#15033,#15034,#15035,
#15036,#15037,#15038,#15039,#15040),.UNSPECIFIED.,.F.,.F.,(4,2,2,2,4),(-0.00110230086146127,
0.,0.198385058950337,0.409889766268623,0.60160042637028),.UNSPECIFIED.);
#406=B_SPLINE_CURVE_WITH_KNOTS('',3,(#15042,#15043,#15044,#15045,#15046,
#15047,#15048),.UNSPECIFIED.,.F.,.F.,(4,3,4),(0.772052167266588,0.819874365301392,
0.850923805204158),.UNSPECIFIED.);
#407=B_SPLINE_CURVE_WITH_KNOTS('',3,(#15050,#15051,#15052,#15053),
 .UNSPECIFIED.,.F.,.F.,(4,4),(-1.0904920499545,-0.633622526369993),
 .UNSPECIFIED.);
#408=B_SPLINE_CURVE_WITH_KNOTS('',3,(#15054,#15055,#15056,#15057,#15058,
#15059,#15060,#15061),.UNSPECIFIED.,.F.,.F.,(4,2,2,4),(0.,0.175870868393685,
0.42420114494423,0.522653528777568),.UNSPECIFIED.);
#409=B_SPLINE_CURVE_WITH_KNOTS('',3,(#15093,#15094,#15095,#15096,#15097,
#15098),.UNSPECIFIED.,.F.,.F.,(4,2,4),(1.49916624374873,1.65698094771057,
1.86051661410139),.UNSPECIFIED.);
#410=B_SPLINE_CURVE_WITH_KNOTS('',3,(#15103,#15104,#15105,#15106),
 .UNSPECIFIED.,.F.,.F.,(4,4),(-0.0929601940210272,-0.00112052130226013),
 .UNSPECIFIED.);
#411=B_SPLINE_CURVE_WITH_KNOTS('',3,(#15108,#15109,#15110,#15111,#15112,
#15113,#15114,#15115,#15116,#15117,#15118,#15119,#15120,#15121,#15122,#15123,
#15124,#15125,#15126,#15127,#15128,#15129,#15130,#15131,#15132,#15133),
 .UNSPECIFIED.,.F.,.F.,(4,2,2,2,2,2,2,2,2,2,2,2,4),(0.638861277443671,0.650419613643371,
0.749690899647537,0.803268102158351,0.856845304669166,0.979570979973788,
1.10229665527841,1.22502233058303,1.34774800588765,1.40132520839847,1.45490241090928,
1.55417369691345,1.56573203311315),.UNSPECIFIED.);
#412=B_SPLINE_CURVE_WITH_KNOTS('',3,(#15135,#15136,#15137,#15138),
 .UNSPECIFIED.,.F.,.F.,(4,4),(-0.428460623198616,-0.336770043099588),
 .UNSPECIFIED.);
#413=B_SPLINE_CURVE_WITH_KNOTS('',3,(#15154,#15155,#15156,#15157),
 .UNSPECIFIED.,.F.,.F.,(4,4),(1.86051661410139,2.01335237908491),
 .UNSPECIFIED.);
#414=B_SPLINE_CURVE_WITH_KNOTS('',3,(#15182,#15183,#15184,#15185,#15186,
#15187),.UNSPECIFIED.,.F.,.F.,(4,2,4),(0.,0.170708115784791,0.224679701891026),
 .UNSPECIFIED.);
#415=B_SPLINE_CURVE_WITH_KNOTS('',3,(#15195,#15196,#15197,#15198,#15199,
#15200),.UNSPECIFIED.,.F.,.F.,(4,2,4),(3.0644148322294,3.11838641833563,
3.28909453412042),.UNSPECIFIED.);
#416=B_SPLINE_CURVE_WITH_KNOTS('',3,(#15212,#15213,#15214,#15215),
 .UNSPECIFIED.,.F.,.F.,(4,4),(-0.191110368348227,-0.169777439394256),
 .UNSPECIFIED.);
#417=B_SPLINE_CURVE_WITH_KNOTS('',3,(#15217,#15218,#15219,#15220),
 .UNSPECIFIED.,.F.,.F.,(4,4),(-0.568386079994785,-0.566140324163926),
 .UNSPECIFIED.);
#418=B_SPLINE_CURVE_WITH_KNOTS('',3,(#15224,#15225,#15226,#15227),
 .UNSPECIFIED.,.F.,.F.,(4,4),(-0.141813961939801,-0.139560946486573),
 .UNSPECIFIED.);
#419=B_SPLINE_CURVE_WITH_KNOTS('',3,(#15229,#15230,#15231,#15232,#15233,
#15234),.UNSPECIFIED.,.F.,.F.,(4,2,4),(-0.30986811900883,-0.296894375659221,
-0.288775839528089),.UNSPECIFIED.);
#420=B_SPLINE_CURVE_WITH_KNOTS('',3,(#15237,#15238,#15239,#15240,#15241,
#15242),.UNSPECIFIED.,.F.,.F.,(4,2,4),(0.084428495828857,0.170708115784791,
0.224679701891025),.UNSPECIFIED.);
#421=B_SPLINE_CURVE_WITH_KNOTS('',3,(#15247,#15248,#15249,#15250),
 .UNSPECIFIED.,.F.,.F.,(4,4),(-0.191162434719457,-0.169829520241957),
 .UNSPECIFIED.);
#422=B_SPLINE_CURVE_WITH_KNOTS('',3,(#15251,#15252,#15253,#15254,#15255,
#15256),.UNSPECIFIED.,.F.,.F.,(4,2,4),(3.06423734647391,3.11820893258015,
3.20448855253605),.UNSPECIFIED.);
#423=B_SPLINE_CURVE_WITH_KNOTS('',3,(#15261,#15262,#15263,#15264),
 .UNSPECIFIED.,.F.,.F.,(4,4),(-0.568386079994698,-0.566140324163841),
 .UNSPECIFIED.);
#424=B_SPLINE_CURVE_WITH_KNOTS('',3,(#15268,#15269,#15270,#15271),
 .UNSPECIFIED.,.F.,.F.,(4,4),(-0.141813961939783,-0.139560946486554),
 .UNSPECIFIED.);
#425=B_SPLINE_CURVE_WITH_KNOTS('',3,(#15272,#15273,#15274,#15275,#15276,
#15277),.UNSPECIFIED.,.F.,.F.,(4,2,4),(-0.311460620571803,-0.296471339901574,
-0.290367595646193),.UNSPECIFIED.);
#426=B_SPLINE_CURVE_WITH_KNOTS('',3,(#15285,#15286,#15287,#15288,#15289,
#15290,#15291,#15292,#15293,#15294),.UNSPECIFIED.,.F.,.F.,(4,2,2,2,4),(-0.600998458073616,
-0.599899274201588,-0.402075190857857,-0.191168557743927,0.),
 .UNSPECIFIED.);
#427=B_SPLINE_CURVE_WITH_KNOTS('',3,(#15317,#15318,#15319,#15320),
 .UNSPECIFIED.,.F.,.F.,(4,4),(-0.780022697678163,-0.552577635776222),
 .UNSPECIFIED.);
#428=B_SPLINE_CURVE_WITH_KNOTS('',3,(#15322,#15323,#15324,#15325,#15326,
#15327,#15328,#15329),.UNSPECIFIED.,.F.,.F.,(4,2,2,4),(0.246494859210425,
0.431681155467609,0.654611236043885,0.850664491254058),.UNSPECIFIED.);
#429=B_SPLINE_CURVE_WITH_KNOTS('',3,(#15331,#15332,#15333,#15334),
 .UNSPECIFIED.,.F.,.F.,(4,4),(-2.00706415926829,-1.55019463568379),
 .UNSPECIFIED.);
#430=B_SPLINE_CURVE_WITH_KNOTS('',3,(#15335,#15336,#15337,#15338,#15339,
#15340,#15341),.UNSPECIFIED.,.F.,.F.,(4,3,4),(0.,0.0384926799609566,0.0595105037780371),
 .UNSPECIFIED.);
#431=B_SPLINE_CURVE_WITH_KNOTS('',3,(#15430,#15431,#15432,#15433),
 .UNSPECIFIED.,.F.,.F.,(4,4),(-0.428843827834759,0.),.UNSPECIFIED.);
#432=B_SPLINE_CURVE_WITH_KNOTS('',3,(#15436,#15437,#15438,#15439),
 .UNSPECIFIED.,.F.,.F.,(4,4),(-0.428800519928333,0.),.UNSPECIFIED.);
#433=B_SPLINE_CURVE_WITH_KNOTS('',3,(#15513,#15514,#15515,#15516,#15517,
#15518),.UNSPECIFIED.,.F.,.F.,(4,2,4),(0.,0.170708115784791,0.224679701891026),
 .UNSPECIFIED.);
#434=B_SPLINE_CURVE_WITH_KNOTS('',3,(#15526,#15527,#15528,#15529,#15530,
#15531),.UNSPECIFIED.,.F.,.F.,(4,2,4),(3.0644148322294,3.11838641833563,
3.28909453412042),.UNSPECIFIED.);
#435=B_SPLINE_CURVE_WITH_KNOTS('',3,(#15613,#15614,#15615,#15616),
 .UNSPECIFIED.,.F.,.F.,(4,4),(1.06560114236817,1.12150957798146),
 .UNSPECIFIED.);
#436=B_SPLINE_CURVE_WITH_KNOTS('',3,(#15669,#15670,#15671,#15672,#15673,
#15674,#15675,#15676,#15677,#15678,#15679,#15680),.UNSPECIFIED.,.F.,.F.,
(4,2,2,2,2,4),(-0.325804226652797,-0.325061225018332,-0.224713981268803,
-0.146551979923422,-0.0740582282082866,0.),.UNSPECIFIED.);
#437=B_SPLINE_CURVE_WITH_KNOTS('',3,(#15714,#15715,#15716,#15717,#15718,
#15719,#15720,#15721,#15722,#15723,#15724,#15725),.UNSPECIFIED.,.F.,.F.,
(4,2,2,2,2,4),(-0.000666077351105619,0.,0.0899581146364762,0.160027864519217,
0.225016208769712,0.291407056470549),.UNSPECIFIED.);
#438=B_SPLINE_CURVE_WITH_KNOTS('',3,(#15726,#15727,#15728,#15729),
 .UNSPECIFIED.,.F.,.F.,(4,4),(0.252139563161391,0.265416365891837),
 .UNSPECIFIED.);
#439=B_SPLINE_CURVE_WITH_KNOTS('',3,(#15764,#15765,#15766,#15767),
 .UNSPECIFIED.,.F.,.F.,(4,4),(0.,0.0141312544167088),.UNSPECIFIED.);
#440=B_SPLINE_CURVE_WITH_KNOTS('',3,(#15775,#15776,#15777,#15778),
 .UNSPECIFIED.,.F.,.F.,(4,4),(0.,0.428423019683654),.UNSPECIFIED.);
#441=B_SPLINE_CURVE_WITH_KNOTS('',3,(#15782,#15783,#15784,#15785),
 .UNSPECIFIED.,.F.,.F.,(4,4),(0.,0.428423019681561),.UNSPECIFIED.);
#442=B_SPLINE_CURVE_WITH_KNOTS('',3,(#15861,#15862,#15863,#15864),
 .UNSPECIFIED.,.F.,.F.,(4,4),(1.17089846819293,1.3097852682903),
 .UNSPECIFIED.);
#443=B_SPLINE_CURVE_WITH_KNOTS('',3,(#15886,#15887,#15888,#15889),
 .UNSPECIFIED.,.F.,.F.,(4,4),(1.33090141734799,1.46978821744536),
 .UNSPECIFIED.);
#444=B_SPLINE_CURVE_WITH_KNOTS('',3,(#15928,#15929,#15930,#15931,#15932,
#15933),.UNSPECIFIED.,.F.,.F.,(4,2,4),(-0.242121730363644,-0.231556628583447,
0.),.UNSPECIFIED.);
#445=B_SPLINE_CURVE_WITH_KNOTS('',3,(#15935,#15936,#15937,#15938,#15939,
#15940,#15941,#15942,#15943,#15944),.UNSPECIFIED.,.F.,.F.,(4,2,2,2,4),(-0.00110230086146127,
0.,0.198385058950337,0.409889766268623,0.60160042637028),.UNSPECIFIED.);
#446=B_SPLINE_CURVE_WITH_KNOTS('',3,(#15946,#15947,#15948,#15949,#15950,
#15951,#15952),.UNSPECIFIED.,.F.,.F.,(4,3,4),(0.772052167266588,0.819874365301392,
0.850923805204158),.UNSPECIFIED.);
#447=B_SPLINE_CURVE_WITH_KNOTS('',3,(#15954,#15955,#15956,#15957),
 .UNSPECIFIED.,.F.,.F.,(4,4),(-1.0904920499545,-0.633622526369993),
 .UNSPECIFIED.);
#448=B_SPLINE_CURVE_WITH_KNOTS('',3,(#15958,#15959,#15960,#15961,#15962,
#15963,#15964,#15965),.UNSPECIFIED.,.F.,.F.,(4,2,2,4),(0.,0.175870868393685,
0.42420114494423,0.522653528777568),.UNSPECIFIED.);
#449=B_SPLINE_CURVE_WITH_KNOTS('',3,(#15992,#15993,#15994,#15995,#15996,
#15997),.UNSPECIFIED.,.F.,.F.,(4,2,4),(1.49916624374873,1.65698094771057,
1.86051661410139),.UNSPECIFIED.);
#450=B_SPLINE_CURVE_WITH_KNOTS('',3,(#16002,#16003,#16004,#16005),
 .UNSPECIFIED.,.F.,.F.,(4,4),(-0.0929601940210272,-0.00112052130226013),
 .UNSPECIFIED.);
#451=B_SPLINE_CURVE_WITH_KNOTS('',3,(#16007,#16008,#16009,#16010,#16011,
#16012,#16013,#16014,#16015,#16016,#16017,#16018,#16019,#16020,#16021,#16022,
#16023,#16024,#16025,#16026,#16027,#16028,#16029,#16030,#16031,#16032),
 .UNSPECIFIED.,.F.,.F.,(4,2,2,2,2,2,2,2,2,2,2,2,4),(0.638861277443671,0.650419613643371,
0.749690899647537,0.803268102158351,0.856845304669166,0.979570979973788,
1.10229665527841,1.22502233058303,1.34774800588765,1.40132520839847,1.45490241090928,
1.55417369691345,1.56573203311315),.UNSPECIFIED.);
#452=B_SPLINE_CURVE_WITH_KNOTS('',3,(#16034,#16035,#16036,#16037),
 .UNSPECIFIED.,.F.,.F.,(4,4),(-0.428460623198616,-0.336770043099588),
 .UNSPECIFIED.);
#453=B_SPLINE_CURVE_WITH_KNOTS('',3,(#16050,#16051,#16052,#16053,#16054,
#16055),.UNSPECIFIED.,.F.,.F.,(4,2,4),(1.86051661410139,2.06405228049221,
2.19251328431003),.UNSPECIFIED.);
#454=B_SPLINE_CURVE_WITH_KNOTS('',3,(#16067,#16068,#16069,#16070),
 .UNSPECIFIED.,.F.,.F.,(4,4),(-0.191110368348227,-0.169777439394256),
 .UNSPECIFIED.);
#455=B_SPLINE_CURVE_WITH_KNOTS('',3,(#16072,#16073,#16074,#16075),
 .UNSPECIFIED.,.F.,.F.,(4,4),(-0.568386079994785,-0.566140324163926),
 .UNSPECIFIED.);
#456=B_SPLINE_CURVE_WITH_KNOTS('',3,(#16079,#16080,#16081,#16082),
 .UNSPECIFIED.,.F.,.F.,(4,4),(-0.141813961939801,-0.139560946486573),
 .UNSPECIFIED.);
#457=B_SPLINE_CURVE_WITH_KNOTS('',3,(#16084,#16085,#16086,#16087,#16088,
#16089),.UNSPECIFIED.,.F.,.F.,(4,2,4),(-0.30986811900883,-0.296894375659221,
-0.288775839528089),.UNSPECIFIED.);
#458=B_SPLINE_CURVE_WITH_KNOTS('',3,(#16092,#16093,#16094,#16095,#16096,
#16097),.UNSPECIFIED.,.F.,.F.,(4,2,4),(0.084428495828857,0.170708115784791,
0.224679701891025),.UNSPECIFIED.);
#459=B_SPLINE_CURVE_WITH_KNOTS('',3,(#16102,#16103,#16104,#16105),
 .UNSPECIFIED.,.F.,.F.,(4,4),(-0.191162434719457,-0.169829520241957),
 .UNSPECIFIED.);
#460=B_SPLINE_CURVE_WITH_KNOTS('',3,(#16106,#16107,#16108,#16109,#16110,
#16111),.UNSPECIFIED.,.F.,.F.,(4,2,4),(3.06423734647391,3.11820893258015,
3.20448855253605),.UNSPECIFIED.);
#461=B_SPLINE_CURVE_WITH_KNOTS('',3,(#16116,#16117,#16118,#16119),
 .UNSPECIFIED.,.F.,.F.,(4,4),(-0.568386079994698,-0.566140324163841),
 .UNSPECIFIED.);
#462=B_SPLINE_CURVE_WITH_KNOTS('',3,(#16123,#16124,#16125,#16126),
 .UNSPECIFIED.,.F.,.F.,(4,4),(-0.141813961939783,-0.139560946486554),
 .UNSPECIFIED.);
#463=B_SPLINE_CURVE_WITH_KNOTS('',3,(#16127,#16128,#16129,#16130,#16131,
#16132),.UNSPECIFIED.,.F.,.F.,(4,2,4),(-0.311460620571803,-0.296471339901574,
-0.290367595646193),.UNSPECIFIED.);
#464=B_SPLINE_CURVE_WITH_KNOTS('',3,(#16140,#16141,#16142,#16143,#16144,
#16145,#16146,#16147,#16148,#16149),.UNSPECIFIED.,.F.,.F.,(4,2,2,2,4),(-0.600998458073616,
-0.599899274201588,-0.402075190857857,-0.191168557743927,0.),
 .UNSPECIFIED.);
#465=B_SPLINE_CURVE_WITH_KNOTS('',3,(#16172,#16173,#16174,#16175),
 .UNSPECIFIED.,.F.,.F.,(4,4),(-0.780022697678163,-0.552577635776222),
 .UNSPECIFIED.);
#466=B_SPLINE_CURVE_WITH_KNOTS('',3,(#16177,#16178,#16179,#16180,#16181,
#16182,#16183,#16184),.UNSPECIFIED.,.F.,.F.,(4,2,2,4),(0.246494859210425,
0.431681155467609,0.654611236043885,0.850664491254058),.UNSPECIFIED.);
#467=B_SPLINE_CURVE_WITH_KNOTS('',3,(#16186,#16187,#16188,#16189),
 .UNSPECIFIED.,.F.,.F.,(4,4),(-2.00706415926829,-1.55019463568379),
 .UNSPECIFIED.);
#468=B_SPLINE_CURVE_WITH_KNOTS('',3,(#16190,#16191,#16192,#16193,#16194,
#16195,#16196),.UNSPECIFIED.,.F.,.F.,(4,3,4),(0.,0.0384926799609566,0.0595105037780371),
 .UNSPECIFIED.);
#469=B_SPLINE_CURVE_WITH_KNOTS('',3,(#16280,#16281,#16282,#16283),
 .UNSPECIFIED.,.F.,.F.,(4,4),(-0.428843827834759,0.),.UNSPECIFIED.);
#470=B_SPLINE_CURVE_WITH_KNOTS('',3,(#16286,#16287,#16288,#16289),
 .UNSPECIFIED.,.F.,.F.,(4,4),(-0.428800519928333,0.),.UNSPECIFIED.);
#471=PLANE('',#8675);
#472=PLANE('',#8679);
#473=PLANE('',#8683);
#474=PLANE('',#8686);
#475=PLANE('',#8693);
#476=PLANE('',#8695);
#477=PLANE('',#8702);
#478=PLANE('',#8703);
#479=PLANE('',#8705);
#480=PLANE('',#8709);
#481=PLANE('',#8713);
#482=PLANE('',#8714);
#483=PLANE('',#8719);
#484=PLANE('',#8721);
#485=PLANE('',#8725);
#486=PLANE('',#8729);
#487=PLANE('',#8730);
#488=PLANE('',#8734);
#489=PLANE('',#8743);
#490=PLANE('',#8750);
#491=PLANE('',#8753);
#492=PLANE('',#8755);
#493=PLANE('',#8759);
#494=PLANE('',#8783);
#495=PLANE('',#8796);
#496=PLANE('',#8797);
#497=PLANE('',#8798);
#498=PLANE('',#8803);
#499=PLANE('',#8804);
#500=PLANE('',#8807);
#501=PLANE('',#8817);
#502=PLANE('',#8825);
#503=PLANE('',#8831);
#504=PLANE('',#8834);
#505=PLANE('',#8837);
#506=PLANE('',#8851);
#507=PLANE('',#8853);
#508=PLANE('',#8860);
#509=PLANE('',#8861);
#510=PLANE('',#8862);
#511=PLANE('',#8863);
#512=PLANE('',#8864);
#513=PLANE('',#8865);
#514=PLANE('',#8866);
#515=PLANE('',#8867);
#516=PLANE('',#8868);
#517=PLANE('',#8869);
#518=PLANE('',#8870);
#519=PLANE('',#8876);
#520=PLANE('',#8884);
#521=PLANE('',#8888);
#522=PLANE('',#8889);
#523=PLANE('',#8890);
#524=PLANE('',#8891);
#525=PLANE('',#8892);
#526=PLANE('',#8894);
#527=PLANE('',#8896);
#528=PLANE('',#8897);
#529=PLANE('',#8898);
#530=PLANE('',#8899);
#531=PLANE('',#8900);
#532=PLANE('',#8905);
#533=PLANE('',#8914);
#534=PLANE('',#8934);
#535=PLANE('',#8937);
#536=PLANE('',#8940);
#537=PLANE('',#8943);
#538=PLANE('',#8950);
#539=PLANE('',#8956);
#540=PLANE('',#8958);
#541=PLANE('',#8963);
#542=PLANE('',#8964);
#543=PLANE('',#8965);
#544=PLANE('',#8969);
#545=PLANE('',#8971);
#546=PLANE('',#8975);
#547=PLANE('',#8978);
#548=PLANE('',#8979);
#549=PLANE('',#8983);
#550=PLANE('',#8992);
#551=PLANE('',#8998);
#552=PLANE('',#9001);
#553=PLANE('',#9003);
#554=PLANE('',#9025);
#555=PLANE('',#9038);
#556=PLANE('',#9039);
#557=PLANE('',#9040);
#558=PLANE('',#9045);
#559=PLANE('',#9046);
#560=PLANE('',#9049);
#561=PLANE('',#9059);
#562=PLANE('',#9067);
#563=PLANE('',#9073);
#564=PLANE('',#9076);
#565=PLANE('',#9079);
#566=PLANE('',#9093);
#567=PLANE('',#9095);
#568=PLANE('',#9102);
#569=PLANE('',#9103);
#570=PLANE('',#9104);
#571=PLANE('',#9105);
#572=PLANE('',#9106);
#573=PLANE('',#9107);
#574=PLANE('',#9108);
#575=PLANE('',#9109);
#576=PLANE('',#9110);
#577=PLANE('',#9111);
#578=PLANE('',#9112);
#579=PLANE('',#9118);
#580=PLANE('',#9125);
#581=PLANE('',#9129);
#582=PLANE('',#9130);
#583=PLANE('',#9131);
#584=PLANE('',#9132);
#585=PLANE('',#9135);
#586=PLANE('',#9138);
#587=PLANE('',#9140);
#588=PLANE('',#9142);
#589=PLANE('',#9143);
#590=PLANE('',#9144);
#591=PLANE('',#9149);
#592=PLANE('',#9161);
#593=PLANE('',#9165);
#594=PLANE('',#9168);
#595=PLANE('',#9172);
#596=PLANE('',#9179);
#597=PLANE('',#9181);
#598=PLANE('',#9188);
#599=PLANE('',#9190);
#600=PLANE('',#9207);
#601=PLANE('',#9208);
#602=PLANE('',#9211);
#603=PLANE('',#9214);
#604=PLANE('',#9215);
#605=PLANE('',#9216);
#606=PLANE('',#9217);
#607=PLANE('',#9218);
#608=PLANE('',#9219);
#609=PLANE('',#9220);
#610=PLANE('',#9221);
#611=PLANE('',#9224);
#612=PLANE('',#9225);
#613=PLANE('',#9226);
#614=PLANE('',#9229);
#615=PLANE('',#9230);
#616=PLANE('',#9233);
#617=PLANE('',#9236);
#618=PLANE('',#9242);
#619=PLANE('',#9248);
#620=PLANE('',#9253);
#621=PLANE('',#9262);
#622=PLANE('',#9272);
#623=PLANE('',#9280);
#624=PLANE('',#9286);
#625=PLANE('',#9293);
#626=PLANE('',#9294);
#627=PLANE('',#9295);
#628=PLANE('',#9296);
#629=PLANE('',#9297);
#630=PLANE('',#9298);
#631=PLANE('',#9299);
#632=PLANE('',#9300);
#633=PLANE('',#9306);
#634=PLANE('',#9314);
#635=PLANE('',#9318);
#636=PLANE('',#9319);
#637=PLANE('',#9320);
#638=PLANE('',#9321);
#639=PLANE('',#9322);
#640=PLANE('',#9324);
#641=PLANE('',#9327);
#642=PLANE('',#9328);
#643=PLANE('',#9330);
#644=PLANE('',#9331);
#645=PLANE('',#9336);
#646=PLANE('',#9348);
#647=PLANE('',#9350);
#648=PLANE('',#9370);
#649=PLANE('',#9373);
#650=PLANE('',#9376);
#651=PLANE('',#9379);
#652=PLANE('',#9384);
#653=PLANE('',#9386);
#654=PLANE('',#9391);
#655=PLANE('',#9393);
#656=PLANE('',#9410);
#657=PLANE('',#9411);
#658=PLANE('',#9414);
#659=PLANE('',#9417);
#660=PLANE('',#9418);
#661=PLANE('',#9419);
#662=PLANE('',#9420);
#663=PLANE('',#9421);
#664=PLANE('',#9422);
#665=PLANE('',#9423);
#666=PLANE('',#9424);
#667=PLANE('',#9427);
#668=PLANE('',#9428);
#669=PLANE('',#9429);
#670=PLANE('',#9432);
#671=PLANE('',#9433);
#672=PLANE('',#9436);
#673=PLANE('',#9439);
#674=PLANE('',#9444);
#675=PLANE('',#9449);
#676=PLANE('',#9456);
#677=PLANE('',#9466);
#678=PLANE('',#9474);
#679=PLANE('',#9480);
#680=PLANE('',#9487);
#681=PLANE('',#9488);
#682=PLANE('',#9489);
#683=PLANE('',#9490);
#684=PLANE('',#9491);
#685=PLANE('',#9492);
#686=PLANE('',#9493);
#687=PLANE('',#9494);
#688=PLANE('',#9500);
#689=PLANE('',#9507);
#690=PLANE('',#9511);
#691=PLANE('',#9512);
#692=PLANE('',#9513);
#693=PLANE('',#9514);
#694=PLANE('',#9517);
#695=PLANE('',#9520);
#696=PLANE('',#9522);
#697=PLANE('',#9524);
#698=PLANE('',#9525);
#699=PLANE('',#9530);
#700=FACE_OUTER_BOUND('',#1181,.T.);
#701=FACE_OUTER_BOUND('',#1182,.T.);
#702=FACE_OUTER_BOUND('',#1183,.T.);
#703=FACE_OUTER_BOUND('',#1184,.T.);
#704=FACE_OUTER_BOUND('',#1185,.T.);
#705=FACE_OUTER_BOUND('',#1186,.T.);
#706=FACE_OUTER_BOUND('',#1187,.T.);
#707=FACE_OUTER_BOUND('',#1188,.T.);
#708=FACE_OUTER_BOUND('',#1189,.T.);
#709=FACE_OUTER_BOUND('',#1190,.T.);
#710=FACE_OUTER_BOUND('',#1191,.T.);
#711=FACE_OUTER_BOUND('',#1193,.T.);
#712=FACE_OUTER_BOUND('',#1194,.T.);
#713=FACE_OUTER_BOUND('',#1195,.T.);
#714=FACE_OUTER_BOUND('',#1196,.T.);
#715=FACE_OUTER_BOUND('',#1197,.T.);
#716=FACE_OUTER_BOUND('',#1199,.T.);
#717=FACE_OUTER_BOUND('',#1200,.T.);
#718=FACE_OUTER_BOUND('',#1201,.T.);
#719=FACE_OUTER_BOUND('',#1202,.T.);
#720=FACE_OUTER_BOUND('',#1203,.T.);
#721=FACE_OUTER_BOUND('',#1204,.T.);
#722=FACE_OUTER_BOUND('',#1206,.T.);
#723=FACE_OUTER_BOUND('',#1207,.T.);
#724=FACE_OUTER_BOUND('',#1208,.T.);
#725=FACE_OUTER_BOUND('',#1209,.T.);
#726=FACE_OUTER_BOUND('',#1210,.T.);
#727=FACE_OUTER_BOUND('',#1211,.T.);
#728=FACE_OUTER_BOUND('',#1212,.T.);
#729=FACE_OUTER_BOUND('',#1214,.T.);
#730=FACE_OUTER_BOUND('',#1215,.T.);
#731=FACE_OUTER_BOUND('',#1216,.T.);
#732=FACE_OUTER_BOUND('',#1217,.T.);
#733=FACE_OUTER_BOUND('',#1218,.T.);
#734=FACE_OUTER_BOUND('',#1219,.T.);
#735=FACE_OUTER_BOUND('',#1220,.T.);
#736=FACE_OUTER_BOUND('',#1221,.T.);
#737=FACE_OUTER_BOUND('',#1222,.T.);
#738=FACE_OUTER_BOUND('',#1223,.T.);
#739=FACE_OUTER_BOUND('',#1224,.T.);
#740=FACE_OUTER_BOUND('',#1226,.T.);
#741=FACE_OUTER_BOUND('',#1227,.T.);
#742=FACE_OUTER_BOUND('',#1228,.T.);
#743=FACE_OUTER_BOUND('',#1235,.T.);
#744=FACE_OUTER_BOUND('',#1236,.T.);
#745=FACE_OUTER_BOUND('',#1237,.T.);
#746=FACE_OUTER_BOUND('',#1238,.T.);
#747=FACE_OUTER_BOUND('',#1239,.T.);
#748=FACE_OUTER_BOUND('',#1240,.T.);
#749=FACE_OUTER_BOUND('',#1241,.T.);
#750=FACE_OUTER_BOUND('',#1242,.T.);
#751=FACE_OUTER_BOUND('',#1243,.T.);
#752=FACE_OUTER_BOUND('',#1244,.T.);
#753=FACE_OUTER_BOUND('',#1245,.T.);
#754=FACE_OUTER_BOUND('',#1246,.T.);
#755=FACE_OUTER_BOUND('',#1247,.T.);
#756=FACE_OUTER_BOUND('',#1248,.T.);
#757=FACE_OUTER_BOUND('',#1249,.T.);
#758=FACE_OUTER_BOUND('',#1250,.T.);
#759=FACE_OUTER_BOUND('',#1251,.T.);
#760=FACE_OUTER_BOUND('',#1252,.T.);
#761=FACE_OUTER_BOUND('',#1253,.T.);
#762=FACE_OUTER_BOUND('',#1254,.T.);
#763=FACE_OUTER_BOUND('',#1255,.T.);
#764=FACE_OUTER_BOUND('',#1256,.T.);
#765=FACE_OUTER_BOUND('',#1257,.T.);
#766=FACE_OUTER_BOUND('',#1258,.T.);
#767=FACE_OUTER_BOUND('',#1259,.T.);
#768=FACE_OUTER_BOUND('',#1260,.T.);
#769=FACE_OUTER_BOUND('',#1261,.T.);
#770=FACE_OUTER_BOUND('',#1262,.T.);
#771=FACE_OUTER_BOUND('',#1263,.T.);
#772=FACE_OUTER_BOUND('',#1264,.T.);
#773=FACE_OUTER_BOUND('',#1265,.T.);
#774=FACE_OUTER_BOUND('',#1266,.T.);
#775=FACE_OUTER_BOUND('',#1267,.T.);
#776=FACE_OUTER_BOUND('',#1268,.T.);
#777=FACE_OUTER_BOUND('',#1269,.T.);
#778=FACE_OUTER_BOUND('',#1270,.T.);
#779=FACE_OUTER_BOUND('',#1271,.T.);
#780=FACE_OUTER_BOUND('',#1272,.T.);
#781=FACE_OUTER_BOUND('',#1273,.T.);
#782=FACE_OUTER_BOUND('',#1274,.T.);
#783=FACE_OUTER_BOUND('',#1275,.T.);
#784=FACE_OUTER_BOUND('',#1276,.T.);
#785=FACE_OUTER_BOUND('',#1277,.T.);
#786=FACE_OUTER_BOUND('',#1278,.T.);
#787=FACE_OUTER_BOUND('',#1279,.T.);
#788=FACE_OUTER_BOUND('',#1280,.T.);
#789=FACE_OUTER_BOUND('',#1282,.T.);
#790=FACE_OUTER_BOUND('',#1283,.T.);
#791=FACE_OUTER_BOUND('',#1284,.T.);
#792=FACE_OUTER_BOUND('',#1285,.T.);
#793=FACE_OUTER_BOUND('',#1286,.T.);
#794=FACE_OUTER_BOUND('',#1287,.T.);
#795=FACE_OUTER_BOUND('',#1288,.T.);
#796=FACE_OUTER_BOUND('',#1289,.T.);
#797=FACE_OUTER_BOUND('',#1290,.T.);
#798=FACE_OUTER_BOUND('',#1291,.T.);
#799=FACE_OUTER_BOUND('',#1292,.T.);
#800=FACE_OUTER_BOUND('',#1293,.T.);
#801=FACE_OUTER_BOUND('',#1294,.T.);
#802=FACE_OUTER_BOUND('',#1295,.T.);
#803=FACE_OUTER_BOUND('',#1296,.T.);
#804=FACE_OUTER_BOUND('',#1297,.T.);
#805=FACE_OUTER_BOUND('',#1298,.T.);
#806=FACE_OUTER_BOUND('',#1299,.T.);
#807=FACE_OUTER_BOUND('',#1300,.T.);
#808=FACE_OUTER_BOUND('',#1301,.T.);
#809=FACE_OUTER_BOUND('',#1302,.T.);
#810=FACE_OUTER_BOUND('',#1303,.T.);
#811=FACE_OUTER_BOUND('',#1305,.T.);
#812=FACE_OUTER_BOUND('',#1306,.T.);
#813=FACE_OUTER_BOUND('',#1308,.T.);
#814=FACE_OUTER_BOUND('',#1309,.T.);
#815=FACE_OUTER_BOUND('',#1310,.T.);
#816=FACE_OUTER_BOUND('',#1311,.T.);
#817=FACE_OUTER_BOUND('',#1312,.T.);
#818=FACE_OUTER_BOUND('',#1313,.T.);
#819=FACE_OUTER_BOUND('',#1314,.T.);
#820=FACE_OUTER_BOUND('',#1315,.T.);
#821=FACE_OUTER_BOUND('',#1316,.T.);
#822=FACE_OUTER_BOUND('',#1317,.T.);
#823=FACE_OUTER_BOUND('',#1318,.T.);
#824=FACE_OUTER_BOUND('',#1319,.T.);
#825=FACE_OUTER_BOUND('',#1320,.T.);
#826=FACE_OUTER_BOUND('',#1321,.T.);
#827=FACE_OUTER_BOUND('',#1323,.T.);
#828=FACE_OUTER_BOUND('',#1324,.T.);
#829=FACE_OUTER_BOUND('',#1325,.T.);
#830=FACE_OUTER_BOUND('',#1327,.T.);
#831=FACE_OUTER_BOUND('',#1328,.T.);
#832=FACE_OUTER_BOUND('',#1329,.T.);
#833=FACE_OUTER_BOUND('',#1330,.T.);
#834=FACE_OUTER_BOUND('',#1331,.T.);
#835=FACE_OUTER_BOUND('',#1332,.T.);
#836=FACE_OUTER_BOUND('',#1338,.T.);
#837=FACE_OUTER_BOUND('',#1339,.T.);
#838=FACE_OUTER_BOUND('',#1340,.T.);
#839=FACE_OUTER_BOUND('',#1341,.T.);
#840=FACE_OUTER_BOUND('',#1342,.T.);
#841=FACE_OUTER_BOUND('',#1343,.T.);
#842=FACE_OUTER_BOUND('',#1344,.T.);
#843=FACE_OUTER_BOUND('',#1345,.T.);
#844=FACE_OUTER_BOUND('',#1346,.T.);
#845=FACE_OUTER_BOUND('',#1347,.T.);
#846=FACE_OUTER_BOUND('',#1348,.T.);
#847=FACE_OUTER_BOUND('',#1349,.T.);
#848=FACE_OUTER_BOUND('',#1350,.T.);
#849=FACE_OUTER_BOUND('',#1351,.T.);
#850=FACE_OUTER_BOUND('',#1353,.T.);
#851=FACE_OUTER_BOUND('',#1354,.T.);
#852=FACE_OUTER_BOUND('',#1355,.T.);
#853=FACE_OUTER_BOUND('',#1356,.T.);
#854=FACE_OUTER_BOUND('',#1358,.T.);
#855=FACE_OUTER_BOUND('',#1359,.T.);
#856=FACE_OUTER_BOUND('',#1360,.T.);
#857=FACE_OUTER_BOUND('',#1361,.T.);
#858=FACE_OUTER_BOUND('',#1362,.T.);
#859=FACE_OUTER_BOUND('',#1363,.T.);
#860=FACE_OUTER_BOUND('',#1364,.T.);
#861=FACE_OUTER_BOUND('',#1365,.T.);
#862=FACE_OUTER_BOUND('',#1366,.T.);
#863=FACE_OUTER_BOUND('',#1368,.T.);
#864=FACE_OUTER_BOUND('',#1369,.T.);
#865=FACE_OUTER_BOUND('',#1370,.T.);
#866=FACE_OUTER_BOUND('',#1371,.T.);
#867=FACE_OUTER_BOUND('',#1372,.T.);
#868=FACE_OUTER_BOUND('',#1373,.T.);
#869=FACE_OUTER_BOUND('',#1374,.T.);
#870=FACE_OUTER_BOUND('',#1375,.T.);
#871=FACE_OUTER_BOUND('',#1376,.T.);
#872=FACE_OUTER_BOUND('',#1377,.T.);
#873=FACE_OUTER_BOUND('',#1378,.T.);
#874=FACE_OUTER_BOUND('',#1380,.T.);
#875=FACE_OUTER_BOUND('',#1381,.T.);
#876=FACE_OUTER_BOUND('',#1382,.T.);
#877=FACE_OUTER_BOUND('',#1383,.T.);
#878=FACE_OUTER_BOUND('',#1384,.T.);
#879=FACE_OUTER_BOUND('',#1385,.T.);
#880=FACE_OUTER_BOUND('',#1386,.T.);
#881=FACE_OUTER_BOUND('',#1387,.T.);
#882=FACE_OUTER_BOUND('',#1388,.T.);
#883=FACE_OUTER_BOUND('',#1389,.T.);
#884=FACE_OUTER_BOUND('',#1390,.T.);
#885=FACE_OUTER_BOUND('',#1391,.T.);
#886=FACE_OUTER_BOUND('',#1392,.T.);
#887=FACE_OUTER_BOUND('',#1393,.T.);
#888=FACE_OUTER_BOUND('',#1394,.T.);
#889=FACE_OUTER_BOUND('',#1395,.T.);
#890=FACE_OUTER_BOUND('',#1396,.T.);
#891=FACE_OUTER_BOUND('',#1397,.T.);
#892=FACE_OUTER_BOUND('',#1398,.T.);
#893=FACE_OUTER_BOUND('',#1399,.T.);
#894=FACE_OUTER_BOUND('',#1400,.T.);
#895=FACE_OUTER_BOUND('',#1401,.T.);
#896=FACE_OUTER_BOUND('',#1402,.T.);
#897=FACE_OUTER_BOUND('',#1403,.T.);
#898=FACE_OUTER_BOUND('',#1404,.T.);
#899=FACE_OUTER_BOUND('',#1405,.T.);
#900=FACE_OUTER_BOUND('',#1406,.T.);
#901=FACE_OUTER_BOUND('',#1407,.T.);
#902=FACE_OUTER_BOUND('',#1408,.T.);
#903=FACE_OUTER_BOUND('',#1409,.T.);
#904=FACE_OUTER_BOUND('',#1410,.T.);
#905=FACE_OUTER_BOUND('',#1411,.T.);
#906=FACE_OUTER_BOUND('',#1412,.T.);
#907=FACE_OUTER_BOUND('',#1413,.T.);
#908=FACE_OUTER_BOUND('',#1414,.T.);
#909=FACE_OUTER_BOUND('',#1415,.T.);
#910=FACE_OUTER_BOUND('',#1416,.T.);
#911=FACE_OUTER_BOUND('',#1417,.T.);
#912=FACE_OUTER_BOUND('',#1418,.T.);
#913=FACE_OUTER_BOUND('',#1419,.T.);
#914=FACE_OUTER_BOUND('',#1420,.T.);
#915=FACE_OUTER_BOUND('',#1421,.T.);
#916=FACE_OUTER_BOUND('',#1422,.T.);
#917=FACE_OUTER_BOUND('',#1423,.T.);
#918=FACE_OUTER_BOUND('',#1424,.T.);
#919=FACE_OUTER_BOUND('',#1425,.T.);
#920=FACE_OUTER_BOUND('',#1426,.T.);
#921=FACE_OUTER_BOUND('',#1427,.T.);
#922=FACE_OUTER_BOUND('',#1429,.T.);
#923=FACE_OUTER_BOUND('',#1430,.T.);
#924=FACE_OUTER_BOUND('',#1431,.T.);
#925=FACE_OUTER_BOUND('',#1432,.T.);
#926=FACE_OUTER_BOUND('',#1433,.T.);
#927=FACE_OUTER_BOUND('',#1434,.T.);
#928=FACE_OUTER_BOUND('',#1435,.T.);
#929=FACE_OUTER_BOUND('',#1436,.T.);
#930=FACE_OUTER_BOUND('',#1437,.T.);
#931=FACE_OUTER_BOUND('',#1438,.T.);
#932=FACE_OUTER_BOUND('',#1439,.T.);
#933=FACE_OUTER_BOUND('',#1440,.T.);
#934=FACE_OUTER_BOUND('',#1441,.T.);
#935=FACE_OUTER_BOUND('',#1442,.T.);
#936=FACE_OUTER_BOUND('',#1443,.T.);
#937=FACE_OUTER_BOUND('',#1444,.T.);
#938=FACE_OUTER_BOUND('',#1445,.T.);
#939=FACE_OUTER_BOUND('',#1446,.T.);
#940=FACE_OUTER_BOUND('',#1447,.T.);
#941=FACE_OUTER_BOUND('',#1448,.T.);
#942=FACE_OUTER_BOUND('',#1449,.T.);
#943=FACE_OUTER_BOUND('',#1450,.T.);
#944=FACE_OUTER_BOUND('',#1452,.T.);
#945=FACE_OUTER_BOUND('',#1453,.T.);
#946=FACE_OUTER_BOUND('',#1455,.T.);
#947=FACE_OUTER_BOUND('',#1456,.T.);
#948=FACE_OUTER_BOUND('',#1457,.T.);
#949=FACE_OUTER_BOUND('',#1458,.T.);
#950=FACE_OUTER_BOUND('',#1459,.T.);
#951=FACE_OUTER_BOUND('',#1460,.T.);
#952=FACE_OUTER_BOUND('',#1461,.T.);
#953=FACE_OUTER_BOUND('',#1462,.T.);
#954=FACE_OUTER_BOUND('',#1463,.T.);
#955=FACE_OUTER_BOUND('',#1464,.T.);
#956=FACE_OUTER_BOUND('',#1465,.T.);
#957=FACE_OUTER_BOUND('',#1466,.T.);
#958=FACE_OUTER_BOUND('',#1467,.T.);
#959=FACE_OUTER_BOUND('',#1468,.T.);
#960=FACE_OUTER_BOUND('',#1469,.T.);
#961=FACE_OUTER_BOUND('',#1471,.T.);
#962=FACE_OUTER_BOUND('',#1472,.T.);
#963=FACE_OUTER_BOUND('',#1473,.T.);
#964=FACE_OUTER_BOUND('',#1475,.T.);
#965=FACE_OUTER_BOUND('',#1476,.T.);
#966=FACE_OUTER_BOUND('',#1477,.T.);
#967=FACE_OUTER_BOUND('',#1478,.T.);
#968=FACE_OUTER_BOUND('',#1479,.T.);
#969=FACE_OUTER_BOUND('',#1480,.T.);
#970=FACE_OUTER_BOUND('',#1481,.T.);
#971=FACE_OUTER_BOUND('',#1482,.T.);
#972=FACE_OUTER_BOUND('',#1483,.T.);
#973=FACE_OUTER_BOUND('',#1484,.T.);
#974=FACE_OUTER_BOUND('',#1485,.T.);
#975=FACE_OUTER_BOUND('',#1486,.T.);
#976=FACE_OUTER_BOUND('',#1487,.T.);
#977=FACE_OUTER_BOUND('',#1488,.T.);
#978=FACE_OUTER_BOUND('',#1489,.T.);
#979=FACE_OUTER_BOUND('',#1490,.T.);
#980=FACE_OUTER_BOUND('',#1492,.T.);
#981=FACE_OUTER_BOUND('',#1493,.T.);
#982=FACE_OUTER_BOUND('',#1494,.T.);
#983=FACE_OUTER_BOUND('',#1495,.T.);
#984=FACE_OUTER_BOUND('',#1497,.T.);
#985=FACE_OUTER_BOUND('',#1498,.T.);
#986=FACE_OUTER_BOUND('',#1499,.T.);
#987=FACE_OUTER_BOUND('',#1500,.T.);
#988=FACE_OUTER_BOUND('',#1501,.T.);
#989=FACE_OUTER_BOUND('',#1502,.T.);
#990=FACE_OUTER_BOUND('',#1503,.T.);
#991=FACE_OUTER_BOUND('',#1504,.T.);
#992=FACE_OUTER_BOUND('',#1505,.T.);
#993=FACE_OUTER_BOUND('',#1506,.T.);
#994=FACE_OUTER_BOUND('',#1507,.T.);
#995=FACE_OUTER_BOUND('',#1508,.T.);
#996=FACE_OUTER_BOUND('',#1509,.T.);
#997=FACE_OUTER_BOUND('',#1510,.T.);
#998=FACE_OUTER_BOUND('',#1511,.T.);
#999=FACE_OUTER_BOUND('',#1512,.T.);
#1000=FACE_OUTER_BOUND('',#1513,.T.);
#1001=FACE_OUTER_BOUND('',#1514,.T.);
#1002=FACE_OUTER_BOUND('',#1515,.T.);
#1003=FACE_OUTER_BOUND('',#1516,.T.);
#1004=FACE_OUTER_BOUND('',#1518,.T.);
#1005=FACE_OUTER_BOUND('',#1519,.T.);
#1006=FACE_OUTER_BOUND('',#1520,.T.);
#1007=FACE_OUTER_BOUND('',#1522,.T.);
#1008=FACE_OUTER_BOUND('',#1523,.T.);
#1009=FACE_OUTER_BOUND('',#1524,.T.);
#1010=FACE_OUTER_BOUND('',#1525,.T.);
#1011=FACE_OUTER_BOUND('',#1526,.T.);
#1012=FACE_OUTER_BOUND('',#1527,.T.);
#1013=FACE_OUTER_BOUND('',#1528,.T.);
#1014=FACE_OUTER_BOUND('',#1529,.T.);
#1015=FACE_OUTER_BOUND('',#1530,.T.);
#1016=FACE_OUTER_BOUND('',#1531,.T.);
#1017=FACE_OUTER_BOUND('',#1532,.T.);
#1018=FACE_OUTER_BOUND('',#1533,.T.);
#1019=FACE_OUTER_BOUND('',#1534,.T.);
#1020=FACE_OUTER_BOUND('',#1535,.T.);
#1021=FACE_OUTER_BOUND('',#1536,.T.);
#1022=FACE_OUTER_BOUND('',#1537,.T.);
#1023=FACE_OUTER_BOUND('',#1538,.T.);
#1024=FACE_OUTER_BOUND('',#1544,.T.);
#1025=FACE_OUTER_BOUND('',#1545,.T.);
#1026=FACE_OUTER_BOUND('',#1546,.T.);
#1027=FACE_OUTER_BOUND('',#1547,.T.);
#1028=FACE_OUTER_BOUND('',#1548,.T.);
#1029=FACE_OUTER_BOUND('',#1549,.T.);
#1030=FACE_OUTER_BOUND('',#1550,.T.);
#1031=FACE_OUTER_BOUND('',#1551,.T.);
#1032=FACE_OUTER_BOUND('',#1552,.T.);
#1033=FACE_OUTER_BOUND('',#1553,.T.);
#1034=FACE_OUTER_BOUND('',#1554,.T.);
#1035=FACE_OUTER_BOUND('',#1555,.T.);
#1036=FACE_OUTER_BOUND('',#1556,.T.);
#1037=FACE_OUTER_BOUND('',#1557,.T.);
#1038=FACE_OUTER_BOUND('',#1558,.T.);
#1039=FACE_OUTER_BOUND('',#1559,.T.);
#1040=FACE_OUTER_BOUND('',#1560,.T.);
#1041=FACE_OUTER_BOUND('',#1561,.T.);
#1042=FACE_OUTER_BOUND('',#1562,.T.);
#1043=FACE_OUTER_BOUND('',#1563,.T.);
#1044=FACE_OUTER_BOUND('',#1564,.T.);
#1045=FACE_OUTER_BOUND('',#1565,.T.);
#1046=FACE_OUTER_BOUND('',#1566,.T.);
#1047=FACE_OUTER_BOUND('',#1567,.T.);
#1048=FACE_OUTER_BOUND('',#1568,.T.);
#1049=FACE_OUTER_BOUND('',#1569,.T.);
#1050=FACE_OUTER_BOUND('',#1571,.T.);
#1051=FACE_OUTER_BOUND('',#1572,.T.);
#1052=FACE_OUTER_BOUND('',#1574,.T.);
#1053=FACE_OUTER_BOUND('',#1575,.T.);
#1054=FACE_OUTER_BOUND('',#1576,.T.);
#1055=FACE_OUTER_BOUND('',#1577,.T.);
#1056=FACE_OUTER_BOUND('',#1578,.T.);
#1057=FACE_OUTER_BOUND('',#1579,.T.);
#1058=FACE_OUTER_BOUND('',#1580,.T.);
#1059=FACE_OUTER_BOUND('',#1581,.T.);
#1060=FACE_OUTER_BOUND('',#1582,.T.);
#1061=FACE_OUTER_BOUND('',#1583,.T.);
#1062=FACE_OUTER_BOUND('',#1584,.T.);
#1063=FACE_OUTER_BOUND('',#1585,.T.);
#1064=FACE_OUTER_BOUND('',#1586,.T.);
#1065=FACE_OUTER_BOUND('',#1587,.T.);
#1066=FACE_OUTER_BOUND('',#1589,.T.);
#1067=FACE_OUTER_BOUND('',#1590,.T.);
#1068=FACE_OUTER_BOUND('',#1591,.T.);
#1069=FACE_OUTER_BOUND('',#1593,.T.);
#1070=FACE_OUTER_BOUND('',#1594,.T.);
#1071=FACE_OUTER_BOUND('',#1595,.T.);
#1072=FACE_OUTER_BOUND('',#1596,.T.);
#1073=FACE_OUTER_BOUND('',#1597,.T.);
#1074=FACE_OUTER_BOUND('',#1598,.T.);
#1075=FACE_OUTER_BOUND('',#1599,.T.);
#1076=FACE_OUTER_BOUND('',#1600,.T.);
#1077=FACE_OUTER_BOUND('',#1606,.T.);
#1078=FACE_OUTER_BOUND('',#1607,.T.);
#1079=FACE_OUTER_BOUND('',#1608,.T.);
#1080=FACE_OUTER_BOUND('',#1609,.T.);
#1081=FACE_OUTER_BOUND('',#1610,.T.);
#1082=FACE_OUTER_BOUND('',#1611,.T.);
#1083=FACE_OUTER_BOUND('',#1612,.T.);
#1084=FACE_OUTER_BOUND('',#1613,.T.);
#1085=FACE_OUTER_BOUND('',#1614,.T.);
#1086=FACE_OUTER_BOUND('',#1615,.T.);
#1087=FACE_OUTER_BOUND('',#1616,.T.);
#1088=FACE_OUTER_BOUND('',#1618,.T.);
#1089=FACE_OUTER_BOUND('',#1619,.T.);
#1090=FACE_OUTER_BOUND('',#1620,.T.);
#1091=FACE_OUTER_BOUND('',#1621,.T.);
#1092=FACE_OUTER_BOUND('',#1623,.T.);
#1093=FACE_OUTER_BOUND('',#1624,.T.);
#1094=FACE_OUTER_BOUND('',#1625,.T.);
#1095=FACE_OUTER_BOUND('',#1626,.T.);
#1096=FACE_OUTER_BOUND('',#1627,.T.);
#1097=FACE_OUTER_BOUND('',#1628,.T.);
#1098=FACE_OUTER_BOUND('',#1629,.T.);
#1099=FACE_OUTER_BOUND('',#1630,.T.);
#1100=FACE_OUTER_BOUND('',#1631,.T.);
#1101=FACE_OUTER_BOUND('',#1632,.T.);
#1102=FACE_OUTER_BOUND('',#1633,.T.);
#1103=FACE_OUTER_BOUND('',#1634,.T.);
#1104=FACE_OUTER_BOUND('',#1635,.T.);
#1105=FACE_OUTER_BOUND('',#1636,.T.);
#1106=FACE_OUTER_BOUND('',#1637,.T.);
#1107=FACE_OUTER_BOUND('',#1638,.T.);
#1108=FACE_OUTER_BOUND('',#1639,.T.);
#1109=FACE_OUTER_BOUND('',#1640,.T.);
#1110=FACE_OUTER_BOUND('',#1641,.T.);
#1111=FACE_OUTER_BOUND('',#1642,.T.);
#1112=FACE_OUTER_BOUND('',#1644,.T.);
#1113=FACE_OUTER_BOUND('',#1645,.T.);
#1114=FACE_OUTER_BOUND('',#1646,.T.);
#1115=FACE_OUTER_BOUND('',#1648,.T.);
#1116=FACE_OUTER_BOUND('',#1649,.T.);
#1117=FACE_OUTER_BOUND('',#1650,.T.);
#1118=FACE_OUTER_BOUND('',#1651,.T.);
#1119=FACE_OUTER_BOUND('',#1652,.T.);
#1120=FACE_OUTER_BOUND('',#1653,.T.);
#1121=FACE_OUTER_BOUND('',#1654,.T.);
#1122=FACE_OUTER_BOUND('',#1655,.T.);
#1123=FACE_OUTER_BOUND('',#1656,.T.);
#1124=FACE_OUTER_BOUND('',#1657,.T.);
#1125=FACE_OUTER_BOUND('',#1658,.T.);
#1126=FACE_OUTER_BOUND('',#1659,.T.);
#1127=FACE_OUTER_BOUND('',#1660,.T.);
#1128=FACE_OUTER_BOUND('',#1661,.T.);
#1129=FACE_OUTER_BOUND('',#1662,.T.);
#1130=FACE_OUTER_BOUND('',#1663,.T.);
#1131=FACE_OUTER_BOUND('',#1664,.T.);
#1132=FACE_OUTER_BOUND('',#1665,.T.);
#1133=FACE_OUTER_BOUND('',#1666,.T.);
#1134=FACE_OUTER_BOUND('',#1667,.T.);
#1135=FACE_OUTER_BOUND('',#1668,.T.);
#1136=FACE_OUTER_BOUND('',#1669,.T.);
#1137=FACE_OUTER_BOUND('',#1670,.T.);
#1138=FACE_OUTER_BOUND('',#1671,.T.);
#1139=FACE_OUTER_BOUND('',#1672,.T.);
#1140=FACE_OUTER_BOUND('',#1673,.T.);
#1141=FACE_OUTER_BOUND('',#1674,.T.);
#1142=FACE_OUTER_BOUND('',#1675,.T.);
#1143=FACE_OUTER_BOUND('',#1676,.T.);
#1144=FACE_OUTER_BOUND('',#1677,.T.);
#1145=FACE_OUTER_BOUND('',#1678,.T.);
#1146=FACE_OUTER_BOUND('',#1679,.T.);
#1147=FACE_OUTER_BOUND('',#1680,.T.);
#1148=FACE_OUTER_BOUND('',#1681,.T.);
#1149=FACE_OUTER_BOUND('',#1682,.T.);
#1150=FACE_OUTER_BOUND('',#1683,.T.);
#1151=FACE_OUTER_BOUND('',#1684,.T.);
#1152=FACE_OUTER_BOUND('',#1685,.T.);
#1153=FACE_OUTER_BOUND('',#1686,.T.);
#1154=FACE_OUTER_BOUND('',#1687,.T.);
#1155=FACE_OUTER_BOUND('',#1688,.T.);
#1156=FACE_OUTER_BOUND('',#1689,.T.);
#1157=FACE_OUTER_BOUND('',#1691,.T.);
#1158=FACE_OUTER_BOUND('',#1692,.T.);
#1159=FACE_OUTER_BOUND('',#1694,.T.);
#1160=FACE_OUTER_BOUND('',#1695,.T.);
#1161=FACE_OUTER_BOUND('',#1696,.T.);
#1162=FACE_OUTER_BOUND('',#1697,.T.);
#1163=FACE_OUTER_BOUND('',#1698,.T.);
#1164=FACE_OUTER_BOUND('',#1699,.T.);
#1165=FACE_OUTER_BOUND('',#1700,.T.);
#1166=FACE_OUTER_BOUND('',#1701,.T.);
#1167=FACE_OUTER_BOUND('',#1702,.T.);
#1168=FACE_OUTER_BOUND('',#1703,.T.);
#1169=FACE_OUTER_BOUND('',#1704,.T.);
#1170=FACE_OUTER_BOUND('',#1705,.T.);
#1171=FACE_OUTER_BOUND('',#1706,.T.);
#1172=FACE_OUTER_BOUND('',#1707,.T.);
#1173=FACE_OUTER_BOUND('',#1709,.T.);
#1174=FACE_OUTER_BOUND('',#1710,.T.);
#1175=FACE_OUTER_BOUND('',#1711,.T.);
#1176=FACE_OUTER_BOUND('',#1713,.T.);
#1177=FACE_OUTER_BOUND('',#1714,.T.);
#1178=FACE_OUTER_BOUND('',#1715,.T.);
#1179=FACE_OUTER_BOUND('',#1716,.T.);
#1180=FACE_OUTER_BOUND('',#1717,.T.);
#1181=EDGE_LOOP('',(#5446,#5447,#5448,#5449));
#1182=EDGE_LOOP('',(#5450,#5451,#5452,#5453));
#1183=EDGE_LOOP('',(#5454,#5455,#5456,#5457));
#1184=EDGE_LOOP('',(#5458,#5459,#5460,#5461));
#1185=EDGE_LOOP('',(#5462,#5463,#5464,#5465));
#1186=EDGE_LOOP('',(#5466,#5467,#5468,#5469));
#1187=EDGE_LOOP('',(#5470,#5471,#5472,#5473));
#1188=EDGE_LOOP('',(#5474,#5475,#5476,#5477,#5478));
#1189=EDGE_LOOP('',(#5479,#5480,#5481,#5482));
#1190=EDGE_LOOP('',(#5483,#5484,#5485,#5486));
#1191=EDGE_LOOP('',(#5487,#5488,#5489,#5490,#5491,#5492,#5493));
#1192=EDGE_LOOP('',(#5494));
#1193=EDGE_LOOP('',(#5495,#5496,#5497,#5498));
#1194=EDGE_LOOP('',(#5499,#5500,#5501,#5502));
#1195=EDGE_LOOP('',(#5503,#5504,#5505,#5506));
#1196=EDGE_LOOP('',(#5507,#5508,#5509,#5510));
#1197=EDGE_LOOP('',(#5511,#5512,#5513,#5514,#5515,#5516));
#1198=EDGE_LOOP('',(#5517));
#1199=EDGE_LOOP('',(#5518,#5519,#5520,#5521));
#1200=EDGE_LOOP('',(#5522,#5523,#5524,#5525));
#1201=EDGE_LOOP('',(#5526,#5527,#5528,#5529));
#1202=EDGE_LOOP('',(#5530,#5531,#5532,#5533));
#1203=EDGE_LOOP('',(#5534,#5535,#5536,#5537));
#1204=EDGE_LOOP('',(#5538,#5539,#5540,#5541,#5542,#5543,#5544));
#1205=EDGE_LOOP('',(#5545));
#1206=EDGE_LOOP('',(#5546,#5547,#5548,#5549));
#1207=EDGE_LOOP('',(#5550,#5551,#5552,#5553,#5554));
#1208=EDGE_LOOP('',(#5555,#5556,#5557,#5558));
#1209=EDGE_LOOP('',(#5559,#5560,#5561,#5562));
#1210=EDGE_LOOP('',(#5563,#5564,#5565,#5566));
#1211=EDGE_LOOP('',(#5567,#5568,#5569,#5570,#5571));
#1212=EDGE_LOOP('',(#5572,#5573,#5574,#5575,#5576,#5577,#5578,#5579));
#1213=EDGE_LOOP('',(#5580,#5581,#5582,#5583));
#1214=EDGE_LOOP('',(#5584,#5585,#5586,#5587,#5588));
#1215=EDGE_LOOP('',(#5589,#5590,#5591,#5592,#5593));
#1216=EDGE_LOOP('',(#5594,#5595,#5596,#5597,#5598,#5599,#5600,#5601,#5602,
#5603,#5604,#5605,#5606,#5607));
#1217=EDGE_LOOP('',(#5608,#5609,#5610,#5611,#5612,#5613,#5614,#5615));
#1218=EDGE_LOOP('',(#5616,#5617,#5618,#5619));
#1219=EDGE_LOOP('',(#5620,#5621,#5622,#5623));
#1220=EDGE_LOOP('',(#5624,#5625,#5626,#5627,#5628,#5629));
#1221=EDGE_LOOP('',(#5630,#5631,#5632,#5633));
#1222=EDGE_LOOP('',(#5634,#5635,#5636,#5637));
#1223=EDGE_LOOP('',(#5638,#5639,#5640,#5641,#5642));
#1224=EDGE_LOOP('',(#5643,#5644,#5645,#5646,#5647,#5648,#5649,#5650));
#1225=EDGE_LOOP('',(#5651,#5652,#5653,#5654));
#1226=EDGE_LOOP('',(#5655,#5656,#5657,#5658));
#1227=EDGE_LOOP('',(#5659,#5660,#5661,#5662,#5663));
#1228=EDGE_LOOP('',(#5664,#5665,#5666,#5667,#5668,#5669,#5670,#5671,#5672,
#5673,#5674,#5675,#5676,#5677,#5678,#5679,#5680,#5681,#5682,#5683,#5684,
#5685,#5686,#5687,#5688,#5689,#5690,#5691,#5692,#5693,#5694));
#1229=EDGE_LOOP('',(#5695));
#1230=EDGE_LOOP('',(#5696));
#1231=EDGE_LOOP('',(#5697));
#1232=EDGE_LOOP('',(#5698,#5699));
#1233=EDGE_LOOP('',(#5700));
#1234=EDGE_LOOP('',(#5701));
#1235=EDGE_LOOP('',(#5702,#5703,#5704,#5705));
#1236=EDGE_LOOP('',(#5706,#5707,#5708));
#1237=EDGE_LOOP('',(#5709,#5710,#5711,#5712));
#1238=EDGE_LOOP('',(#5713,#5714,#5715));
#1239=EDGE_LOOP('',(#5716,#5717,#5718,#5719,#5720));
#1240=EDGE_LOOP('',(#5721,#5722,#5723,#5724,#5725));
#1241=EDGE_LOOP('',(#5726,#5727,#5728,#5729));
#1242=EDGE_LOOP('',(#5730,#5731,#5732,#5733,#5734));
#1243=EDGE_LOOP('',(#5735,#5736,#5737,#5738,#5739));
#1244=EDGE_LOOP('',(#5740,#5741,#5742,#5743,#5744,#5745,#5746,#5747,#5748,
#5749));
#1245=EDGE_LOOP('',(#5750,#5751,#5752,#5753,#5754,#5755));
#1246=EDGE_LOOP('',(#5756,#5757,#5758,#5759));
#1247=EDGE_LOOP('',(#5760,#5761,#5762,#5763,#5764,#5765));
#1248=EDGE_LOOP('',(#5766,#5767,#5768,#5769,#5770));
#1249=EDGE_LOOP('',(#5771,#5772,#5773,#5774));
#1250=EDGE_LOOP('',(#5775,#5776,#5777,#5778,#5779));
#1251=EDGE_LOOP('',(#5780,#5781,#5782,#5783));
#1252=EDGE_LOOP('',(#5784,#5785,#5786,#5787,#5788,#5789,#5790,#5791,#5792,
#5793));
#1253=EDGE_LOOP('',(#5794,#5795,#5796,#5797,#5798,#5799,#5800,#5801));
#1254=EDGE_LOOP('',(#5802,#5803,#5804,#5805));
#1255=EDGE_LOOP('',(#5806,#5807,#5808,#5809,#5810,#5811));
#1256=EDGE_LOOP('',(#5812,#5813,#5814,#5815,#5816,#5817));
#1257=EDGE_LOOP('',(#5818,#5819,#5820,#5821));
#1258=EDGE_LOOP('',(#5822,#5823,#5824,#5825,#5826,#5827));
#1259=EDGE_LOOP('',(#5828,#5829,#5830,#5831));
#1260=EDGE_LOOP('',(#5832,#5833,#5834,#5835,#5836,#5837,#5838,#5839));
#1261=EDGE_LOOP('',(#5840,#5841,#5842,#5843));
#1262=EDGE_LOOP('',(#5844,#5845,#5846,#5847,#5848,#5849,#5850,#5851));
#1263=EDGE_LOOP('',(#5852,#5853,#5854,#5855,#5856,#5857,#5858,#5859));
#1264=EDGE_LOOP('',(#5860,#5861,#5862,#5863,#5864,#5865,#5866,#5867));
#1265=EDGE_LOOP('',(#5868,#5869,#5870,#5871));
#1266=EDGE_LOOP('',(#5872,#5873,#5874,#5875));
#1267=EDGE_LOOP('',(#5876,#5877,#5878,#5879,#5880,#5881));
#1268=EDGE_LOOP('',(#5882,#5883,#5884,#5885,#5886));
#1269=EDGE_LOOP('',(#5887,#5888,#5889,#5890));
#1270=EDGE_LOOP('',(#5891,#5892,#5893,#5894,#5895,#5896));
#1271=EDGE_LOOP('',(#5897,#5898,#5899,#5900,#5901));
#1272=EDGE_LOOP('',(#5902,#5903));
#1273=EDGE_LOOP('',(#5904,#5905,#5906,#5907,#5908,#5909));
#1274=EDGE_LOOP('',(#5910,#5911,#5912,#5913));
#1275=EDGE_LOOP('',(#5914,#5915));
#1276=EDGE_LOOP('',(#5916,#5917,#5918,#5919));
#1277=EDGE_LOOP('',(#5920,#5921,#5922,#5923));
#1278=EDGE_LOOP('',(#5924,#5925,#5926,#5927));
#1279=EDGE_LOOP('',(#5928,#5929,#5930,#5931));
#1280=EDGE_LOOP('',(#5932,#5933,#5934,#5935,#5936,#5937,#5938,#5939,#5940,
#5941,#5942,#5943,#5944,#5945,#5946,#5947,#5948,#5949,#5950,#5951,#5952,
#5953,#5954,#5955,#5956,#5957,#5958,#5959,#5960));
#1281=EDGE_LOOP('',(#5961,#5962));
#1282=EDGE_LOOP('',(#5963,#5964,#5965,#5966));
#1283=EDGE_LOOP('',(#5967,#5968,#5969,#5970));
#1284=EDGE_LOOP('',(#5971,#5972,#5973,#5974));
#1285=EDGE_LOOP('',(#5975,#5976,#5977,#5978));
#1286=EDGE_LOOP('',(#5979,#5980,#5981,#5982,#5983));
#1287=EDGE_LOOP('',(#5984,#5985,#5986,#5987,#5988));
#1288=EDGE_LOOP('',(#5989,#5990,#5991,#5992));
#1289=EDGE_LOOP('',(#5993,#5994,#5995,#5996));
#1290=EDGE_LOOP('',(#5997,#5998,#5999,#6000));
#1291=EDGE_LOOP('',(#6001,#6002,#6003,#6004));
#1292=EDGE_LOOP('',(#6005,#6006,#6007,#6008));
#1293=EDGE_LOOP('',(#6009,#6010,#6011,#6012));
#1294=EDGE_LOOP('',(#6013,#6014,#6015,#6016));
#1295=EDGE_LOOP('',(#6017,#6018));
#1296=EDGE_LOOP('',(#6019,#6020));
#1297=EDGE_LOOP('',(#6021,#6022,#6023,#6024,#6025,#6026,#6027,#6028));
#1298=EDGE_LOOP('',(#6029,#6030,#6031,#6032,#6033,#6034,#6035,#6036));
#1299=EDGE_LOOP('',(#6037,#6038,#6039,#6040,#6041,#6042));
#1300=EDGE_LOOP('',(#6043,#6044,#6045,#6046,#6047,#6048));
#1301=EDGE_LOOP('',(#6049,#6050,#6051,#6052));
#1302=EDGE_LOOP('',(#6053,#6054,#6055,#6056,#6057,#6058,#6059,#6060));
#1303=EDGE_LOOP('',(#6061));
#1304=EDGE_LOOP('',(#6062));
#1305=EDGE_LOOP('',(#6063,#6064,#6065,#6066,#6067,#6068,#6069,#6070));
#1306=EDGE_LOOP('',(#6071));
#1307=EDGE_LOOP('',(#6072));
#1308=EDGE_LOOP('',(#6073,#6074,#6075,#6076));
#1309=EDGE_LOOP('',(#6077,#6078,#6079,#6080));
#1310=EDGE_LOOP('',(#6081,#6082,#6083,#6084));
#1311=EDGE_LOOP('',(#6085,#6086,#6087,#6088));
#1312=EDGE_LOOP('',(#6089,#6090,#6091,#6092,#6093));
#1313=EDGE_LOOP('',(#6094,#6095,#6096,#6097,#6098));
#1314=EDGE_LOOP('',(#6099,#6100,#6101,#6102));
#1315=EDGE_LOOP('',(#6103,#6104,#6105,#6106,#6107));
#1316=EDGE_LOOP('',(#6108,#6109,#6110,#6111));
#1317=EDGE_LOOP('',(#6112,#6113,#6114,#6115,#6116));
#1318=EDGE_LOOP('',(#6117,#6118,#6119,#6120));
#1319=EDGE_LOOP('',(#6121,#6122,#6123,#6124));
#1320=EDGE_LOOP('',(#6125,#6126,#6127,#6128));
#1321=EDGE_LOOP('',(#6129));
#1322=EDGE_LOOP('',(#6130));
#1323=EDGE_LOOP('',(#6131,#6132,#6133,#6134));
#1324=EDGE_LOOP('',(#6135,#6136,#6137,#6138));
#1325=EDGE_LOOP('',(#6139));
#1326=EDGE_LOOP('',(#6140));
#1327=EDGE_LOOP('',(#6141,#6142,#6143,#6144));
#1328=EDGE_LOOP('',(#6145,#6146,#6147,#6148));
#1329=EDGE_LOOP('',(#6149,#6150,#6151,#6152));
#1330=EDGE_LOOP('',(#6153,#6154,#6155,#6156));
#1331=EDGE_LOOP('',(#6157,#6158,#6159,#6160,#6161));
#1332=EDGE_LOOP('',(#6162,#6163,#6164,#6165,#6166,#6167,#6168,#6169,#6170,
#6171,#6172,#6173,#6174,#6175,#6176,#6177,#6178,#6179,#6180,#6181,#6182,
#6183,#6184,#6185,#6186,#6187,#6188,#6189,#6190,#6191));
#1333=EDGE_LOOP('',(#6192));
#1334=EDGE_LOOP('',(#6193));
#1335=EDGE_LOOP('',(#6194,#6195));
#1336=EDGE_LOOP('',(#6196));
#1337=EDGE_LOOP('',(#6197));
#1338=EDGE_LOOP('',(#6198,#6199,#6200,#6201));
#1339=EDGE_LOOP('',(#6202,#6203,#6204,#6205));
#1340=EDGE_LOOP('',(#6206,#6207,#6208,#6209));
#1341=EDGE_LOOP('',(#6210,#6211,#6212,#6213));
#1342=EDGE_LOOP('',(#6214,#6215,#6216,#6217,#6218));
#1343=EDGE_LOOP('',(#6219,#6220,#6221,#6222));
#1344=EDGE_LOOP('',(#6223,#6224,#6225,#6226));
#1345=EDGE_LOOP('',(#6227,#6228,#6229,#6230));
#1346=EDGE_LOOP('',(#6231,#6232));
#1347=EDGE_LOOP('',(#6233,#6234));
#1348=EDGE_LOOP('',(#6235,#6236,#6237,#6238,#6239,#6240,#6241,#6242));
#1349=EDGE_LOOP('',(#6243,#6244,#6245,#6246));
#1350=EDGE_LOOP('',(#6247,#6248,#6249,#6250));
#1351=EDGE_LOOP('',(#6251,#6252,#6253,#6254,#6255,#6256,#6257,#6258,#6259));
#1352=EDGE_LOOP('',(#6260));
#1353=EDGE_LOOP('',(#6261,#6262,#6263,#6264));
#1354=EDGE_LOOP('',(#6265,#6266,#6267,#6268));
#1355=EDGE_LOOP('',(#6269,#6270,#6271,#6272));
#1356=EDGE_LOOP('',(#6273,#6274,#6275,#6276,#6277,#6278,#6279,#6280));
#1357=EDGE_LOOP('',(#6281));
#1358=EDGE_LOOP('',(#6282,#6283,#6284,#6285));
#1359=EDGE_LOOP('',(#6286,#6287,#6288,#6289));
#1360=EDGE_LOOP('',(#6290,#6291,#6292,#6293));
#1361=EDGE_LOOP('',(#6294,#6295,#6296,#6297,#6298));
#1362=EDGE_LOOP('',(#6299,#6300,#6301,#6302));
#1363=EDGE_LOOP('',(#6303,#6304,#6305,#6306));
#1364=EDGE_LOOP('',(#6307,#6308,#6309,#6310));
#1365=EDGE_LOOP('',(#6311,#6312,#6313,#6314,#6315));
#1366=EDGE_LOOP('',(#6316,#6317,#6318,#6319,#6320,#6321,#6322,#6323));
#1367=EDGE_LOOP('',(#6324,#6325,#6326,#6327));
#1368=EDGE_LOOP('',(#6328,#6329,#6330,#6331,#6332));
#1369=EDGE_LOOP('',(#6333,#6334,#6335,#6336,#6337));
#1370=EDGE_LOOP('',(#6338,#6339,#6340,#6341,#6342,#6343,#6344,#6345,#6346,
#6347,#6348,#6349,#6350,#6351));
#1371=EDGE_LOOP('',(#6352,#6353,#6354,#6355,#6356,#6357,#6358,#6359));
#1372=EDGE_LOOP('',(#6360,#6361,#6362,#6363));
#1373=EDGE_LOOP('',(#6364,#6365,#6366,#6367));
#1374=EDGE_LOOP('',(#6368,#6369,#6370,#6371,#6372,#6373));
#1375=EDGE_LOOP('',(#6374,#6375,#6376,#6377));
#1376=EDGE_LOOP('',(#6378,#6379,#6380,#6381));
#1377=EDGE_LOOP('',(#6382,#6383,#6384,#6385,#6386));
#1378=EDGE_LOOP('',(#6387,#6388,#6389,#6390,#6391,#6392,#6393,#6394));
#1379=EDGE_LOOP('',(#6395,#6396,#6397,#6398));
#1380=EDGE_LOOP('',(#6399,#6400,#6401,#6402));
#1381=EDGE_LOOP('',(#6403,#6404,#6405,#6406,#6407));
#1382=EDGE_LOOP('',(#6408,#6409,#6410,#6411));
#1383=EDGE_LOOP('',(#6412,#6413,#6414));
#1384=EDGE_LOOP('',(#6415,#6416,#6417,#6418));
#1385=EDGE_LOOP('',(#6419,#6420,#6421));
#1386=EDGE_LOOP('',(#6422,#6423,#6424,#6425,#6426));
#1387=EDGE_LOOP('',(#6427,#6428,#6429,#6430,#6431));
#1388=EDGE_LOOP('',(#6432,#6433,#6434,#6435));
#1389=EDGE_LOOP('',(#6436,#6437,#6438,#6439,#6440));
#1390=EDGE_LOOP('',(#6441,#6442,#6443,#6444,#6445));
#1391=EDGE_LOOP('',(#6446,#6447,#6448,#6449,#6450,#6451,#6452,#6453,#6454,
#6455));
#1392=EDGE_LOOP('',(#6456,#6457,#6458,#6459,#6460,#6461));
#1393=EDGE_LOOP('',(#6462,#6463,#6464,#6465));
#1394=EDGE_LOOP('',(#6466,#6467,#6468,#6469,#6470,#6471));
#1395=EDGE_LOOP('',(#6472,#6473,#6474,#6475,#6476));
#1396=EDGE_LOOP('',(#6477,#6478,#6479,#6480));
#1397=EDGE_LOOP('',(#6481,#6482,#6483,#6484,#6485));
#1398=EDGE_LOOP('',(#6486,#6487,#6488,#6489));
#1399=EDGE_LOOP('',(#6490,#6491,#6492,#6493,#6494,#6495,#6496,#6497,#6498,
#6499));
#1400=EDGE_LOOP('',(#6500,#6501,#6502,#6503,#6504,#6505,#6506,#6507));
#1401=EDGE_LOOP('',(#6508,#6509,#6510,#6511));
#1402=EDGE_LOOP('',(#6512,#6513,#6514,#6515,#6516,#6517));
#1403=EDGE_LOOP('',(#6518,#6519,#6520,#6521,#6522,#6523));
#1404=EDGE_LOOP('',(#6524,#6525,#6526,#6527));
#1405=EDGE_LOOP('',(#6528,#6529,#6530,#6531,#6532,#6533));
#1406=EDGE_LOOP('',(#6534,#6535,#6536,#6537));
#1407=EDGE_LOOP('',(#6538,#6539,#6540,#6541,#6542,#6543,#6544,#6545));
#1408=EDGE_LOOP('',(#6546,#6547,#6548,#6549));
#1409=EDGE_LOOP('',(#6550,#6551,#6552,#6553,#6554,#6555,#6556,#6557));
#1410=EDGE_LOOP('',(#6558,#6559,#6560,#6561,#6562,#6563,#6564,#6565));
#1411=EDGE_LOOP('',(#6566,#6567,#6568,#6569,#6570,#6571,#6572,#6573));
#1412=EDGE_LOOP('',(#6574,#6575,#6576,#6577));
#1413=EDGE_LOOP('',(#6578,#6579,#6580,#6581));
#1414=EDGE_LOOP('',(#6582,#6583,#6584,#6585,#6586,#6587));
#1415=EDGE_LOOP('',(#6588,#6589,#6590,#6591,#6592));
#1416=EDGE_LOOP('',(#6593,#6594,#6595,#6596));
#1417=EDGE_LOOP('',(#6597,#6598,#6599,#6600,#6601,#6602));
#1418=EDGE_LOOP('',(#6603,#6604,#6605,#6606));
#1419=EDGE_LOOP('',(#6607,#6608));
#1420=EDGE_LOOP('',(#6609,#6610,#6611,#6612,#6613,#6614));
#1421=EDGE_LOOP('',(#6615,#6616,#6617,#6618));
#1422=EDGE_LOOP('',(#6619,#6620));
#1423=EDGE_LOOP('',(#6621,#6622,#6623,#6624));
#1424=EDGE_LOOP('',(#6625,#6626,#6627,#6628));
#1425=EDGE_LOOP('',(#6629,#6630,#6631,#6632));
#1426=EDGE_LOOP('',(#6633,#6634,#6635,#6636));
#1427=EDGE_LOOP('',(#6637,#6638,#6639,#6640,#6641,#6642,#6643,#6644,#6645,
#6646,#6647,#6648,#6649,#6650,#6651,#6652,#6653,#6654,#6655,#6656,#6657,
#6658,#6659,#6660,#6661,#6662,#6663,#6664,#6665));
#1428=EDGE_LOOP('',(#6666,#6667));
#1429=EDGE_LOOP('',(#6668,#6669,#6670,#6671));
#1430=EDGE_LOOP('',(#6672,#6673,#6674,#6675));
#1431=EDGE_LOOP('',(#6676,#6677,#6678,#6679));
#1432=EDGE_LOOP('',(#6680,#6681,#6682,#6683));
#1433=EDGE_LOOP('',(#6684,#6685,#6686,#6687,#6688));
#1434=EDGE_LOOP('',(#6689,#6690,#6691,#6692,#6693));
#1435=EDGE_LOOP('',(#6694,#6695,#6696,#6697));
#1436=EDGE_LOOP('',(#6698,#6699,#6700,#6701));
#1437=EDGE_LOOP('',(#6702,#6703,#6704,#6705));
#1438=EDGE_LOOP('',(#6706,#6707,#6708,#6709));
#1439=EDGE_LOOP('',(#6710,#6711,#6712,#6713));
#1440=EDGE_LOOP('',(#6714,#6715,#6716,#6717));
#1441=EDGE_LOOP('',(#6718,#6719,#6720,#6721));
#1442=EDGE_LOOP('',(#6722,#6723));
#1443=EDGE_LOOP('',(#6724,#6725));
#1444=EDGE_LOOP('',(#6726,#6727,#6728,#6729,#6730,#6731,#6732,#6733));
#1445=EDGE_LOOP('',(#6734,#6735,#6736,#6737,#6738,#6739,#6740,#6741));
#1446=EDGE_LOOP('',(#6742,#6743,#6744,#6745,#6746,#6747));
#1447=EDGE_LOOP('',(#6748,#6749,#6750,#6751,#6752,#6753));
#1448=EDGE_LOOP('',(#6754,#6755,#6756,#6757));
#1449=EDGE_LOOP('',(#6758,#6759,#6760,#6761,#6762,#6763,#6764,#6765));
#1450=EDGE_LOOP('',(#6766));
#1451=EDGE_LOOP('',(#6767));
#1452=EDGE_LOOP('',(#6768,#6769,#6770,#6771,#6772,#6773,#6774,#6775));
#1453=EDGE_LOOP('',(#6776));
#1454=EDGE_LOOP('',(#6777));
#1455=EDGE_LOOP('',(#6778,#6779,#6780,#6781));
#1456=EDGE_LOOP('',(#6782,#6783,#6784,#6785));
#1457=EDGE_LOOP('',(#6786,#6787,#6788,#6789));
#1458=EDGE_LOOP('',(#6790,#6791,#6792,#6793));
#1459=EDGE_LOOP('',(#6794,#6795,#6796,#6797,#6798));
#1460=EDGE_LOOP('',(#6799,#6800,#6801,#6802,#6803));
#1461=EDGE_LOOP('',(#6804,#6805,#6806,#6807));
#1462=EDGE_LOOP('',(#6808,#6809,#6810,#6811));
#1463=EDGE_LOOP('',(#6812,#6813,#6814,#6815,#6816,#6817,#6818));
#1464=EDGE_LOOP('',(#6819,#6820,#6821,#6822));
#1465=EDGE_LOOP('',(#6823,#6824,#6825,#6826));
#1466=EDGE_LOOP('',(#6827,#6828,#6829,#6830));
#1467=EDGE_LOOP('',(#6831,#6832,#6833,#6834));
#1468=EDGE_LOOP('',(#6835,#6836,#6837,#6838));
#1469=EDGE_LOOP('',(#6839));
#1470=EDGE_LOOP('',(#6840));
#1471=EDGE_LOOP('',(#6841,#6842,#6843,#6844));
#1472=EDGE_LOOP('',(#6845,#6846,#6847,#6848));
#1473=EDGE_LOOP('',(#6849));
#1474=EDGE_LOOP('',(#6850));
#1475=EDGE_LOOP('',(#6851,#6852,#6853,#6854));
#1476=EDGE_LOOP('',(#6855,#6856,#6857,#6858));
#1477=EDGE_LOOP('',(#6859,#6860,#6861,#6862));
#1478=EDGE_LOOP('',(#6863,#6864,#6865,#6866));
#1479=EDGE_LOOP('',(#6867,#6868,#6869,#6870,#6871));
#1480=EDGE_LOOP('',(#6872,#6873,#6874,#6875));
#1481=EDGE_LOOP('',(#6876,#6877,#6878,#6879));
#1482=EDGE_LOOP('',(#6880,#6881,#6882,#6883));
#1483=EDGE_LOOP('',(#6884,#6885,#6886,#6887));
#1484=EDGE_LOOP('',(#6888,#6889,#6890,#6891));
#1485=EDGE_LOOP('',(#6892,#6893,#6894,#6895,#6896));
#1486=EDGE_LOOP('',(#6897,#6898,#6899,#6900));
#1487=EDGE_LOOP('',(#6901,#6902,#6903,#6904));
#1488=EDGE_LOOP('',(#6905,#6906,#6907,#6908));
#1489=EDGE_LOOP('',(#6909,#6910,#6911,#6912));
#1490=EDGE_LOOP('',(#6913,#6914,#6915,#6916,#6917,#6918,#6919,#6920));
#1491=EDGE_LOOP('',(#6921));
#1492=EDGE_LOOP('',(#6922,#6923,#6924,#6925));
#1493=EDGE_LOOP('',(#6926,#6927,#6928,#6929));
#1494=EDGE_LOOP('',(#6930,#6931,#6932,#6933));
#1495=EDGE_LOOP('',(#6934,#6935,#6936,#6937,#6938,#6939,#6940));
#1496=EDGE_LOOP('',(#6941));
#1497=EDGE_LOOP('',(#6942,#6943,#6944,#6945));
#1498=EDGE_LOOP('',(#6946,#6947,#6948,#6949));
#1499=EDGE_LOOP('',(#6950,#6951,#6952,#6953));
#1500=EDGE_LOOP('',(#6954,#6955,#6956,#6957,#6958));
#1501=EDGE_LOOP('',(#6959,#6960,#6961,#6962));
#1502=EDGE_LOOP('',(#6963,#6964,#6965,#6966,#6967));
#1503=EDGE_LOOP('',(#6968,#6969,#6970,#6971));
#1504=EDGE_LOOP('',(#6972,#6973,#6974,#6975,#6976,#6977,#6978,#6979,#6980));
#1505=EDGE_LOOP('',(#6981,#6982,#6983,#6984));
#1506=EDGE_LOOP('',(#6985,#6986,#6987,#6988,#6989));
#1507=EDGE_LOOP('',(#6990,#6991,#6992,#6993));
#1508=EDGE_LOOP('',(#6994,#6995,#6996,#6997,#6998));
#1509=EDGE_LOOP('',(#6999,#7000,#7001,#7002));
#1510=EDGE_LOOP('',(#7003,#7004,#7005,#7006,#7007));
#1511=EDGE_LOOP('',(#7008,#7009,#7010,#7011));
#1512=EDGE_LOOP('',(#7012,#7013,#7014,#7015,#7016,#7017));
#1513=EDGE_LOOP('',(#7018,#7019,#7020,#7021));
#1514=EDGE_LOOP('',(#7022,#7023,#7024,#7025,#7026));
#1515=EDGE_LOOP('',(#7027,#7028,#7029,#7030,#7031,#7032));
#1516=EDGE_LOOP('',(#7033,#7034,#7035,#7036,#7037,#7038,#7039,#7040,#7041,
#7042,#7043));
#1517=EDGE_LOOP('',(#7044,#7045,#7046,#7047));
#1518=EDGE_LOOP('',(#7048,#7049,#7050,#7051));
#1519=EDGE_LOOP('',(#7052,#7053,#7054,#7055));
#1520=EDGE_LOOP('',(#7056,#7057,#7058,#7059,#7060,#7061,#7062,#7063,#7064,
#7065,#7066));
#1521=EDGE_LOOP('',(#7067,#7068,#7069,#7070));
#1522=EDGE_LOOP('',(#7071,#7072,#7073,#7074,#7075,#7076));
#1523=EDGE_LOOP('',(#7077,#7078,#7079,#7080));
#1524=EDGE_LOOP('',(#7081,#7082,#7083,#7084));
#1525=EDGE_LOOP('',(#7085,#7086,#7087,#7088));
#1526=EDGE_LOOP('',(#7089,#7090,#7091,#7092));
#1527=EDGE_LOOP('',(#7093,#7094,#7095,#7096));
#1528=EDGE_LOOP('',(#7097,#7098,#7099,#7100));
#1529=EDGE_LOOP('',(#7101,#7102,#7103,#7104,#7105));
#1530=EDGE_LOOP('',(#7106,#7107,#7108,#7109,#7110,#7111,#7112,#7113));
#1531=EDGE_LOOP('',(#7114,#7115,#7116,#7117));
#1532=EDGE_LOOP('',(#7118,#7119,#7120,#7121));
#1533=EDGE_LOOP('',(#7122,#7123,#7124,#7125,#7126,#7127));
#1534=EDGE_LOOP('',(#7128,#7129,#7130,#7131));
#1535=EDGE_LOOP('',(#7132,#7133,#7134,#7135));
#1536=EDGE_LOOP('',(#7136,#7137,#7138,#7139));
#1537=EDGE_LOOP('',(#7140,#7141,#7142,#7143,#7144));
#1538=EDGE_LOOP('',(#7145,#7146,#7147,#7148,#7149,#7150,#7151,#7152,#7153,
#7154,#7155,#7156,#7157,#7158,#7159,#7160,#7161,#7162,#7163,#7164,#7165,
#7166,#7167,#7168,#7169,#7170,#7171,#7172));
#1539=EDGE_LOOP('',(#7173));
#1540=EDGE_LOOP('',(#7174));
#1541=EDGE_LOOP('',(#7175,#7176));
#1542=EDGE_LOOP('',(#7177));
#1543=EDGE_LOOP('',(#7178));
#1544=EDGE_LOOP('',(#7179,#7180,#7181,#7182,#7183,#7184,#7185,#7186));
#1545=EDGE_LOOP('',(#7187,#7188,#7189,#7190));
#1546=EDGE_LOOP('',(#7191,#7192,#7193,#7194,#7195,#7196,#7197,#7198));
#1547=EDGE_LOOP('',(#7199,#7200,#7201,#7202,#7203,#7204,#7205,#7206));
#1548=EDGE_LOOP('',(#7207,#7208,#7209,#7210,#7211,#7212,#7213,#7214));
#1549=EDGE_LOOP('',(#7215,#7216,#7217,#7218));
#1550=EDGE_LOOP('',(#7219,#7220,#7221,#7222));
#1551=EDGE_LOOP('',(#7223,#7224,#7225,#7226,#7227,#7228));
#1552=EDGE_LOOP('',(#7229,#7230,#7231,#7232,#7233));
#1553=EDGE_LOOP('',(#7234,#7235,#7236,#7237));
#1554=EDGE_LOOP('',(#7238,#7239,#7240,#7241,#7242));
#1555=EDGE_LOOP('',(#7243,#7244));
#1556=EDGE_LOOP('',(#7245,#7246,#7247,#7248,#7249,#7250));
#1557=EDGE_LOOP('',(#7251,#7252,#7253,#7254));
#1558=EDGE_LOOP('',(#7255,#7256));
#1559=EDGE_LOOP('',(#7257,#7258,#7259,#7260,#7261,#7262,#7263,#7264,#7265,
#7266,#7267,#7268,#7269,#7270,#7271,#7272,#7273,#7274,#7275,#7276,#7277,
#7278,#7279,#7280,#7281,#7282,#7283));
#1560=EDGE_LOOP('',(#7284,#7285,#7286,#7287));
#1561=EDGE_LOOP('',(#7288,#7289,#7290,#7291));
#1562=EDGE_LOOP('',(#7292,#7293,#7294,#7295));
#1563=EDGE_LOOP('',(#7296,#7297));
#1564=EDGE_LOOP('',(#7298,#7299));
#1565=EDGE_LOOP('',(#7300,#7301,#7302,#7303,#7304,#7305));
#1566=EDGE_LOOP('',(#7306,#7307,#7308,#7309,#7310,#7311));
#1567=EDGE_LOOP('',(#7312,#7313,#7314,#7315));
#1568=EDGE_LOOP('',(#7316,#7317,#7318,#7319,#7320,#7321,#7322,#7323));
#1569=EDGE_LOOP('',(#7324));
#1570=EDGE_LOOP('',(#7325));
#1571=EDGE_LOOP('',(#7326,#7327,#7328,#7329,#7330,#7331,#7332,#7333));
#1572=EDGE_LOOP('',(#7334));
#1573=EDGE_LOOP('',(#7335));
#1574=EDGE_LOOP('',(#7336,#7337,#7338,#7339));
#1575=EDGE_LOOP('',(#7340,#7341,#7342,#7343));
#1576=EDGE_LOOP('',(#7344,#7345,#7346,#7347,#7348,#7349));
#1577=EDGE_LOOP('',(#7350,#7351,#7352,#7353));
#1578=EDGE_LOOP('',(#7354,#7355,#7356,#7357,#7358));
#1579=EDGE_LOOP('',(#7359,#7360,#7361,#7362,#7363));
#1580=EDGE_LOOP('',(#7364,#7365,#7366,#7367));
#1581=EDGE_LOOP('',(#7368,#7369,#7370,#7371));
#1582=EDGE_LOOP('',(#7372,#7373,#7374,#7375));
#1583=EDGE_LOOP('',(#7376,#7377,#7378,#7379,#7380));
#1584=EDGE_LOOP('',(#7381,#7382,#7383,#7384));
#1585=EDGE_LOOP('',(#7385,#7386,#7387,#7388));
#1586=EDGE_LOOP('',(#7389,#7390,#7391,#7392));
#1587=EDGE_LOOP('',(#7393));
#1588=EDGE_LOOP('',(#7394));
#1589=EDGE_LOOP('',(#7395,#7396,#7397,#7398));
#1590=EDGE_LOOP('',(#7399,#7400,#7401,#7402));
#1591=EDGE_LOOP('',(#7403));
#1592=EDGE_LOOP('',(#7404));
#1593=EDGE_LOOP('',(#7405,#7406,#7407,#7408));
#1594=EDGE_LOOP('',(#7409,#7410,#7411,#7412));
#1595=EDGE_LOOP('',(#7413,#7414,#7415,#7416));
#1596=EDGE_LOOP('',(#7417,#7418,#7419,#7420));
#1597=EDGE_LOOP('',(#7421,#7422,#7423,#7424,#7425));
#1598=EDGE_LOOP('',(#7426,#7427));
#1599=EDGE_LOOP('',(#7428,#7429,#7430,#7431,#7432,#7433,#7434));
#1600=EDGE_LOOP('',(#7435,#7436,#7437,#7438,#7439,#7440,#7441,#7442,#7443,
#7444,#7445,#7446,#7447,#7448,#7449,#7450,#7451,#7452,#7453,#7454,#7455,
#7456,#7457,#7458,#7459,#7460,#7461,#7462,#7463,#7464));
#1601=EDGE_LOOP('',(#7465));
#1602=EDGE_LOOP('',(#7466));
#1603=EDGE_LOOP('',(#7467,#7468));
#1604=EDGE_LOOP('',(#7469));
#1605=EDGE_LOOP('',(#7470));
#1606=EDGE_LOOP('',(#7471,#7472,#7473,#7474));
#1607=EDGE_LOOP('',(#7475,#7476,#7477,#7478));
#1608=EDGE_LOOP('',(#7479,#7480,#7481,#7482));
#1609=EDGE_LOOP('',(#7483,#7484,#7485,#7486));
#1610=EDGE_LOOP('',(#7487,#7488,#7489,#7490,#7491));
#1611=EDGE_LOOP('',(#7492,#7493,#7494,#7495));
#1612=EDGE_LOOP('',(#7496,#7497,#7498,#7499));
#1613=EDGE_LOOP('',(#7500,#7501,#7502,#7503));
#1614=EDGE_LOOP('',(#7504,#7505,#7506,#7507));
#1615=EDGE_LOOP('',(#7508,#7509,#7510,#7511));
#1616=EDGE_LOOP('',(#7512,#7513,#7514,#7515,#7516,#7517,#7518));
#1617=EDGE_LOOP('',(#7519));
#1618=EDGE_LOOP('',(#7520,#7521,#7522,#7523));
#1619=EDGE_LOOP('',(#7524,#7525,#7526,#7527));
#1620=EDGE_LOOP('',(#7528,#7529,#7530,#7531));
#1621=EDGE_LOOP('',(#7532,#7533,#7534,#7535,#7536,#7537,#7538,#7539,#7540));
#1622=EDGE_LOOP('',(#7541));
#1623=EDGE_LOOP('',(#7542,#7543,#7544,#7545));
#1624=EDGE_LOOP('',(#7546,#7547,#7548,#7549));
#1625=EDGE_LOOP('',(#7550,#7551,#7552,#7553));
#1626=EDGE_LOOP('',(#7554,#7555,#7556,#7557,#7558));
#1627=EDGE_LOOP('',(#7559,#7560,#7561,#7562));
#1628=EDGE_LOOP('',(#7563,#7564,#7565,#7566,#7567));
#1629=EDGE_LOOP('',(#7568,#7569,#7570,#7571));
#1630=EDGE_LOOP('',(#7572,#7573,#7574,#7575,#7576,#7577,#7578,#7579));
#1631=EDGE_LOOP('',(#7580,#7581,#7582,#7583));
#1632=EDGE_LOOP('',(#7584,#7585,#7586,#7587,#7588));
#1633=EDGE_LOOP('',(#7589,#7590,#7591,#7592));
#1634=EDGE_LOOP('',(#7593,#7594,#7595,#7596,#7597));
#1635=EDGE_LOOP('',(#7598,#7599,#7600,#7601));
#1636=EDGE_LOOP('',(#7602,#7603,#7604,#7605,#7606));
#1637=EDGE_LOOP('',(#7607,#7608,#7609,#7610));
#1638=EDGE_LOOP('',(#7611,#7612,#7613,#7614,#7615,#7616));
#1639=EDGE_LOOP('',(#7617,#7618,#7619,#7620));
#1640=EDGE_LOOP('',(#7621,#7622,#7623,#7624,#7625));
#1641=EDGE_LOOP('',(#7626,#7627,#7628,#7629,#7630,#7631));
#1642=EDGE_LOOP('',(#7632,#7633,#7634,#7635,#7636,#7637,#7638,#7639,#7640,
#7641,#7642));
#1643=EDGE_LOOP('',(#7643,#7644,#7645,#7646));
#1644=EDGE_LOOP('',(#7647,#7648,#7649,#7650));
#1645=EDGE_LOOP('',(#7651,#7652,#7653,#7654));
#1646=EDGE_LOOP('',(#7655,#7656,#7657,#7658,#7659,#7660,#7661,#7662,#7663,
#7664,#7665));
#1647=EDGE_LOOP('',(#7666,#7667,#7668,#7669));
#1648=EDGE_LOOP('',(#7670,#7671,#7672,#7673,#7674,#7675));
#1649=EDGE_LOOP('',(#7676,#7677,#7678,#7679));
#1650=EDGE_LOOP('',(#7680,#7681,#7682,#7683));
#1651=EDGE_LOOP('',(#7684,#7685,#7686,#7687));
#1652=EDGE_LOOP('',(#7688,#7689,#7690,#7691));
#1653=EDGE_LOOP('',(#7692,#7693,#7694,#7695));
#1654=EDGE_LOOP('',(#7696,#7697,#7698,#7699));
#1655=EDGE_LOOP('',(#7700,#7701,#7702,#7703,#7704));
#1656=EDGE_LOOP('',(#7705,#7706,#7707,#7708,#7709,#7710,#7711,#7712));
#1657=EDGE_LOOP('',(#7713,#7714,#7715,#7716));
#1658=EDGE_LOOP('',(#7717,#7718,#7719,#7720));
#1659=EDGE_LOOP('',(#7721,#7722,#7723,#7724,#7725));
#1660=EDGE_LOOP('',(#7726,#7727,#7728,#7729));
#1661=EDGE_LOOP('',(#7730,#7731,#7732,#7733));
#1662=EDGE_LOOP('',(#7734,#7735,#7736,#7737));
#1663=EDGE_LOOP('',(#7738,#7739,#7740,#7741,#7742));
#1664=EDGE_LOOP('',(#7743,#7744,#7745,#7746,#7747,#7748,#7749,#7750));
#1665=EDGE_LOOP('',(#7751,#7752,#7753,#7754));
#1666=EDGE_LOOP('',(#7755,#7756,#7757,#7758,#7759,#7760,#7761,#7762));
#1667=EDGE_LOOP('',(#7763,#7764,#7765,#7766,#7767,#7768,#7769,#7770));
#1668=EDGE_LOOP('',(#7771,#7772,#7773,#7774,#7775,#7776,#7777,#7778));
#1669=EDGE_LOOP('',(#7779,#7780,#7781,#7782));
#1670=EDGE_LOOP('',(#7783,#7784,#7785,#7786));
#1671=EDGE_LOOP('',(#7787,#7788,#7789,#7790,#7791,#7792));
#1672=EDGE_LOOP('',(#7793,#7794,#7795,#7796,#7797));
#1673=EDGE_LOOP('',(#7798,#7799,#7800,#7801));
#1674=EDGE_LOOP('',(#7802,#7803,#7804,#7805,#7806));
#1675=EDGE_LOOP('',(#7807,#7808));
#1676=EDGE_LOOP('',(#7809,#7810,#7811,#7812,#7813,#7814));
#1677=EDGE_LOOP('',(#7815,#7816,#7817,#7818));
#1678=EDGE_LOOP('',(#7819,#7820));
#1679=EDGE_LOOP('',(#7821,#7822,#7823,#7824,#7825,#7826,#7827,#7828,#7829,
#7830,#7831,#7832,#7833,#7834,#7835,#7836,#7837,#7838,#7839,#7840,#7841,
#7842,#7843,#7844,#7845,#7846,#7847));
#1680=EDGE_LOOP('',(#7848,#7849,#7850,#7851));
#1681=EDGE_LOOP('',(#7852,#7853,#7854,#7855));
#1682=EDGE_LOOP('',(#7856,#7857,#7858,#7859));
#1683=EDGE_LOOP('',(#7860,#7861));
#1684=EDGE_LOOP('',(#7862,#7863));
#1685=EDGE_LOOP('',(#7864,#7865,#7866,#7867,#7868,#7869));
#1686=EDGE_LOOP('',(#7870,#7871,#7872,#7873,#7874,#7875));
#1687=EDGE_LOOP('',(#7876,#7877,#7878,#7879));
#1688=EDGE_LOOP('',(#7880,#7881,#7882,#7883,#7884,#7885,#7886,#7887));
#1689=EDGE_LOOP('',(#7888));
#1690=EDGE_LOOP('',(#7889));
#1691=EDGE_LOOP('',(#7890,#7891,#7892,#7893,#7894,#7895,#7896,#7897));
#1692=EDGE_LOOP('',(#7898));
#1693=EDGE_LOOP('',(#7899));
#1694=EDGE_LOOP('',(#7900,#7901,#7902,#7903));
#1695=EDGE_LOOP('',(#7904,#7905,#7906,#7907));
#1696=EDGE_LOOP('',(#7908,#7909,#7910,#7911,#7912,#7913));
#1697=EDGE_LOOP('',(#7914,#7915,#7916,#7917));
#1698=EDGE_LOOP('',(#7918,#7919,#7920,#7921,#7922));
#1699=EDGE_LOOP('',(#7923,#7924,#7925,#7926,#7927));
#1700=EDGE_LOOP('',(#7928,#7929,#7930,#7931));
#1701=EDGE_LOOP('',(#7932,#7933,#7934,#7935));
#1702=EDGE_LOOP('',(#7936,#7937,#7938,#7939,#7940));
#1703=EDGE_LOOP('',(#7941,#7942,#7943,#7944));
#1704=EDGE_LOOP('',(#7945,#7946,#7947,#7948));
#1705=EDGE_LOOP('',(#7949,#7950,#7951,#7952));
#1706=EDGE_LOOP('',(#7953,#7954,#7955,#7956));
#1707=EDGE_LOOP('',(#7957));
#1708=EDGE_LOOP('',(#7958));
#1709=EDGE_LOOP('',(#7959,#7960,#7961,#7962));
#1710=EDGE_LOOP('',(#7963,#7964,#7965,#7966));
#1711=EDGE_LOOP('',(#7967));
#1712=EDGE_LOOP('',(#7968));
#1713=EDGE_LOOP('',(#7969,#7970,#7971,#7972));
#1714=EDGE_LOOP('',(#7973,#7974,#7975,#7976));
#1715=EDGE_LOOP('',(#7977,#7978,#7979,#7980));
#1716=EDGE_LOOP('',(#7981,#7982,#7983,#7984));
#1717=EDGE_LOOP('',(#7985,#7986,#7987,#7988,#7989));
#1718=LINE('',#11942,#2367);
#1719=LINE('',#11945,#2368);
#1720=LINE('',#11948,#2369);
#1721=LINE('',#11950,#2370);
#1722=LINE('',#11951,#2371);
#1723=LINE('',#11957,#2372);
#1724=LINE('',#11960,#2373);
#1725=LINE('',#11963,#2374);
#1726=LINE('',#11965,#2375);
#1727=LINE('',#11966,#2376);
#1728=LINE('',#11972,#2377);
#1729=LINE('',#11975,#2378);
#1730=LINE('',#11978,#2379);
#1731=LINE('',#11980,#2380);
#1732=LINE('',#11981,#2381);
#1733=LINE('',#11987,#2382);
#1734=LINE('',#12001,#2383);
#1735=LINE('',#12008,#2384);
#1736=LINE('',#12010,#2385);
#1737=LINE('',#12011,#2386);
#1738=LINE('',#12016,#2387);
#1739=LINE('',#12023,#2388);
#1740=LINE('',#12027,#2389);
#1741=LINE('',#12029,#2390);
#1742=LINE('',#12030,#2391);
#1743=LINE('',#12035,#2392);
#1744=LINE('',#12042,#2393);
#1745=LINE('',#12045,#2394);
#1746=LINE('',#12047,#2395);
#1747=LINE('',#12048,#2396);
#1748=LINE('',#12051,#2397);
#1749=LINE('',#12055,#2398);
#1750=LINE('',#12057,#2399);
#1751=LINE('',#12058,#2400);
#1752=LINE('',#12063,#2401);
#1753=LINE('',#12068,#2402);
#1754=LINE('',#12070,#2403);
#1755=LINE('',#12072,#2404);
#1756=LINE('',#12073,#2405);
#1757=LINE('',#12079,#2406);
#1758=LINE('',#12081,#2407);
#1759=LINE('',#12082,#2408);
#1760=LINE('',#12086,#2409);
#1761=LINE('',#12090,#2410);
#1762=LINE('',#12094,#2411);
#1763=LINE('',#12099,#2412);
#1764=LINE('',#12100,#2413);
#1765=LINE('',#12102,#2414);
#1766=LINE('',#12106,#2415);
#1767=LINE('',#12108,#2416);
#1768=LINE('',#12109,#2417);
#1769=LINE('',#12113,#2418);
#1770=LINE('',#12118,#2419);
#1771=LINE('',#12120,#2420);
#1772=LINE('',#12121,#2421);
#1773=LINE('',#12139,#2422);
#1774=LINE('',#12145,#2423);
#1775=LINE('',#12148,#2424);
#1776=LINE('',#12150,#2425);
#1777=LINE('',#12152,#2426);
#1778=LINE('',#12153,#2427);
#1779=LINE('',#12156,#2428);
#1780=LINE('',#12158,#2429);
#1781=LINE('',#12171,#2430);
#1782=LINE('',#12175,#2431);
#1783=LINE('',#12177,#2432);
#1784=LINE('',#12181,#2433);
#1785=LINE('',#12185,#2434);
#1786=LINE('',#12193,#2435);
#1787=LINE('',#12196,#2436);
#1788=LINE('',#12199,#2437);
#1789=LINE('',#12238,#2438);
#1790=LINE('',#12243,#2439);
#1791=LINE('',#12245,#2440);
#1792=LINE('',#12247,#2441);
#1793=LINE('',#12248,#2442);
#1794=LINE('',#12252,#2443);
#1795=LINE('',#12267,#2444);
#1796=LINE('',#12268,#2445);
#1797=LINE('',#12269,#2446);
#1798=LINE('',#12272,#2447);
#1799=LINE('',#12278,#2448);
#1800=LINE('',#12279,#2449);
#1801=LINE('',#12282,#2450);
#1802=LINE('',#12288,#2451);
#1803=LINE('',#12291,#2452);
#1804=LINE('',#12293,#2453);
#1805=LINE('',#12295,#2454);
#1806=LINE('',#12296,#2455);
#1807=LINE('',#12299,#2456);
#1808=LINE('',#12322,#2457);
#1809=LINE('',#12324,#2458);
#1810=LINE('',#12326,#2459);
#1811=LINE('',#12329,#2460);
#1812=LINE('',#12338,#2461);
#1813=LINE('',#12340,#2462);
#1814=LINE('',#12342,#2463);
#1815=LINE('',#12350,#2464);
#1816=LINE('',#12354,#2465);
#1817=LINE('',#12515,#2466);
#1818=LINE('',#12527,#2467);
#1819=LINE('',#12628,#2468);
#1820=LINE('',#12638,#2469);
#1821=LINE('',#12721,#2470);
#1822=LINE('',#12725,#2471);
#1823=LINE('',#12726,#2472);
#1824=LINE('',#12785,#2473);
#1825=LINE('',#12839,#2474);
#1826=LINE('',#12840,#2475);
#1827=LINE('',#12895,#2476);
#1828=LINE('',#12899,#2477);
#1829=LINE('',#12901,#2478);
#1830=LINE('',#12902,#2479);
#1831=LINE('',#12905,#2480);
#1832=LINE('',#12908,#2481);
#1833=LINE('',#12911,#2482);
#1834=LINE('',#12915,#2483);
#1835=LINE('',#12916,#2484);
#1836=LINE('',#12943,#2485);
#1837=LINE('',#12967,#2486);
#1838=LINE('',#13003,#2487);
#1839=LINE('',#13048,#2488);
#1840=LINE('',#13052,#2489);
#1841=LINE('',#13097,#2490);
#1842=LINE('',#13107,#2491);
#1843=LINE('',#13108,#2492);
#1844=LINE('',#13111,#2493);
#1845=LINE('',#13115,#2494);
#1846=LINE('',#13116,#2495);
#1847=LINE('',#13120,#2496);
#1848=LINE('',#13127,#2497);
#1849=LINE('',#13131,#2498);
#1850=LINE('',#13134,#2499);
#1851=LINE('',#13136,#2500);
#1852=LINE('',#13140,#2501);
#1853=LINE('',#13143,#2502);
#1854=LINE('',#13145,#2503);
#1855=LINE('',#13149,#2504);
#1856=LINE('',#13154,#2505);
#1857=LINE('',#13157,#2506);
#1858=LINE('',#13160,#2507);
#1859=LINE('',#13162,#2508);
#1860=LINE('',#13164,#2509);
#1861=LINE('',#13165,#2510);
#1862=LINE('',#13167,#2511);
#1863=LINE('',#13169,#2512);
#1864=LINE('',#13174,#2513);
#1865=LINE('',#13179,#2514);
#1866=LINE('',#13182,#2515);
#1867=LINE('',#13185,#2516);
#1868=LINE('',#13187,#2517);
#1869=LINE('',#13188,#2518);
#1870=LINE('',#13191,#2519);
#1871=LINE('',#13193,#2520);
#1872=LINE('',#13194,#2521);
#1873=LINE('',#13196,#2522);
#1874=LINE('',#13197,#2523);
#1875=LINE('',#13206,#2524);
#1876=LINE('',#13212,#2525);
#1877=LINE('',#13214,#2526);
#1878=LINE('',#13219,#2527);
#1879=LINE('',#13231,#2528);
#1880=LINE('',#13253,#2529);
#1881=LINE('',#13255,#2530);
#1882=LINE('',#13256,#2531);
#1883=LINE('',#13258,#2532);
#1884=LINE('',#13260,#2533);
#1885=LINE('',#13263,#2534);
#1886=LINE('',#13265,#2535);
#1887=LINE('',#13266,#2536);
#1888=LINE('',#13271,#2537);
#1889=LINE('',#13279,#2538);
#1890=LINE('',#13287,#2539);
#1891=LINE('',#13290,#2540);
#1892=LINE('',#13292,#2541);
#1893=LINE('',#13300,#2542);
#1894=LINE('',#13302,#2543);
#1895=LINE('',#13311,#2544);
#1896=LINE('',#13313,#2545);
#1897=LINE('',#13315,#2546);
#1898=LINE('',#13324,#2547);
#1899=LINE('',#13326,#2548);
#1900=LINE('',#13330,#2549);
#1901=LINE('',#13334,#2550);
#1902=LINE('',#13338,#2551);
#1903=LINE('',#13342,#2552);
#1904=LINE('',#13348,#2553);
#1905=LINE('',#13352,#2554);
#1906=LINE('',#13356,#2555);
#1907=LINE('',#13360,#2556);
#1908=LINE('',#13364,#2557);
#1909=LINE('',#13373,#2558);
#1910=LINE('',#13382,#2559);
#1911=LINE('',#13383,#2560);
#1912=LINE('',#13386,#2561);
#1913=LINE('',#13387,#2562);
#1914=LINE('',#13392,#2563);
#1915=LINE('',#13393,#2564);
#1916=LINE('',#13396,#2565);
#1917=LINE('',#13397,#2566);
#1918=LINE('',#13403,#2567);
#1919=LINE('',#13408,#2568);
#1920=LINE('',#13411,#2569);
#1921=LINE('',#13412,#2570);
#1922=LINE('',#13417,#2571);
#1923=LINE('',#13418,#2572);
#1924=LINE('',#13421,#2573);
#1925=LINE('',#13422,#2574);
#1926=LINE('',#13434,#2575);
#1927=LINE('',#13436,#2576);
#1928=LINE('',#13440,#2577);
#1929=LINE('',#13442,#2578);
#1930=LINE('',#13443,#2579);
#1931=LINE('',#13444,#2580);
#1932=LINE('',#13448,#2581);
#1933=LINE('',#13452,#2582);
#1934=LINE('',#13454,#2583);
#1935=LINE('',#13458,#2584);
#1936=LINE('',#13459,#2585);
#1937=LINE('',#13463,#2586);
#1938=LINE('',#13468,#2587);
#1939=LINE('',#13471,#2588);
#1940=LINE('',#13478,#2589);
#1941=LINE('',#13482,#2590);
#1942=LINE('',#13487,#2591);
#1943=LINE('',#13488,#2592);
#1944=LINE('',#13490,#2593);
#1945=LINE('',#13494,#2594);
#1946=LINE('',#13496,#2595);
#1947=LINE('',#13497,#2596);
#1948=LINE('',#13500,#2597);
#1949=LINE('',#13505,#2598);
#1950=LINE('',#13506,#2599);
#1951=LINE('',#13522,#2600);
#1952=LINE('',#13528,#2601);
#1953=LINE('',#13531,#2602);
#1954=LINE('',#13533,#2603);
#1955=LINE('',#13535,#2604);
#1956=LINE('',#13536,#2605);
#1957=LINE('',#13539,#2606);
#1958=LINE('',#13541,#2607);
#1959=LINE('',#13554,#2608);
#1960=LINE('',#13558,#2609);
#1961=LINE('',#13560,#2610);
#1962=LINE('',#13564,#2611);
#1963=LINE('',#13568,#2612);
#1964=LINE('',#13576,#2613);
#1965=LINE('',#13579,#2614);
#1966=LINE('',#13582,#2615);
#1967=LINE('',#13621,#2616);
#1968=LINE('',#13625,#2617);
#1969=LINE('',#13627,#2618);
#1970=LINE('',#13628,#2619);
#1971=LINE('',#13632,#2620);
#1972=LINE('',#13646,#2621);
#1973=LINE('',#13647,#2622);
#1974=LINE('',#13648,#2623);
#1975=LINE('',#13651,#2624);
#1976=LINE('',#13657,#2625);
#1977=LINE('',#13658,#2626);
#1978=LINE('',#13661,#2627);
#1979=LINE('',#13667,#2628);
#1980=LINE('',#13670,#2629);
#1981=LINE('',#13672,#2630);
#1982=LINE('',#13674,#2631);
#1983=LINE('',#13675,#2632);
#1984=LINE('',#13678,#2633);
#1985=LINE('',#13855,#2634);
#1986=LINE('',#13867,#2635);
#1987=LINE('',#13968,#2636);
#1988=LINE('',#13978,#2637);
#1989=LINE('',#14061,#2638);
#1990=LINE('',#14065,#2639);
#1991=LINE('',#14066,#2640);
#1992=LINE('',#14125,#2641);
#1993=LINE('',#14179,#2642);
#1994=LINE('',#14180,#2643);
#1995=LINE('',#14235,#2644);
#1996=LINE('',#14239,#2645);
#1997=LINE('',#14241,#2646);
#1998=LINE('',#14242,#2647);
#1999=LINE('',#14245,#2648);
#2000=LINE('',#14248,#2649);
#2001=LINE('',#14251,#2650);
#2002=LINE('',#14255,#2651);
#2003=LINE('',#14256,#2652);
#2004=LINE('',#14283,#2653);
#2005=LINE('',#14307,#2654);
#2006=LINE('',#14343,#2655);
#2007=LINE('',#14388,#2656);
#2008=LINE('',#14392,#2657);
#2009=LINE('',#14445,#2658);
#2010=LINE('',#14446,#2659);
#2011=LINE('',#14449,#2660);
#2012=LINE('',#14453,#2661);
#2013=LINE('',#14454,#2662);
#2014=LINE('',#14458,#2663);
#2015=LINE('',#14465,#2664);
#2016=LINE('',#14469,#2665);
#2017=LINE('',#14472,#2666);
#2018=LINE('',#14476,#2667);
#2019=LINE('',#14479,#2668);
#2020=LINE('',#14481,#2669);
#2021=LINE('',#14485,#2670);
#2022=LINE('',#14490,#2671);
#2023=LINE('',#14493,#2672);
#2024=LINE('',#14496,#2673);
#2025=LINE('',#14498,#2674);
#2026=LINE('',#14500,#2675);
#2027=LINE('',#14501,#2676);
#2028=LINE('',#14503,#2677);
#2029=LINE('',#14505,#2678);
#2030=LINE('',#14510,#2679);
#2031=LINE('',#14515,#2680);
#2032=LINE('',#14518,#2681);
#2033=LINE('',#14521,#2682);
#2034=LINE('',#14523,#2683);
#2035=LINE('',#14524,#2684);
#2036=LINE('',#14527,#2685);
#2037=LINE('',#14529,#2686);
#2038=LINE('',#14530,#2687);
#2039=LINE('',#14532,#2688);
#2040=LINE('',#14533,#2689);
#2041=LINE('',#14544,#2690);
#2042=LINE('',#14550,#2691);
#2043=LINE('',#14552,#2692);
#2044=LINE('',#14557,#2693);
#2045=LINE('',#14569,#2694);
#2046=LINE('',#14590,#2695);
#2047=LINE('',#14592,#2696);
#2048=LINE('',#14593,#2697);
#2049=LINE('',#14595,#2698);
#2050=LINE('',#14597,#2699);
#2051=LINE('',#14600,#2700);
#2052=LINE('',#14603,#2701);
#2053=LINE('',#14604,#2702);
#2054=LINE('',#14609,#2703);
#2055=LINE('',#14611,#2704);
#2056=LINE('',#14613,#2705);
#2057=LINE('',#14615,#2706);
#2058=LINE('',#14623,#2707);
#2059=LINE('',#14631,#2708);
#2060=LINE('',#14634,#2709);
#2061=LINE('',#14636,#2710);
#2062=LINE('',#14644,#2711);
#2063=LINE('',#14647,#2712);
#2064=LINE('',#14650,#2713);
#2065=LINE('',#14652,#2714);
#2066=LINE('',#14653,#2715);
#2067=LINE('',#14659,#2716);
#2068=LINE('',#14662,#2717);
#2069=LINE('',#14665,#2718);
#2070=LINE('',#14667,#2719);
#2071=LINE('',#14668,#2720);
#2072=LINE('',#14674,#2721);
#2073=LINE('',#14686,#2722);
#2074=LINE('',#14693,#2723);
#2075=LINE('',#14695,#2724);
#2076=LINE('',#14696,#2725);
#2077=LINE('',#14702,#2726);
#2078=LINE('',#14705,#2727);
#2079=LINE('',#14708,#2728);
#2080=LINE('',#14710,#2729);
#2081=LINE('',#14711,#2730);
#2082=LINE('',#14716,#2731);
#2083=LINE('',#14723,#2732);
#2084=LINE('',#14726,#2733);
#2085=LINE('',#14729,#2734);
#2086=LINE('',#14731,#2735);
#2087=LINE('',#14732,#2736);
#2088=LINE('',#14737,#2737);
#2089=LINE('',#14744,#2738);
#2090=LINE('',#14748,#2739);
#2091=LINE('',#14750,#2740);
#2092=LINE('',#14751,#2741);
#2093=LINE('',#14757,#2742);
#2094=LINE('',#14760,#2743);
#2095=LINE('',#14831,#2744);
#2096=LINE('',#14832,#2745);
#2097=LINE('',#14870,#2746);
#2098=LINE('',#14876,#2747);
#2099=LINE('',#14882,#2748);
#2100=LINE('',#14885,#2749);
#2101=LINE('',#14887,#2750);
#2102=LINE('',#14888,#2751);
#2103=LINE('',#14891,#2752);
#2104=LINE('',#14896,#2753);
#2105=LINE('',#14898,#2754);
#2106=LINE('',#14903,#2755);
#2107=LINE('',#14905,#2756);
#2108=LINE('',#14907,#2757);
#2109=LINE('',#14909,#2758);
#2110=LINE('',#14910,#2759);
#2111=LINE('',#14913,#2760);
#2112=LINE('',#14915,#2761);
#2113=LINE('',#14916,#2762);
#2114=LINE('',#14919,#2763);
#2115=LINE('',#14921,#2764);
#2116=LINE('',#14923,#2765);
#2117=LINE('',#14924,#2766);
#2118=LINE('',#14927,#2767);
#2119=LINE('',#14928,#2768);
#2120=LINE('',#14931,#2769);
#2121=LINE('',#14933,#2770);
#2122=LINE('',#14934,#2771);
#2123=LINE('',#14937,#2772);
#2124=LINE('',#14939,#2773);
#2125=LINE('',#14940,#2774);
#2126=LINE('',#14943,#2775);
#2127=LINE('',#14945,#2776);
#2128=LINE('',#14949,#2777);
#2129=LINE('',#14953,#2778);
#2130=LINE('',#14955,#2779);
#2131=LINE('',#14961,#2780);
#2132=LINE('',#14964,#2781);
#2133=LINE('',#14966,#2782);
#2134=LINE('',#14968,#2783);
#2135=LINE('',#14969,#2784);
#2136=LINE('',#14971,#2785);
#2137=LINE('',#14974,#2786);
#2138=LINE('',#14976,#2787);
#2139=LINE('',#14977,#2788);
#2140=LINE('',#14980,#2789);
#2141=LINE('',#14987,#2790);
#2142=LINE('',#14989,#2791);
#2143=LINE('',#14993,#2792);
#2144=LINE('',#14997,#2793);
#2145=LINE('',#14999,#2794);
#2146=LINE('',#15001,#2795);
#2147=LINE('',#15002,#2796);
#2148=LINE('',#15064,#2797);
#2149=LINE('',#15065,#2798);
#2150=LINE('',#15067,#2799);
#2151=LINE('',#15070,#2800);
#2152=LINE('',#15074,#2801);
#2153=LINE('',#15075,#2802);
#2154=LINE('',#15078,#2803);
#2155=LINE('',#15082,#2804);
#2156=LINE('',#15083,#2805);
#2157=LINE('',#15101,#2806);
#2158=LINE('',#15140,#2807);
#2159=LINE('',#15144,#2808);
#2160=LINE('',#15146,#2809);
#2161=LINE('',#15147,#2810);
#2162=LINE('',#15150,#2811);
#2163=LINE('',#15161,#2812);
#2164=LINE('',#15162,#2813);
#2165=LINE('',#15165,#2814);
#2166=LINE('',#15170,#2815);
#2167=LINE('',#15173,#2816);
#2168=LINE('',#15177,#2817);
#2169=LINE('',#15180,#2818);
#2170=LINE('',#15189,#2819);
#2171=LINE('',#15191,#2820);
#2172=LINE('',#15193,#2821);
#2173=LINE('',#15201,#2822);
#2174=LINE('',#15205,#2823);
#2175=LINE('',#15235,#2824);
#2176=LINE('',#15259,#2825);
#2177=LINE('',#15295,#2826);
#2178=LINE('',#15345,#2827);
#2179=LINE('',#15349,#2828);
#2180=LINE('',#15352,#2829);
#2181=LINE('',#15364,#2830);
#2182=LINE('',#15369,#2831);
#2183=LINE('',#15371,#2832);
#2184=LINE('',#15375,#2833);
#2185=LINE('',#15378,#2834);
#2186=LINE('',#15381,#2835);
#2187=LINE('',#15384,#2836);
#2188=LINE('',#15386,#2837);
#2189=LINE('',#15387,#2838);
#2190=LINE('',#15390,#2839);
#2191=LINE('',#15392,#2840);
#2192=LINE('',#15393,#2841);
#2193=LINE('',#15395,#2842);
#2194=LINE('',#15396,#2843);
#2195=LINE('',#15400,#2844);
#2196=LINE('',#15402,#2845);
#2197=LINE('',#15407,#2846);
#2198=LINE('',#15419,#2847);
#2199=LINE('',#15441,#2848);
#2200=LINE('',#15443,#2849);
#2201=LINE('',#15444,#2850);
#2202=LINE('',#15446,#2851);
#2203=LINE('',#15448,#2852);
#2204=LINE('',#15451,#2853);
#2205=LINE('',#15454,#2854);
#2206=LINE('',#15455,#2855);
#2207=LINE('',#15460,#2856);
#2208=LINE('',#15462,#2857);
#2209=LINE('',#15464,#2858);
#2210=LINE('',#15471,#2859);
#2211=LINE('',#15479,#2860);
#2212=LINE('',#15482,#2861);
#2213=LINE('',#15484,#2862);
#2214=LINE('',#15494,#2863);
#2215=LINE('',#15496,#2864);
#2216=LINE('',#15500,#2865);
#2217=LINE('',#15502,#2866);
#2218=LINE('',#15503,#2867);
#2219=LINE('',#15509,#2868);
#2220=LINE('',#15511,#2869);
#2221=LINE('',#15520,#2870);
#2222=LINE('',#15522,#2871);
#2223=LINE('',#15524,#2872);
#2224=LINE('',#15533,#2873);
#2225=LINE('',#15535,#2874);
#2226=LINE('',#15539,#2875);
#2227=LINE('',#15543,#2876);
#2228=LINE('',#15547,#2877);
#2229=LINE('',#15551,#2878);
#2230=LINE('',#15557,#2879);
#2231=LINE('',#15561,#2880);
#2232=LINE('',#15565,#2881);
#2233=LINE('',#15569,#2882);
#2234=LINE('',#15573,#2883);
#2235=LINE('',#15582,#2884);
#2236=LINE('',#15591,#2885);
#2237=LINE('',#15592,#2886);
#2238=LINE('',#15595,#2887);
#2239=LINE('',#15596,#2888);
#2240=LINE('',#15601,#2889);
#2241=LINE('',#15602,#2890);
#2242=LINE('',#15605,#2891);
#2243=LINE('',#15606,#2892);
#2244=LINE('',#15612,#2893);
#2245=LINE('',#15617,#2894);
#2246=LINE('',#15620,#2895);
#2247=LINE('',#15621,#2896);
#2248=LINE('',#15625,#2897);
#2249=LINE('',#15626,#2898);
#2250=LINE('',#15629,#2899);
#2251=LINE('',#15630,#2900);
#2252=LINE('',#15634,#2901);
#2253=LINE('',#15639,#2902);
#2254=LINE('',#15643,#2903);
#2255=LINE('',#15644,#2904);
#2256=LINE('',#15648,#2905);
#2257=LINE('',#15654,#2906);
#2258=LINE('',#15660,#2907);
#2259=LINE('',#15663,#2908);
#2260=LINE('',#15734,#2909);
#2261=LINE('',#15735,#2910);
#2262=LINE('',#15773,#2911);
#2263=LINE('',#15780,#2912);
#2264=LINE('',#15786,#2913);
#2265=LINE('',#15789,#2914);
#2266=LINE('',#15791,#2915);
#2267=LINE('',#15792,#2916);
#2268=LINE('',#15795,#2917);
#2269=LINE('',#15800,#2918);
#2270=LINE('',#15802,#2919);
#2271=LINE('',#15807,#2920);
#2272=LINE('',#15809,#2921);
#2273=LINE('',#15811,#2922);
#2274=LINE('',#15813,#2923);
#2275=LINE('',#15814,#2924);
#2276=LINE('',#15817,#2925);
#2277=LINE('',#15819,#2926);
#2278=LINE('',#15820,#2927);
#2279=LINE('',#15823,#2928);
#2280=LINE('',#15825,#2929);
#2281=LINE('',#15827,#2930);
#2282=LINE('',#15828,#2931);
#2283=LINE('',#15831,#2932);
#2284=LINE('',#15832,#2933);
#2285=LINE('',#15835,#2934);
#2286=LINE('',#15837,#2935);
#2287=LINE('',#15838,#2936);
#2288=LINE('',#15841,#2937);
#2289=LINE('',#15843,#2938);
#2290=LINE('',#15844,#2939);
#2291=LINE('',#15847,#2940);
#2292=LINE('',#15849,#2941);
#2293=LINE('',#15853,#2942);
#2294=LINE('',#15857,#2943);
#2295=LINE('',#15859,#2944);
#2296=LINE('',#15865,#2945);
#2297=LINE('',#15868,#2946);
#2298=LINE('',#15870,#2947);
#2299=LINE('',#15872,#2948);
#2300=LINE('',#15873,#2949);
#2301=LINE('',#15875,#2950);
#2302=LINE('',#15878,#2951);
#2303=LINE('',#15880,#2952);
#2304=LINE('',#15881,#2953);
#2305=LINE('',#15884,#2954);
#2306=LINE('',#15891,#2955);
#2307=LINE('',#15893,#2956);
#2308=LINE('',#15897,#2957);
#2309=LINE('',#15901,#2958);
#2310=LINE('',#15903,#2959);
#2311=LINE('',#15905,#2960);
#2312=LINE('',#15906,#2961);
#2313=LINE('',#15968,#2962);
#2314=LINE('',#15969,#2963);
#2315=LINE('',#15971,#2964);
#2316=LINE('',#15974,#2965);
#2317=LINE('',#15978,#2966);
#2318=LINE('',#15979,#2967);
#2319=LINE('',#15981,#2968);
#2320=LINE('',#15984,#2969);
#2321=LINE('',#16000,#2970);
#2322=LINE('',#16039,#2971);
#2323=LINE('',#16042,#2972);
#2324=LINE('',#16043,#2973);
#2325=LINE('',#16046,#2974);
#2326=LINE('',#16058,#2975);
#2327=LINE('',#16059,#2976);
#2328=LINE('',#16062,#2977);
#2329=LINE('',#16090,#2978);
#2330=LINE('',#16114,#2979);
#2331=LINE('',#16150,#2980);
#2332=LINE('',#16200,#2981);
#2333=LINE('',#16204,#2982);
#2334=LINE('',#16217,#2983);
#2335=LINE('',#16222,#2984);
#2336=LINE('',#16226,#2985);
#2337=LINE('',#16229,#2986);
#2338=LINE('',#16232,#2987);
#2339=LINE('',#16235,#2988);
#2340=LINE('',#16237,#2989);
#2341=LINE('',#16238,#2990);
#2342=LINE('',#16241,#2991);
#2343=LINE('',#16243,#2992);
#2344=LINE('',#16244,#2993);
#2345=LINE('',#16246,#2994);
#2346=LINE('',#16247,#2995);
#2347=LINE('',#16251,#2996);
#2348=LINE('',#16253,#2997);
#2349=LINE('',#16258,#2998);
#2350=LINE('',#16270,#2999);
#2351=LINE('',#16291,#3000);
#2352=LINE('',#16293,#3001);
#2353=LINE('',#16294,#3002);
#2354=LINE('',#16296,#3003);
#2355=LINE('',#16298,#3004);
#2356=LINE('',#16301,#3005);
#2357=LINE('',#16304,#3006);
#2358=LINE('',#16305,#3007);
#2359=LINE('',#16310,#3008);
#2360=LINE('',#16312,#3009);
#2361=LINE('',#16314,#3010);
#2362=LINE('',#16316,#3011);
#2363=LINE('',#16323,#3012);
#2364=LINE('',#16331,#3013);
#2365=LINE('',#16334,#3014);
#2366=LINE('',#16336,#3015);
#2367=VECTOR('',#9550,10.);
#2368=VECTOR('',#9553,10.);
#2369=VECTOR('',#9556,10.);
#2370=VECTOR('',#9557,10.);
#2371=VECTOR('',#9558,10.);
#2372=VECTOR('',#9563,10.);
#2373=VECTOR('',#9566,10.);
#2374=VECTOR('',#9569,10.);
#2375=VECTOR('',#9570,10.);
#2376=VECTOR('',#9571,10.);
#2377=VECTOR('',#9576,10.);
#2378=VECTOR('',#9579,10.);
#2379=VECTOR('',#9582,10.);
#2380=VECTOR('',#9583,10.);
#2381=VECTOR('',#9584,10.);
#2382=VECTOR('',#9589,2.);
#2383=VECTOR('',#9590,2.);
#2384=VECTOR('',#9593,10.);
#2385=VECTOR('',#9594,10.);
#2386=VECTOR('',#9595,10.);
#2387=VECTOR('',#9600,1.75);
#2388=VECTOR('',#9611,10.);
#2389=VECTOR('',#9616,10.);
#2390=VECTOR('',#9617,10.);
#2391=VECTOR('',#9618,10.);
#2392=VECTOR('',#9623,1.75);
#2393=VECTOR('',#9632,10.);
#2394=VECTOR('',#9635,10.);
#2395=VECTOR('',#9636,10.);
#2396=VECTOR('',#9637,10.);
#2397=VECTOR('',#9640,10.);
#2398=VECTOR('',#9645,10.);
#2399=VECTOR('',#9646,10.);
#2400=VECTOR('',#9647,10.);
#2401=VECTOR('',#9652,1.75);
#2402=VECTOR('',#9657,10.);
#2403=VECTOR('',#9658,10.);
#2404=VECTOR('',#9659,10.);
#2405=VECTOR('',#9660,10.);
#2406=VECTOR('',#9667,10.);
#2407=VECTOR('',#9670,10.);
#2408=VECTOR('',#9671,10.);
#2409=VECTOR('',#9676,10.);
#2410=VECTOR('',#9679,10.);
#2411=VECTOR('',#9682,10.);
#2412=VECTOR('',#9687,10.);
#2413=VECTOR('',#9688,10.);
#2414=VECTOR('',#9689,10.);
#2415=VECTOR('',#9694,10.);
#2416=VECTOR('',#9695,10.);
#2417=VECTOR('',#9696,10.);
#2418=VECTOR('',#9699,10.);
#2419=VECTOR('',#9706,10.);
#2420=VECTOR('',#9707,10.);
#2421=VECTOR('',#9708,10.);
#2422=VECTOR('',#9717,10.);
#2423=VECTOR('',#9718,10.);
#2424=VECTOR('',#9719,10.);
#2425=VECTOR('',#9720,10.);
#2426=VECTOR('',#9721,10.);
#2427=VECTOR('',#9722,10.);
#2428=VECTOR('',#9725,10.);
#2429=VECTOR('',#9726,10.);
#2430=VECTOR('',#9731,10.);
#2431=VECTOR('',#9736,10.);
#2432=VECTOR('',#9737,10.);
#2433=VECTOR('',#9740,10.);
#2434=VECTOR('',#9743,10.);
#2435=VECTOR('',#9750,10.);
#2436=VECTOR('',#9753,10.);
#2437=VECTOR('',#9756,10.);
#2438=VECTOR('',#9757,10.);
#2439=VECTOR('',#9762,10.);
#2440=VECTOR('',#9763,10.);
#2441=VECTOR('',#9764,10.);
#2442=VECTOR('',#9765,10.);
#2443=VECTOR('',#9768,10.);
#2444=VECTOR('',#9781,10.);
#2445=VECTOR('',#9782,10.);
#2446=VECTOR('',#9783,10.);
#2447=VECTOR('',#9786,10.);
#2448=VECTOR('',#9793,10.);
#2449=VECTOR('',#9794,10.);
#2450=VECTOR('',#9797,10.);
#2451=VECTOR('',#9798,10.);
#2452=VECTOR('',#9799,10.);
#2453=VECTOR('',#9800,10.);
#2454=VECTOR('',#9801,10.);
#2455=VECTOR('',#9802,10.);
#2456=VECTOR('',#9805,10.);
#2457=VECTOR('',#9812,10.);
#2458=VECTOR('',#9815,10.);
#2459=VECTOR('',#9816,10.);
#2460=VECTOR('',#9819,10.);
#2461=VECTOR('',#9820,10.);
#2462=VECTOR('',#9821,10.);
#2463=VECTOR('',#9822,10.);
#2464=VECTOR('',#9823,10.);
#2465=VECTOR('',#9826,10.);
#2466=VECTOR('',#9841,10.);
#2467=VECTOR('',#9844,10.);
#2468=VECTOR('',#9855,10.);
#2469=VECTOR('',#9858,10.);
#2470=VECTOR('',#9869,3.);
#2471=VECTOR('',#9874,3.);
#2472=VECTOR('',#9875,10.);
#2473=VECTOR('',#9890,10.);
#2474=VECTOR('',#9897,10.);
#2475=VECTOR('',#9898,10.);
#2476=VECTOR('',#9905,10.);
#2477=VECTOR('',#9910,10.);
#2478=VECTOR('',#9911,10.);
#2479=VECTOR('',#9912,10.);
#2480=VECTOR('',#9915,10.);
#2481=VECTOR('',#9918,10.);
#2482=VECTOR('',#9921,10.);
#2483=VECTOR('',#9926,10.);
#2484=VECTOR('',#9927,10.);
#2485=VECTOR('',#9934,10.);
#2486=VECTOR('',#9945,10.);
#2487=VECTOR('',#9960,10.);
#2488=VECTOR('',#9965,10.);
#2489=VECTOR('',#9970,10.);
#2490=VECTOR('',#9973,10.);
#2491=VECTOR('',#9990,10.);
#2492=VECTOR('',#9991,10.);
#2493=VECTOR('',#9994,10.);
#2494=VECTOR('',#9999,10.);
#2495=VECTOR('',#10000,10.);
#2496=VECTOR('',#10005,10.);
#2497=VECTOR('',#10012,10.);
#2498=VECTOR('',#10015,10.);
#2499=VECTOR('',#10018,10.);
#2500=VECTOR('',#10019,10.);
#2501=VECTOR('',#10022,10.);
#2502=VECTOR('',#10025,10.);
#2503=VECTOR('',#10026,10.);
#2504=VECTOR('',#10029,10.);
#2505=VECTOR('',#10034,10.);
#2506=VECTOR('',#10035,10.);
#2507=VECTOR('',#10040,10.);
#2508=VECTOR('',#10043,10.);
#2509=VECTOR('',#10046,10.);
#2510=VECTOR('',#10047,10.);
#2511=VECTOR('',#10050,10.);
#2512=VECTOR('',#10053,10.);
#2513=VECTOR('',#10060,10.);
#2514=VECTOR('',#10067,10.);
#2515=VECTOR('',#10072,10.);
#2516=VECTOR('',#10075,10.);
#2517=VECTOR('',#10076,10.);
#2518=VECTOR('',#10077,10.);
#2519=VECTOR('',#10080,10.);
#2520=VECTOR('',#10081,10.);
#2521=VECTOR('',#10082,10.);
#2522=VECTOR('',#10085,10.);
#2523=VECTOR('',#10086,10.);
#2524=VECTOR('',#10095,10.);
#2525=VECTOR('',#10098,10.);
#2526=VECTOR('',#10101,10.);
#2527=VECTOR('',#10108,3.5);
#2528=VECTOR('',#10123,3.5);
#2529=VECTOR('',#10142,10.);
#2530=VECTOR('',#10145,10.);
#2531=VECTOR('',#10146,10.);
#2532=VECTOR('',#10149,10.);
#2533=VECTOR('',#10152,10.);
#2534=VECTOR('',#10157,10.);
#2535=VECTOR('',#10160,10.);
#2536=VECTOR('',#10161,10.);
#2537=VECTOR('',#10170,10.);
#2538=VECTOR('',#10181,1.75);
#2539=VECTOR('',#10192,1.75);
#2540=VECTOR('',#10197,2.25);
#2541=VECTOR('',#10200,2.25);
#2542=VECTOR('',#10209,10.);
#2543=VECTOR('',#10210,10.);
#2544=VECTOR('',#10211,10.);
#2545=VECTOR('',#10212,10.);
#2546=VECTOR('',#10213,10.);
#2547=VECTOR('',#10214,10.);
#2548=VECTOR('',#10215,10.);
#2549=VECTOR('',#10218,10.);
#2550=VECTOR('',#10221,10.);
#2551=VECTOR('',#10224,10.);
#2552=VECTOR('',#10227,10.);
#2553=VECTOR('',#10232,10.);
#2554=VECTOR('',#10235,10.);
#2555=VECTOR('',#10238,10.);
#2556=VECTOR('',#10241,10.);
#2557=VECTOR('',#10244,10.);
#2558=VECTOR('',#10253,10.);
#2559=VECTOR('',#10262,10.);
#2560=VECTOR('',#10263,10.);
#2561=VECTOR('',#10266,10.);
#2562=VECTOR('',#10267,10.);
#2563=VECTOR('',#10272,10.);
#2564=VECTOR('',#10273,10.);
#2565=VECTOR('',#10276,10.);
#2566=VECTOR('',#10277,10.);
#2567=VECTOR('',#10282,10.);
#2568=VECTOR('',#10283,10.);
#2569=VECTOR('',#10286,10.);
#2570=VECTOR('',#10287,10.);
#2571=VECTOR('',#10292,10.);
#2572=VECTOR('',#10293,10.);
#2573=VECTOR('',#10296,10.);
#2574=VECTOR('',#10297,10.);
#2575=VECTOR('',#10312,10.);
#2576=VECTOR('',#10313,10.);
#2577=VECTOR('',#10316,10.);
#2578=VECTOR('',#10317,10.);
#2579=VECTOR('',#10318,10.);
#2580=VECTOR('',#10319,10.);
#2581=VECTOR('',#10324,1.75);
#2582=VECTOR('',#10331,10.);
#2583=VECTOR('',#10332,10.);
#2584=VECTOR('',#10337,10.);
#2585=VECTOR('',#10338,10.);
#2586=VECTOR('',#10343,1.75);
#2587=VECTOR('',#10352,10.);
#2588=VECTOR('',#10355,10.);
#2589=VECTOR('',#10358,10.);
#2590=VECTOR('',#10361,10.);
#2591=VECTOR('',#10366,10.);
#2592=VECTOR('',#10367,10.);
#2593=VECTOR('',#10368,10.);
#2594=VECTOR('',#10373,10.);
#2595=VECTOR('',#10374,10.);
#2596=VECTOR('',#10375,10.);
#2597=VECTOR('',#10378,10.);
#2598=VECTOR('',#10385,10.);
#2599=VECTOR('',#10386,10.);
#2600=VECTOR('',#10393,10.);
#2601=VECTOR('',#10394,10.);
#2602=VECTOR('',#10395,10.);
#2603=VECTOR('',#10396,10.);
#2604=VECTOR('',#10397,10.);
#2605=VECTOR('',#10398,10.);
#2606=VECTOR('',#10401,10.);
#2607=VECTOR('',#10402,10.);
#2608=VECTOR('',#10407,10.);
#2609=VECTOR('',#10412,10.);
#2610=VECTOR('',#10413,10.);
#2611=VECTOR('',#10416,10.);
#2612=VECTOR('',#10419,10.);
#2613=VECTOR('',#10426,10.);
#2614=VECTOR('',#10429,10.);
#2615=VECTOR('',#10432,10.);
#2616=VECTOR('',#10433,10.);
#2617=VECTOR('',#10438,10.);
#2618=VECTOR('',#10439,10.);
#2619=VECTOR('',#10440,10.);
#2620=VECTOR('',#10443,10.);
#2621=VECTOR('',#10454,10.);
#2622=VECTOR('',#10455,10.);
#2623=VECTOR('',#10456,10.);
#2624=VECTOR('',#10459,10.);
#2625=VECTOR('',#10466,10.);
#2626=VECTOR('',#10467,10.);
#2627=VECTOR('',#10470,10.);
#2628=VECTOR('',#10471,10.);
#2629=VECTOR('',#10472,10.);
#2630=VECTOR('',#10473,10.);
#2631=VECTOR('',#10474,10.);
#2632=VECTOR('',#10475,10.);
#2633=VECTOR('',#10478,10.);
#2634=VECTOR('',#10493,10.);
#2635=VECTOR('',#10496,10.);
#2636=VECTOR('',#10507,10.);
#2637=VECTOR('',#10510,10.);
#2638=VECTOR('',#10521,3.);
#2639=VECTOR('',#10526,3.);
#2640=VECTOR('',#10527,10.);
#2641=VECTOR('',#10542,10.);
#2642=VECTOR('',#10549,10.);
#2643=VECTOR('',#10550,10.);
#2644=VECTOR('',#10557,10.);
#2645=VECTOR('',#10562,10.);
#2646=VECTOR('',#10563,10.);
#2647=VECTOR('',#10564,10.);
#2648=VECTOR('',#10567,10.);
#2649=VECTOR('',#10570,10.);
#2650=VECTOR('',#10573,10.);
#2651=VECTOR('',#10578,10.);
#2652=VECTOR('',#10579,10.);
#2653=VECTOR('',#10586,10.);
#2654=VECTOR('',#10597,10.);
#2655=VECTOR('',#10612,10.);
#2656=VECTOR('',#10617,10.);
#2657=VECTOR('',#10622,10.);
#2658=VECTOR('',#10641,10.);
#2659=VECTOR('',#10642,10.);
#2660=VECTOR('',#10645,10.);
#2661=VECTOR('',#10650,10.);
#2662=VECTOR('',#10651,10.);
#2663=VECTOR('',#10656,10.);
#2664=VECTOR('',#10663,10.);
#2665=VECTOR('',#10666,10.);
#2666=VECTOR('',#10669,10.);
#2667=VECTOR('',#10672,10.);
#2668=VECTOR('',#10675,10.);
#2669=VECTOR('',#10676,10.);
#2670=VECTOR('',#10679,10.);
#2671=VECTOR('',#10684,10.);
#2672=VECTOR('',#10685,10.);
#2673=VECTOR('',#10690,10.);
#2674=VECTOR('',#10693,10.);
#2675=VECTOR('',#10696,10.);
#2676=VECTOR('',#10697,10.);
#2677=VECTOR('',#10700,10.);
#2678=VECTOR('',#10703,10.);
#2679=VECTOR('',#10710,10.);
#2680=VECTOR('',#10717,10.);
#2681=VECTOR('',#10722,10.);
#2682=VECTOR('',#10725,10.);
#2683=VECTOR('',#10726,10.);
#2684=VECTOR('',#10727,10.);
#2685=VECTOR('',#10730,10.);
#2686=VECTOR('',#10731,10.);
#2687=VECTOR('',#10732,10.);
#2688=VECTOR('',#10735,10.);
#2689=VECTOR('',#10736,10.);
#2690=VECTOR('',#10745,10.);
#2691=VECTOR('',#10748,10.);
#2692=VECTOR('',#10751,10.);
#2693=VECTOR('',#10758,3.5);
#2694=VECTOR('',#10773,3.5);
#2695=VECTOR('',#10790,10.);
#2696=VECTOR('',#10793,10.);
#2697=VECTOR('',#10794,10.);
#2698=VECTOR('',#10797,10.);
#2699=VECTOR('',#10800,10.);
#2700=VECTOR('',#10805,10.);
#2701=VECTOR('',#10808,10.);
#2702=VECTOR('',#10809,10.);
#2703=VECTOR('',#10818,10.);
#2704=VECTOR('',#10821,10.);
#2705=VECTOR('',#10824,10.);
#2706=VECTOR('',#10827,10.);
#2707=VECTOR('',#10838,1.75);
#2708=VECTOR('',#10849,1.75);
#2709=VECTOR('',#10854,2.25);
#2710=VECTOR('',#10857,2.25);
#2711=VECTOR('',#10866,10.);
#2712=VECTOR('',#10869,10.);
#2713=VECTOR('',#10872,10.);
#2714=VECTOR('',#10873,10.);
#2715=VECTOR('',#10874,10.);
#2716=VECTOR('',#10879,10.);
#2717=VECTOR('',#10882,10.);
#2718=VECTOR('',#10885,10.);
#2719=VECTOR('',#10886,10.);
#2720=VECTOR('',#10887,10.);
#2721=VECTOR('',#10892,3.);
#2722=VECTOR('',#10893,3.);
#2723=VECTOR('',#10896,10.);
#2724=VECTOR('',#10897,10.);
#2725=VECTOR('',#10898,10.);
#2726=VECTOR('',#10903,10.);
#2727=VECTOR('',#10906,10.);
#2728=VECTOR('',#10909,10.);
#2729=VECTOR('',#10910,10.);
#2730=VECTOR('',#10911,10.);
#2731=VECTOR('',#10916,1.75);
#2732=VECTOR('',#10927,10.);
#2733=VECTOR('',#10930,10.);
#2734=VECTOR('',#10933,10.);
#2735=VECTOR('',#10934,10.);
#2736=VECTOR('',#10935,10.);
#2737=VECTOR('',#10940,1.75);
#2738=VECTOR('',#10951,10.);
#2739=VECTOR('',#10956,10.);
#2740=VECTOR('',#10957,10.);
#2741=VECTOR('',#10958,10.);
#2742=VECTOR('',#10963,10.);
#2743=VECTOR('',#10966,10.);
#2744=VECTOR('',#10983,10.);
#2745=VECTOR('',#10984,10.);
#2746=VECTOR('',#10997,10.);
#2747=VECTOR('',#10998,10.);
#2748=VECTOR('',#10999,10.);
#2749=VECTOR('',#11002,10.);
#2750=VECTOR('',#11003,10.);
#2751=VECTOR('',#11004,10.);
#2752=VECTOR('',#11007,10.);
#2753=VECTOR('',#11014,10.);
#2754=VECTOR('',#11017,10.);
#2755=VECTOR('',#11022,10.);
#2756=VECTOR('',#11023,10.);
#2757=VECTOR('',#11024,10.);
#2758=VECTOR('',#11025,10.);
#2759=VECTOR('',#11026,10.);
#2760=VECTOR('',#11029,10.);
#2761=VECTOR('',#11030,10.);
#2762=VECTOR('',#11031,10.);
#2763=VECTOR('',#11034,10.);
#2764=VECTOR('',#11035,10.);
#2765=VECTOR('',#11036,10.);
#2766=VECTOR('',#11037,10.);
#2767=VECTOR('',#11040,10.);
#2768=VECTOR('',#11041,10.);
#2769=VECTOR('',#11044,10.);
#2770=VECTOR('',#11045,10.);
#2771=VECTOR('',#11046,10.);
#2772=VECTOR('',#11049,10.);
#2773=VECTOR('',#11050,10.);
#2774=VECTOR('',#11051,10.);
#2775=VECTOR('',#11054,10.);
#2776=VECTOR('',#11055,10.);
#2777=VECTOR('',#11058,10.);
#2778=VECTOR('',#11061,10.);
#2779=VECTOR('',#11062,10.);
#2780=VECTOR('',#11063,10.);
#2781=VECTOR('',#11064,10.);
#2782=VECTOR('',#11065,10.);
#2783=VECTOR('',#11066,10.);
#2784=VECTOR('',#11067,10.);
#2785=VECTOR('',#11070,10.);
#2786=VECTOR('',#11073,10.);
#2787=VECTOR('',#11074,10.);
#2788=VECTOR('',#11075,10.);
#2789=VECTOR('',#11078,10.);
#2790=VECTOR('',#11079,10.);
#2791=VECTOR('',#11080,10.);
#2792=VECTOR('',#11083,10.);
#2793=VECTOR('',#11086,10.);
#2794=VECTOR('',#11087,10.);
#2795=VECTOR('',#11088,10.);
#2796=VECTOR('',#11089,10.);
#2797=VECTOR('',#11092,10.);
#2798=VECTOR('',#11093,10.);
#2799=VECTOR('',#11096,10.);
#2800=VECTOR('',#11099,10.);
#2801=VECTOR('',#11104,10.);
#2802=VECTOR('',#11105,10.);
#2803=VECTOR('',#11108,10.);
#2804=VECTOR('',#11113,10.);
#2805=VECTOR('',#11114,10.);
#2806=VECTOR('',#11123,10.);
#2807=VECTOR('',#11124,10.);
#2808=VECTOR('',#11129,10.);
#2809=VECTOR('',#11130,10.);
#2810=VECTOR('',#11131,10.);
#2811=VECTOR('',#11134,10.);
#2812=VECTOR('',#11145,10.);
#2813=VECTOR('',#11146,10.);
#2814=VECTOR('',#11151,10.);
#2815=VECTOR('',#11158,10.);
#2816=VECTOR('',#11161,10.);
#2817=VECTOR('',#11164,10.);
#2818=VECTOR('',#11167,10.);
#2819=VECTOR('',#11168,10.);
#2820=VECTOR('',#11169,10.);
#2821=VECTOR('',#11170,10.);
#2822=VECTOR('',#11171,10.);
#2823=VECTOR('',#11174,10.);
#2824=VECTOR('',#11183,10.);
#2825=VECTOR('',#11194,10.);
#2826=VECTOR('',#11209,10.);
#2827=VECTOR('',#11214,10.);
#2828=VECTOR('',#11219,10.);
#2829=VECTOR('',#11222,10.);
#2830=VECTOR('',#11241,10.);
#2831=VECTOR('',#11246,10.);
#2832=VECTOR('',#11247,10.);
#2833=VECTOR('',#11250,10.);
#2834=VECTOR('',#11253,10.);
#2835=VECTOR('',#11256,10.);
#2836=VECTOR('',#11259,10.);
#2837=VECTOR('',#11260,10.);
#2838=VECTOR('',#11261,10.);
#2839=VECTOR('',#11264,10.);
#2840=VECTOR('',#11265,10.);
#2841=VECTOR('',#11266,10.);
#2842=VECTOR('',#11269,10.);
#2843=VECTOR('',#11270,10.);
#2844=VECTOR('',#11277,10.);
#2845=VECTOR('',#11280,10.);
#2846=VECTOR('',#11287,3.5);
#2847=VECTOR('',#11302,3.5);
#2848=VECTOR('',#11321,10.);
#2849=VECTOR('',#11324,10.);
#2850=VECTOR('',#11325,10.);
#2851=VECTOR('',#11328,10.);
#2852=VECTOR('',#11331,10.);
#2853=VECTOR('',#11336,10.);
#2854=VECTOR('',#11339,10.);
#2855=VECTOR('',#11340,10.);
#2856=VECTOR('',#11349,10.);
#2857=VECTOR('',#11352,10.);
#2858=VECTOR('',#11355,10.);
#2859=VECTOR('',#11364,1.75);
#2860=VECTOR('',#11375,1.75);
#2861=VECTOR('',#11380,2.25);
#2862=VECTOR('',#11383,2.25);
#2863=VECTOR('',#11396,10.);
#2864=VECTOR('',#11397,10.);
#2865=VECTOR('',#11400,10.);
#2866=VECTOR('',#11401,10.);
#2867=VECTOR('',#11402,10.);
#2868=VECTOR('',#11407,10.);
#2869=VECTOR('',#11408,10.);
#2870=VECTOR('',#11409,10.);
#2871=VECTOR('',#11410,10.);
#2872=VECTOR('',#11411,10.);
#2873=VECTOR('',#11412,10.);
#2874=VECTOR('',#11413,10.);
#2875=VECTOR('',#11416,10.);
#2876=VECTOR('',#11419,10.);
#2877=VECTOR('',#11422,10.);
#2878=VECTOR('',#11425,10.);
#2879=VECTOR('',#11430,10.);
#2880=VECTOR('',#11433,10.);
#2881=VECTOR('',#11436,10.);
#2882=VECTOR('',#11439,10.);
#2883=VECTOR('',#11442,10.);
#2884=VECTOR('',#11451,10.);
#2885=VECTOR('',#11460,10.);
#2886=VECTOR('',#11461,10.);
#2887=VECTOR('',#11464,10.);
#2888=VECTOR('',#11465,10.);
#2889=VECTOR('',#11470,10.);
#2890=VECTOR('',#11471,10.);
#2891=VECTOR('',#11474,10.);
#2892=VECTOR('',#11475,10.);
#2893=VECTOR('',#11480,3.);
#2894=VECTOR('',#11481,3.);
#2895=VECTOR('',#11484,10.);
#2896=VECTOR('',#11485,10.);
#2897=VECTOR('',#11490,10.);
#2898=VECTOR('',#11491,10.);
#2899=VECTOR('',#11494,10.);
#2900=VECTOR('',#11495,10.);
#2901=VECTOR('',#11500,1.75);
#2902=VECTOR('',#11507,10.);
#2903=VECTOR('',#11512,10.);
#2904=VECTOR('',#11513,10.);
#2905=VECTOR('',#11518,1.75);
#2906=VECTOR('',#11529,10.);
#2907=VECTOR('',#11534,10.);
#2908=VECTOR('',#11537,10.);
#2909=VECTOR('',#11554,10.);
#2910=VECTOR('',#11555,10.);
#2911=VECTOR('',#11568,10.);
#2912=VECTOR('',#11569,10.);
#2913=VECTOR('',#11570,10.);
#2914=VECTOR('',#11573,10.);
#2915=VECTOR('',#11574,10.);
#2916=VECTOR('',#11575,10.);
#2917=VECTOR('',#11578,10.);
#2918=VECTOR('',#11585,10.);
#2919=VECTOR('',#11588,10.);
#2920=VECTOR('',#11593,10.);
#2921=VECTOR('',#11594,10.);
#2922=VECTOR('',#11595,10.);
#2923=VECTOR('',#11596,10.);
#2924=VECTOR('',#11597,10.);
#2925=VECTOR('',#11600,10.);
#2926=VECTOR('',#11601,10.);
#2927=VECTOR('',#11602,10.);
#2928=VECTOR('',#11605,10.);
#2929=VECTOR('',#11606,10.);
#2930=VECTOR('',#11607,10.);
#2931=VECTOR('',#11608,10.);
#2932=VECTOR('',#11611,10.);
#2933=VECTOR('',#11612,10.);
#2934=VECTOR('',#11615,10.);
#2935=VECTOR('',#11616,10.);
#2936=VECTOR('',#11617,10.);
#2937=VECTOR('',#11620,10.);
#2938=VECTOR('',#11621,10.);
#2939=VECTOR('',#11622,10.);
#2940=VECTOR('',#11625,10.);
#2941=VECTOR('',#11626,10.);
#2942=VECTOR('',#11629,10.);
#2943=VECTOR('',#11632,10.);
#2944=VECTOR('',#11633,10.);
#2945=VECTOR('',#11634,10.);
#2946=VECTOR('',#11635,10.);
#2947=VECTOR('',#11636,10.);
#2948=VECTOR('',#11637,10.);
#2949=VECTOR('',#11638,10.);
#2950=VECTOR('',#11641,10.);
#2951=VECTOR('',#11644,10.);
#2952=VECTOR('',#11645,10.);
#2953=VECTOR('',#11646,10.);
#2954=VECTOR('',#11649,10.);
#2955=VECTOR('',#11650,10.);
#2956=VECTOR('',#11651,10.);
#2957=VECTOR('',#11654,10.);
#2958=VECTOR('',#11657,10.);
#2959=VECTOR('',#11658,10.);
#2960=VECTOR('',#11659,10.);
#2961=VECTOR('',#11660,10.);
#2962=VECTOR('',#11663,10.);
#2963=VECTOR('',#11664,10.);
#2964=VECTOR('',#11667,10.);
#2965=VECTOR('',#11670,10.);
#2966=VECTOR('',#11675,10.);
#2967=VECTOR('',#11676,10.);
#2968=VECTOR('',#11679,10.);
#2969=VECTOR('',#11684,10.);
#2970=VECTOR('',#11691,10.);
#2971=VECTOR('',#11692,10.);
#2972=VECTOR('',#11697,10.);
#2973=VECTOR('',#11698,10.);
#2974=VECTOR('',#11701,10.);
#2975=VECTOR('',#11710,10.);
#2976=VECTOR('',#11711,10.);
#2977=VECTOR('',#11716,10.);
#2978=VECTOR('',#11725,10.);
#2979=VECTOR('',#11736,10.);
#2980=VECTOR('',#11751,10.);
#2981=VECTOR('',#11756,10.);
#2982=VECTOR('',#11761,10.);
#2983=VECTOR('',#11782,10.);
#2984=VECTOR('',#11787,10.);
#2985=VECTOR('',#11790,10.);
#2986=VECTOR('',#11793,10.);
#2987=VECTOR('',#11796,10.);
#2988=VECTOR('',#11799,10.);
#2989=VECTOR('',#11800,10.);
#2990=VECTOR('',#11801,10.);
#2991=VECTOR('',#11804,10.);
#2992=VECTOR('',#11805,10.);
#2993=VECTOR('',#11806,10.);
#2994=VECTOR('',#11809,10.);
#2995=VECTOR('',#11810,10.);
#2996=VECTOR('',#11817,10.);
#2997=VECTOR('',#11820,10.);
#2998=VECTOR('',#11827,3.5);
#2999=VECTOR('',#11842,3.5);
#3000=VECTOR('',#11859,10.);
#3001=VECTOR('',#11862,10.);
#3002=VECTOR('',#11863,10.);
#3003=VECTOR('',#11866,10.);
#3004=VECTOR('',#11869,10.);
#3005=VECTOR('',#11874,10.);
#3006=VECTOR('',#11877,10.);
#3007=VECTOR('',#11878,10.);
#3008=VECTOR('',#11887,10.);
#3009=VECTOR('',#11890,10.);
#3010=VECTOR('',#11893,10.);
#3011=VECTOR('',#11896,10.);
#3012=VECTOR('',#11905,1.75);
#3013=VECTOR('',#11916,1.75);
#3014=VECTOR('',#11921,2.25);
#3015=VECTOR('',#11924,2.25);
#3016=CIRCLE('',#8673,2.);
#3017=CIRCLE('',#8674,2.);
#3018=CIRCLE('',#8677,2.);
#3019=CIRCLE('',#8678,2.);
#3020=CIRCLE('',#8681,2.);
#3021=CIRCLE('',#8682,2.);
#3022=CIRCLE('',#8685,2.);
#3023=CIRCLE('',#8688,1.75);
#3024=CIRCLE('',#8689,1.75);
#3025=CIRCLE('',#8691,3.75);
#3026=CIRCLE('',#8692,3.75);
#3027=CIRCLE('',#8694,18.38);
#3028=CIRCLE('',#8697,1.75);
#3029=CIRCLE('',#8698,1.75);
#3030=CIRCLE('',#8700,3.75);
#3031=CIRCLE('',#8701,3.75);
#3032=CIRCLE('',#8704,18.38);
#3033=CIRCLE('',#8707,1.75);
#3034=CIRCLE('',#8708,1.75);
#3035=CIRCLE('',#8711,3.75);
#3036=CIRCLE('',#8712,3.75);
#3037=CIRCLE('',#8715,18.38);
#3038=CIRCLE('',#8717,3.);
#3039=CIRCLE('',#8718,1.8);
#3040=CIRCLE('',#8723,3.);
#3041=CIRCLE('',#8724,1.8);
#3042=CIRCLE('',#8727,6.2);
#3043=CIRCLE('',#8728,5.);
#3044=CIRCLE('',#8736,0.8);
#3045=CIRCLE('',#8737,0.8);
#3046=CIRCLE('',#8738,18.2);
#3047=CIRCLE('',#8739,0.8);
#3048=CIRCLE('',#8740,0.8);
#3049=CIRCLE('',#8742,3.);
#3050=CIRCLE('',#8745,3.);
#3051=CIRCLE('',#8746,1.8);
#3052=CIRCLE('',#8748,5.);
#3053=CIRCLE('',#8749,6.2);
#3054=CIRCLE('',#8752,1.8);
#3055=CIRCLE('',#8758,18.38);
#3056=CIRCLE('',#8760,4.25);
#3057=CIRCLE('',#8761,4.25);
#3058=CIRCLE('',#8762,16.38);
#3059=CIRCLE('',#8763,2.25);
#3060=CIRCLE('',#8764,2.25);
#3061=CIRCLE('',#8765,0.6);
#3062=CIRCLE('',#8766,0.6);
#3063=CIRCLE('',#8767,0.599999999999999);
#3064=CIRCLE('',#8768,0.6);
#3065=CIRCLE('',#8770,1.);
#3066=CIRCLE('',#8771,1.);
#3067=CIRCLE('',#8772,1.);
#3068=CIRCLE('',#8776,1.);
#3069=CIRCLE('',#8778,0.999999999999999);
#3070=CIRCLE('',#8781,3.);
#3071=CIRCLE('',#8785,3.);
#3072=CIRCLE('',#8787,1.);
#3073=CIRCLE('',#8790,1.);
#3074=CIRCLE('',#8793,0.999999999999999);
#3075=CIRCLE('',#8800,18.2);
#3076=CIRCLE('',#8802,0.6);
#3077=CIRCLE('',#8806,3.);
#3078=CIRCLE('',#8809,3.);
#3079=CIRCLE('',#8810,3.);
#3080=CIRCLE('',#8812,3.);
#3081=CIRCLE('',#8814,3.);
#3082=CIRCLE('',#8815,6.);
#3083=CIRCLE('',#8816,6.);
#3084=CIRCLE('',#8820,18.38);
#3085=CIRCLE('',#8822,15.38);
#3086=CIRCLE('',#8824,15.38);
#3087=CIRCLE('',#8828,3.);
#3088=CIRCLE('',#8833,0.8);
#3089=CIRCLE('',#8836,0.8);
#3090=CIRCLE('',#8838,18.2);
#3091=CIRCLE('',#8839,0.8);
#3092=CIRCLE('',#8840,0.8);
#3093=CIRCLE('',#8842,3.43181818181818);
#3094=CIRCLE('',#8843,15.38);
#3095=CIRCLE('',#8844,15.38);
#3096=CIRCLE('',#8845,3.43181818181818);
#3097=CIRCLE('',#8846,3.43181818181818);
#3098=CIRCLE('',#8847,13.38);
#3099=CIRCLE('',#8855,0.6);
#3100=CIRCLE('',#8857,0.6);
#3101=CIRCLE('',#8859,0.6);
#3102=CIRCLE('',#8872,2.75);
#3103=CIRCLE('',#8874,4.25);
#3104=CIRCLE('',#8877,1.75);
#3105=CIRCLE('',#8879,2.75);
#3106=CIRCLE('',#8880,4.25);
#3107=CIRCLE('',#8883,4.25);
#3108=CIRCLE('',#8885,1.75);
#3109=CIRCLE('',#8887,13.38);
#3110=CIRCLE('',#8901,2.25);
#3111=CIRCLE('',#8902,1.75);
#3112=CIRCLE('',#8906,2.25);
#3113=CIRCLE('',#8907,1.75);
#3114=CIRCLE('',#8915,6.2);
#3115=CIRCLE('',#8916,6.2);
#3116=CIRCLE('',#8917,4.25);
#3117=CIRCLE('',#8918,2.);
#3118=CIRCLE('',#8919,3.75);
#3119=CIRCLE('',#8920,2.);
#3120=CIRCLE('',#8921,18.38);
#3121=CIRCLE('',#8922,18.38);
#3122=CIRCLE('',#8923,4.25);
#3123=CIRCLE('',#8924,2.);
#3124=CIRCLE('',#8925,3.75);
#3125=CIRCLE('',#8926,2.);
#3126=CIRCLE('',#8927,2.25);
#3127=CIRCLE('',#8928,2.25);
#3128=CIRCLE('',#8929,16.38);
#3129=CIRCLE('',#8930,1.75);
#3130=CIRCLE('',#8931,1.75);
#3131=CIRCLE('',#8933,2.);
#3132=CIRCLE('',#8936,2.);
#3133=CIRCLE('',#8939,2.);
#3134=CIRCLE('',#8942,2.);
#3135=CIRCLE('',#8946,3.75);
#3136=CIRCLE('',#8949,3.75);
#3137=CIRCLE('',#8953,1.75);
#3138=CIRCLE('',#8955,3.75);
#3139=CIRCLE('',#8957,18.38);
#3140=CIRCLE('',#8960,1.75);
#3141=CIRCLE('',#8962,3.75);
#3142=CIRCLE('',#8967,3.);
#3143=CIRCLE('',#8968,1.8);
#3144=CIRCLE('',#8973,3.);
#3145=CIRCLE('',#8974,1.8);
#3146=CIRCLE('',#8977,5.);
#3147=CIRCLE('',#8985,0.8);
#3148=CIRCLE('',#8986,0.8);
#3149=CIRCLE('',#8987,18.2);
#3150=CIRCLE('',#8988,0.8);
#3151=CIRCLE('',#8989,0.8);
#3152=CIRCLE('',#8991,3.);
#3153=CIRCLE('',#8994,3.);
#3154=CIRCLE('',#8995,1.8);
#3155=CIRCLE('',#8997,5.);
#3156=CIRCLE('',#9000,1.8);
#3157=CIRCLE('',#9006,18.38);
#3158=CIRCLE('',#9007,0.6);
#3159=CIRCLE('',#9008,0.6);
#3160=CIRCLE('',#9009,0.599999999999999);
#3161=CIRCLE('',#9010,0.6);
#3162=CIRCLE('',#9012,1.);
#3163=CIRCLE('',#9013,1.);
#3164=CIRCLE('',#9014,1.);
#3165=CIRCLE('',#9018,1.);
#3166=CIRCLE('',#9020,0.999999999999999);
#3167=CIRCLE('',#9023,3.);
#3168=CIRCLE('',#9027,3.);
#3169=CIRCLE('',#9029,1.);
#3170=CIRCLE('',#9032,1.);
#3171=CIRCLE('',#9035,0.999999999999999);
#3172=CIRCLE('',#9042,18.2);
#3173=CIRCLE('',#9044,0.6);
#3174=CIRCLE('',#9048,3.);
#3175=CIRCLE('',#9051,3.);
#3176=CIRCLE('',#9052,3.);
#3177=CIRCLE('',#9054,3.);
#3178=CIRCLE('',#9056,3.);
#3179=CIRCLE('',#9057,6.);
#3180=CIRCLE('',#9058,6.);
#3181=CIRCLE('',#9062,18.38);
#3182=CIRCLE('',#9064,15.38);
#3183=CIRCLE('',#9066,15.38);
#3184=CIRCLE('',#9070,3.);
#3185=CIRCLE('',#9075,0.8);
#3186=CIRCLE('',#9078,0.8);
#3187=CIRCLE('',#9080,18.2);
#3188=CIRCLE('',#9081,0.8);
#3189=CIRCLE('',#9082,0.8);
#3190=CIRCLE('',#9084,3.43181818181818);
#3191=CIRCLE('',#9085,15.38);
#3192=CIRCLE('',#9086,15.38);
#3193=CIRCLE('',#9087,3.43181818181818);
#3194=CIRCLE('',#9088,3.43181818181818);
#3195=CIRCLE('',#9089,13.38);
#3196=CIRCLE('',#9097,0.6);
#3197=CIRCLE('',#9099,0.6);
#3198=CIRCLE('',#9101,0.6);
#3199=CIRCLE('',#9114,2.75);
#3200=CIRCLE('',#9116,4.25);
#3201=CIRCLE('',#9119,1.75);
#3202=CIRCLE('',#9121,2.75);
#3203=CIRCLE('',#9122,4.25);
#3204=CIRCLE('',#9124,4.25);
#3205=CIRCLE('',#9126,1.75);
#3206=CIRCLE('',#9128,13.38);
#3207=CIRCLE('',#9134,18.38);
#3208=CIRCLE('',#9137,18.38);
#3209=CIRCLE('',#9145,2.25);
#3210=CIRCLE('',#9146,1.75);
#3211=CIRCLE('',#9150,2.25);
#3212=CIRCLE('',#9151,1.75);
#3213=CIRCLE('',#9159,3.);
#3214=CIRCLE('',#9160,3.);
#3215=CIRCLE('',#9163,3.);
#3216=CIRCLE('',#9164,3.);
#3217=CIRCLE('',#9167,3.);
#3218=CIRCLE('',#9170,3.);
#3219=CIRCLE('',#9171,3.);
#3220=CIRCLE('',#9174,1.75);
#3221=CIRCLE('',#9175,1.75);
#3222=CIRCLE('',#9177,3.75);
#3223=CIRCLE('',#9178,3.75);
#3224=CIRCLE('',#9180,18.38);
#3225=CIRCLE('',#9183,1.75);
#3226=CIRCLE('',#9184,1.75);
#3227=CIRCLE('',#9186,3.75);
#3228=CIRCLE('',#9187,3.75);
#3229=CIRCLE('',#9189,18.38);
#3230=CIRCLE('',#9192,2.);
#3231=CIRCLE('',#9193,2.);
#3232=CIRCLE('',#9195,3.);
#3233=CIRCLE('',#9196,1.);
#3234=CIRCLE('',#9198,2.);
#3235=CIRCLE('',#9201,2.);
#3236=CIRCLE('',#9205,1.);
#3237=CIRCLE('',#9206,3.);
#3238=CIRCLE('',#9210,1.);
#3239=CIRCLE('',#9212,1.);
#3240=CIRCLE('',#9222,1.8);
#3241=CIRCLE('',#9223,1.8);
#3242=CIRCLE('',#9227,1.8);
#3243=CIRCLE('',#9228,1.8);
#3244=CIRCLE('',#9232,3.);
#3245=CIRCLE('',#9235,3.);
#3246=CIRCLE('',#9238,6.2);
#3247=CIRCLE('',#9239,5.);
#3248=CIRCLE('',#9241,3.);
#3249=CIRCLE('',#9244,3.);
#3250=CIRCLE('',#9246,5.);
#3251=CIRCLE('',#9247,6.2);
#3252=CIRCLE('',#9252,18.38);
#3253=CIRCLE('',#9254,4.25);
#3254=CIRCLE('',#9255,18.38);
#3255=CIRCLE('',#9256,4.25);
#3256=CIRCLE('',#9257,16.38);
#3257=CIRCLE('',#9258,2.25);
#3258=CIRCLE('',#9259,2.25);
#3259=CIRCLE('',#9261,3.);
#3260=CIRCLE('',#9264,3.);
#3261=CIRCLE('',#9265,3.);
#3262=CIRCLE('',#9267,3.);
#3263=CIRCLE('',#9269,3.);
#3264=CIRCLE('',#9270,6.);
#3265=CIRCLE('',#9271,6.);
#3266=CIRCLE('',#9275,18.38);
#3267=CIRCLE('',#9277,15.38);
#3268=CIRCLE('',#9279,15.38);
#3269=CIRCLE('',#9283,3.);
#3270=CIRCLE('',#9287,15.38);
#3271=CIRCLE('',#9288,3.43181818181818);
#3272=CIRCLE('',#9289,3.43181818181818);
#3273=CIRCLE('',#9290,3.43181818181818);
#3274=CIRCLE('',#9291,15.38);
#3275=CIRCLE('',#9292,13.38);
#3276=CIRCLE('',#9302,2.53181818181818);
#3277=CIRCLE('',#9304,4.25);
#3278=CIRCLE('',#9307,1.75);
#3279=CIRCLE('',#9309,2.53181818181818);
#3280=CIRCLE('',#9310,4.25);
#3281=CIRCLE('',#9313,4.25);
#3282=CIRCLE('',#9315,1.75);
#3283=CIRCLE('',#9317,13.38);
#3284=CIRCLE('',#9326,18.38);
#3285=CIRCLE('',#9332,2.25);
#3286=CIRCLE('',#9333,1.75);
#3287=CIRCLE('',#9337,2.25);
#3288=CIRCLE('',#9338,1.75);
#3289=CIRCLE('',#9347,3.75);
#3290=CIRCLE('',#9351,6.2);
#3291=CIRCLE('',#9352,6.2);
#3292=CIRCLE('',#9353,4.25);
#3293=CIRCLE('',#9354,3.);
#3294=CIRCLE('',#9355,3.75);
#3295=CIRCLE('',#9356,3.);
#3296=CIRCLE('',#9357,18.38);
#3297=CIRCLE('',#9358,18.38);
#3298=CIRCLE('',#9359,4.25);
#3299=CIRCLE('',#9360,3.);
#3300=CIRCLE('',#9361,3.75);
#3301=CIRCLE('',#9362,3.);
#3302=CIRCLE('',#9363,2.25);
#3303=CIRCLE('',#9364,2.25);
#3304=CIRCLE('',#9365,16.38);
#3305=CIRCLE('',#9366,1.75);
#3306=CIRCLE('',#9367,1.75);
#3307=CIRCLE('',#9369,3.);
#3308=CIRCLE('',#9372,3.);
#3309=CIRCLE('',#9375,3.);
#3310=CIRCLE('',#9378,3.);
#3311=CIRCLE('',#9381,1.75);
#3312=CIRCLE('',#9383,3.75);
#3313=CIRCLE('',#9385,18.38);
#3314=CIRCLE('',#9388,1.75);
#3315=CIRCLE('',#9390,3.75);
#3316=CIRCLE('',#9392,18.38);
#3317=CIRCLE('',#9395,2.);
#3318=CIRCLE('',#9396,2.);
#3319=CIRCLE('',#9398,3.);
#3320=CIRCLE('',#9399,1.);
#3321=CIRCLE('',#9401,2.);
#3322=CIRCLE('',#9404,2.);
#3323=CIRCLE('',#9408,1.);
#3324=CIRCLE('',#9409,3.);
#3325=CIRCLE('',#9413,1.);
#3326=CIRCLE('',#9415,1.);
#3327=CIRCLE('',#9425,1.8);
#3328=CIRCLE('',#9426,1.8);
#3329=CIRCLE('',#9430,1.8);
#3330=CIRCLE('',#9431,1.8);
#3331=CIRCLE('',#9435,3.);
#3332=CIRCLE('',#9438,3.);
#3333=CIRCLE('',#9441,5.);
#3334=CIRCLE('',#9443,3.);
#3335=CIRCLE('',#9446,3.);
#3336=CIRCLE('',#9448,5.);
#3337=CIRCLE('',#9453,18.38);
#3338=CIRCLE('',#9455,3.);
#3339=CIRCLE('',#9458,3.);
#3340=CIRCLE('',#9459,3.);
#3341=CIRCLE('',#9461,3.);
#3342=CIRCLE('',#9463,3.);
#3343=CIRCLE('',#9464,6.);
#3344=CIRCLE('',#9465,6.);
#3345=CIRCLE('',#9469,18.38);
#3346=CIRCLE('',#9471,15.38);
#3347=CIRCLE('',#9473,15.38);
#3348=CIRCLE('',#9477,3.);
#3349=CIRCLE('',#9481,15.38);
#3350=CIRCLE('',#9482,3.43181818181818);
#3351=CIRCLE('',#9483,3.43181818181818);
#3352=CIRCLE('',#9484,3.43181818181818);
#3353=CIRCLE('',#9485,15.38);
#3354=CIRCLE('',#9486,13.38);
#3355=CIRCLE('',#9496,2.53181818181818);
#3356=CIRCLE('',#9498,4.25);
#3357=CIRCLE('',#9501,1.75);
#3358=CIRCLE('',#9503,2.53181818181818);
#3359=CIRCLE('',#9504,4.25);
#3360=CIRCLE('',#9506,4.25);
#3361=CIRCLE('',#9508,1.75);
#3362=CIRCLE('',#9510,13.38);
#3363=CIRCLE('',#9516,18.38);
#3364=CIRCLE('',#9519,18.38);
#3365=CIRCLE('',#9526,2.25);
#3366=CIRCLE('',#9527,1.75);
#3367=CIRCLE('',#9531,2.25);
#3368=CIRCLE('',#9532,1.75);
#3369=VERTEX_POINT('',#11938);
#3370=VERTEX_POINT('',#11939);
#3371=VERTEX_POINT('',#11941);
#3372=VERTEX_POINT('',#11943);
#3373=VERTEX_POINT('',#11947);
#3374=VERTEX_POINT('',#11949);
#3375=VERTEX_POINT('',#11953);
#3376=VERTEX_POINT('',#11954);
#3377=VERTEX_POINT('',#11956);
#3378=VERTEX_POINT('',#11958);
#3379=VERTEX_POINT('',#11962);
#3380=VERTEX_POINT('',#11964);
#3381=VERTEX_POINT('',#11968);
#3382=VERTEX_POINT('',#11969);
#3383=VERTEX_POINT('',#11971);
#3384=VERTEX_POINT('',#11973);
#3385=VERTEX_POINT('',#11977);
#3386=VERTEX_POINT('',#11979);
#3387=VERTEX_POINT('',#11983);
#3388=VERTEX_POINT('',#11984);
#3389=VERTEX_POINT('',#11986);
#3390=VERTEX_POINT('',#11988);
#3391=VERTEX_POINT('',#12003);
#3392=VERTEX_POINT('',#12007);
#3393=VERTEX_POINT('',#12009);
#3394=VERTEX_POINT('',#12013);
#3395=VERTEX_POINT('',#12015);
#3396=VERTEX_POINT('',#12022);
#3397=VERTEX_POINT('',#12026);
#3398=VERTEX_POINT('',#12028);
#3399=VERTEX_POINT('',#12032);
#3400=VERTEX_POINT('',#12034);
#3401=VERTEX_POINT('',#12038);
#3402=VERTEX_POINT('',#12040);
#3403=VERTEX_POINT('',#12044);
#3404=VERTEX_POINT('',#12046);
#3405=VERTEX_POINT('',#12050);
#3406=VERTEX_POINT('',#12054);
#3407=VERTEX_POINT('',#12056);
#3408=VERTEX_POINT('',#12060);
#3409=VERTEX_POINT('',#12062);
#3410=VERTEX_POINT('',#12066);
#3411=VERTEX_POINT('',#12067);
#3412=VERTEX_POINT('',#12069);
#3413=VERTEX_POINT('',#12071);
#3414=VERTEX_POINT('',#12075);
#3415=VERTEX_POINT('',#12077);
#3416=VERTEX_POINT('',#12084);
#3417=VERTEX_POINT('',#12088);
#3418=VERTEX_POINT('',#12089);
#3419=VERTEX_POINT('',#12091);
#3420=VERTEX_POINT('',#12093);
#3421=VERTEX_POINT('',#12097);
#3422=VERTEX_POINT('',#12098);
#3423=VERTEX_POINT('',#12101);
#3424=VERTEX_POINT('',#12105);
#3425=VERTEX_POINT('',#12107);
#3426=VERTEX_POINT('',#12111);
#3427=VERTEX_POINT('',#12112);
#3428=VERTEX_POINT('',#12117);
#3429=VERTEX_POINT('',#12119);
#3430=VERTEX_POINT('',#12123);
#3431=VERTEX_POINT('',#12124);
#3432=VERTEX_POINT('',#12129);
#3433=VERTEX_POINT('',#12138);
#3434=VERTEX_POINT('',#12140);
#3435=VERTEX_POINT('',#12146);
#3436=VERTEX_POINT('',#12147);
#3437=VERTEX_POINT('',#12149);
#3438=VERTEX_POINT('',#12151);
#3439=VERTEX_POINT('',#12155);
#3440=VERTEX_POINT('',#12157);
#3441=VERTEX_POINT('',#12168);
#3442=VERTEX_POINT('',#12170);
#3443=VERTEX_POINT('',#12174);
#3444=VERTEX_POINT('',#12176);
#3445=VERTEX_POINT('',#12178);
#3446=VERTEX_POINT('',#12180);
#3447=VERTEX_POINT('',#12182);
#3448=VERTEX_POINT('',#12184);
#3449=VERTEX_POINT('',#12186);
#3450=VERTEX_POINT('',#12188);
#3451=VERTEX_POINT('',#12190);
#3452=VERTEX_POINT('',#12192);
#3453=VERTEX_POINT('',#12194);
#3454=VERTEX_POINT('',#12198);
#3455=VERTEX_POINT('',#12200);
#3456=VERTEX_POINT('',#12205);
#3457=VERTEX_POINT('',#12232);
#3458=VERTEX_POINT('',#12237);
#3459=VERTEX_POINT('',#12241);
#3460=VERTEX_POINT('',#12242);
#3461=VERTEX_POINT('',#12244);
#3462=VERTEX_POINT('',#12246);
#3463=VERTEX_POINT('',#12250);
#3464=VERTEX_POINT('',#12251);
#3465=VERTEX_POINT('',#12256);
#3466=VERTEX_POINT('',#12266);
#3467=VERTEX_POINT('',#12271);
#3468=VERTEX_POINT('',#12275);
#3469=VERTEX_POINT('',#12277);
#3470=VERTEX_POINT('',#12281);
#3471=VERTEX_POINT('',#12283);
#3472=VERTEX_POINT('',#12289);
#3473=VERTEX_POINT('',#12290);
#3474=VERTEX_POINT('',#12292);
#3475=VERTEX_POINT('',#12294);
#3476=VERTEX_POINT('',#12298);
#3477=VERTEX_POINT('',#12311);
#3478=VERTEX_POINT('',#12321);
#3479=VERTEX_POINT('',#12325);
#3480=VERTEX_POINT('',#12328);
#3481=VERTEX_POINT('',#12330);
#3482=VERTEX_POINT('',#12337);
#3483=VERTEX_POINT('',#12339);
#3484=VERTEX_POINT('',#12341);
#3485=VERTEX_POINT('',#12343);
#3486=VERTEX_POINT('',#12351);
#3487=VERTEX_POINT('',#12352);
#3488=VERTEX_POINT('',#12355);
#3489=VERTEX_POINT('',#12357);
#3490=VERTEX_POINT('',#12379);
#3491=VERTEX_POINT('',#12380);
#3492=VERTEX_POINT('',#12382);
#3493=VERTEX_POINT('',#12387);
#3494=VERTEX_POINT('',#12423);
#3495=VERTEX_POINT('',#12456);
#3496=VERTEX_POINT('',#12457);
#3497=VERTEX_POINT('',#12459);
#3498=VERTEX_POINT('',#12464);
#3499=VERTEX_POINT('',#12500);
#3500=VERTEX_POINT('',#12514);
#3501=VERTEX_POINT('',#12516);
#3502=VERTEX_POINT('',#12518);
#3503=VERTEX_POINT('',#12553);
#3504=VERTEX_POINT('',#12559);
#3505=VERTEX_POINT('',#12586);
#3506=VERTEX_POINT('',#12587);
#3507=VERTEX_POINT('',#12627);
#3508=VERTEX_POINT('',#12629);
#3509=VERTEX_POINT('',#12636);
#3510=VERTEX_POINT('',#12669);
#3511=VERTEX_POINT('',#12674);
#3512=VERTEX_POINT('',#12679);
#3513=VERTEX_POINT('',#12696);
#3514=VERTEX_POINT('',#12701);
#3515=VERTEX_POINT('',#12706);
#3516=VERTEX_POINT('',#12708);
#3517=VERTEX_POINT('',#12710);
#3518=VERTEX_POINT('',#12720);
#3519=VERTEX_POINT('',#12724);
#3520=VERTEX_POINT('',#12728);
#3521=VERTEX_POINT('',#12730);
#3522=VERTEX_POINT('',#12766);
#3523=VERTEX_POINT('',#12768);
#3524=VERTEX_POINT('',#12783);
#3525=VERTEX_POINT('',#12816);
#3526=VERTEX_POINT('',#12817);
#3527=VERTEX_POINT('',#12836);
#3528=VERTEX_POINT('',#12837);
#3529=VERTEX_POINT('',#12871);
#3530=VERTEX_POINT('',#12879);
#3531=VERTEX_POINT('',#12885);
#3532=VERTEX_POINT('',#12898);
#3533=VERTEX_POINT('',#12900);
#3534=VERTEX_POINT('',#12904);
#3535=VERTEX_POINT('',#12906);
#3536=VERTEX_POINT('',#12910);
#3537=VERTEX_POINT('',#12914);
#3538=VERTEX_POINT('',#12919);
#3539=VERTEX_POINT('',#12924);
#3540=VERTEX_POINT('',#12929);
#3541=VERTEX_POINT('',#12931);
#3542=VERTEX_POINT('',#12936);
#3543=VERTEX_POINT('',#12952);
#3544=VERTEX_POINT('',#12954);
#3545=VERTEX_POINT('',#12968);
#3546=VERTEX_POINT('',#12973);
#3547=VERTEX_POINT('',#12975);
#3548=VERTEX_POINT('',#12992);
#3549=VERTEX_POINT('',#13024);
#3550=VERTEX_POINT('',#13033);
#3551=VERTEX_POINT('',#13046);
#3552=VERTEX_POINT('',#13050);
#3553=VERTEX_POINT('',#13073);
#3554=VERTEX_POINT('',#13078);
#3555=VERTEX_POINT('',#13096);
#3556=VERTEX_POINT('',#13106);
#3557=VERTEX_POINT('',#13110);
#3558=VERTEX_POINT('',#13114);
#3559=VERTEX_POINT('',#13118);
#3560=VERTEX_POINT('',#13122);
#3561=VERTEX_POINT('',#13124);
#3562=VERTEX_POINT('',#13126);
#3563=VERTEX_POINT('',#13128);
#3564=VERTEX_POINT('',#13130);
#3565=VERTEX_POINT('',#13132);
#3566=VERTEX_POINT('',#13135);
#3567=VERTEX_POINT('',#13137);
#3568=VERTEX_POINT('',#13139);
#3569=VERTEX_POINT('',#13141);
#3570=VERTEX_POINT('',#13144);
#3571=VERTEX_POINT('',#13146);
#3572=VERTEX_POINT('',#13148);
#3573=VERTEX_POINT('',#13150);
#3574=VERTEX_POINT('',#13152);
#3575=VERTEX_POINT('',#13155);
#3576=VERTEX_POINT('',#13156);
#3577=VERTEX_POINT('',#13172);
#3578=VERTEX_POINT('',#13178);
#3579=VERTEX_POINT('',#13184);
#3580=VERTEX_POINT('',#13186);
#3581=VERTEX_POINT('',#13190);
#3582=VERTEX_POINT('',#13192);
#3583=VERTEX_POINT('',#13217);
#3584=VERTEX_POINT('',#13221);
#3585=VERTEX_POINT('',#13225);
#3586=VERTEX_POINT('',#13228);
#3587=VERTEX_POINT('',#13230);
#3588=VERTEX_POINT('',#13232);
#3589=VERTEX_POINT('',#13238);
#3590=VERTEX_POINT('',#13241);
#3591=VERTEX_POINT('',#13246);
#3592=VERTEX_POINT('',#13274);
#3593=VERTEX_POINT('',#13276);
#3594=VERTEX_POINT('',#13282);
#3595=VERTEX_POINT('',#13284);
#3596=VERTEX_POINT('',#13296);
#3597=VERTEX_POINT('',#13297);
#3598=VERTEX_POINT('',#13299);
#3599=VERTEX_POINT('',#13301);
#3600=VERTEX_POINT('',#13303);
#3601=VERTEX_POINT('',#13310);
#3602=VERTEX_POINT('',#13312);
#3603=VERTEX_POINT('',#13314);
#3604=VERTEX_POINT('',#13316);
#3605=VERTEX_POINT('',#13323);
#3606=VERTEX_POINT('',#13325);
#3607=VERTEX_POINT('',#13327);
#3608=VERTEX_POINT('',#13329);
#3609=VERTEX_POINT('',#13331);
#3610=VERTEX_POINT('',#13333);
#3611=VERTEX_POINT('',#13335);
#3612=VERTEX_POINT('',#13337);
#3613=VERTEX_POINT('',#13339);
#3614=VERTEX_POINT('',#13341);
#3615=VERTEX_POINT('',#13343);
#3616=VERTEX_POINT('',#13345);
#3617=VERTEX_POINT('',#13347);
#3618=VERTEX_POINT('',#13349);
#3619=VERTEX_POINT('',#13351);
#3620=VERTEX_POINT('',#13353);
#3621=VERTEX_POINT('',#13355);
#3622=VERTEX_POINT('',#13357);
#3623=VERTEX_POINT('',#13359);
#3624=VERTEX_POINT('',#13361);
#3625=VERTEX_POINT('',#13363);
#3626=VERTEX_POINT('',#13366);
#3627=VERTEX_POINT('',#13368);
#3628=VERTEX_POINT('',#13370);
#3629=VERTEX_POINT('',#13371);
#3630=VERTEX_POINT('',#13374);
#3631=VERTEX_POINT('',#13376);
#3632=VERTEX_POINT('',#13379);
#3633=VERTEX_POINT('',#13380);
#3634=VERTEX_POINT('',#13385);
#3635=VERTEX_POINT('',#13389);
#3636=VERTEX_POINT('',#13390);
#3637=VERTEX_POINT('',#13395);
#3638=VERTEX_POINT('',#13399);
#3639=VERTEX_POINT('',#13400);
#3640=VERTEX_POINT('',#13402);
#3641=VERTEX_POINT('',#13410);
#3642=VERTEX_POINT('',#13414);
#3643=VERTEX_POINT('',#13415);
#3644=VERTEX_POINT('',#13420);
#3645=VERTEX_POINT('',#13424);
#3646=VERTEX_POINT('',#13425);
#3647=VERTEX_POINT('',#13429);
#3648=VERTEX_POINT('',#13430);
#3649=VERTEX_POINT('',#13435);
#3650=VERTEX_POINT('',#13437);
#3651=VERTEX_POINT('',#13439);
#3652=VERTEX_POINT('',#13441);
#3653=VERTEX_POINT('',#13446);
#3654=VERTEX_POINT('',#13453);
#3655=VERTEX_POINT('',#13457);
#3656=VERTEX_POINT('',#13461);
#3657=VERTEX_POINT('',#13470);
#3658=VERTEX_POINT('',#13476);
#3659=VERTEX_POINT('',#13477);
#3660=VERTEX_POINT('',#13479);
#3661=VERTEX_POINT('',#13481);
#3662=VERTEX_POINT('',#13485);
#3663=VERTEX_POINT('',#13486);
#3664=VERTEX_POINT('',#13489);
#3665=VERTEX_POINT('',#13493);
#3666=VERTEX_POINT('',#13495);
#3667=VERTEX_POINT('',#13499);
#3668=VERTEX_POINT('',#13504);
#3669=VERTEX_POINT('',#13508);
#3670=VERTEX_POINT('',#13512);
#3671=VERTEX_POINT('',#13521);
#3672=VERTEX_POINT('',#13523);
#3673=VERTEX_POINT('',#13529);
#3674=VERTEX_POINT('',#13530);
#3675=VERTEX_POINT('',#13532);
#3676=VERTEX_POINT('',#13534);
#3677=VERTEX_POINT('',#13538);
#3678=VERTEX_POINT('',#13540);
#3679=VERTEX_POINT('',#13551);
#3680=VERTEX_POINT('',#13553);
#3681=VERTEX_POINT('',#13557);
#3682=VERTEX_POINT('',#13559);
#3683=VERTEX_POINT('',#13561);
#3684=VERTEX_POINT('',#13563);
#3685=VERTEX_POINT('',#13565);
#3686=VERTEX_POINT('',#13567);
#3687=VERTEX_POINT('',#13569);
#3688=VERTEX_POINT('',#13571);
#3689=VERTEX_POINT('',#13573);
#3690=VERTEX_POINT('',#13575);
#3691=VERTEX_POINT('',#13577);
#3692=VERTEX_POINT('',#13581);
#3693=VERTEX_POINT('',#13583);
#3694=VERTEX_POINT('',#13588);
#3695=VERTEX_POINT('',#13615);
#3696=VERTEX_POINT('',#13620);
#3697=VERTEX_POINT('',#13624);
#3698=VERTEX_POINT('',#13626);
#3699=VERTEX_POINT('',#13630);
#3700=VERTEX_POINT('',#13631);
#3701=VERTEX_POINT('',#13636);
#3702=VERTEX_POINT('',#13645);
#3703=VERTEX_POINT('',#13650);
#3704=VERTEX_POINT('',#13654);
#3705=VERTEX_POINT('',#13656);
#3706=VERTEX_POINT('',#13660);
#3707=VERTEX_POINT('',#13662);
#3708=VERTEX_POINT('',#13668);
#3709=VERTEX_POINT('',#13669);
#3710=VERTEX_POINT('',#13671);
#3711=VERTEX_POINT('',#13673);
#3712=VERTEX_POINT('',#13677);
#3713=VERTEX_POINT('',#13690);
#3714=VERTEX_POINT('',#13719);
#3715=VERTEX_POINT('',#13720);
#3716=VERTEX_POINT('',#13722);
#3717=VERTEX_POINT('',#13727);
#3718=VERTEX_POINT('',#13763);
#3719=VERTEX_POINT('',#13796);
#3720=VERTEX_POINT('',#13797);
#3721=VERTEX_POINT('',#13799);
#3722=VERTEX_POINT('',#13804);
#3723=VERTEX_POINT('',#13840);
#3724=VERTEX_POINT('',#13854);
#3725=VERTEX_POINT('',#13856);
#3726=VERTEX_POINT('',#13858);
#3727=VERTEX_POINT('',#13893);
#3728=VERTEX_POINT('',#13899);
#3729=VERTEX_POINT('',#13926);
#3730=VERTEX_POINT('',#13927);
#3731=VERTEX_POINT('',#13967);
#3732=VERTEX_POINT('',#13969);
#3733=VERTEX_POINT('',#13976);
#3734=VERTEX_POINT('',#14009);
#3735=VERTEX_POINT('',#14014);
#3736=VERTEX_POINT('',#14019);
#3737=VERTEX_POINT('',#14036);
#3738=VERTEX_POINT('',#14041);
#3739=VERTEX_POINT('',#14046);
#3740=VERTEX_POINT('',#14048);
#3741=VERTEX_POINT('',#14050);
#3742=VERTEX_POINT('',#14060);
#3743=VERTEX_POINT('',#14064);
#3744=VERTEX_POINT('',#14068);
#3745=VERTEX_POINT('',#14070);
#3746=VERTEX_POINT('',#14106);
#3747=VERTEX_POINT('',#14108);
#3748=VERTEX_POINT('',#14123);
#3749=VERTEX_POINT('',#14156);
#3750=VERTEX_POINT('',#14157);
#3751=VERTEX_POINT('',#14176);
#3752=VERTEX_POINT('',#14177);
#3753=VERTEX_POINT('',#14211);
#3754=VERTEX_POINT('',#14219);
#3755=VERTEX_POINT('',#14225);
#3756=VERTEX_POINT('',#14238);
#3757=VERTEX_POINT('',#14240);
#3758=VERTEX_POINT('',#14244);
#3759=VERTEX_POINT('',#14246);
#3760=VERTEX_POINT('',#14250);
#3761=VERTEX_POINT('',#14254);
#3762=VERTEX_POINT('',#14259);
#3763=VERTEX_POINT('',#14264);
#3764=VERTEX_POINT('',#14269);
#3765=VERTEX_POINT('',#14271);
#3766=VERTEX_POINT('',#14276);
#3767=VERTEX_POINT('',#14292);
#3768=VERTEX_POINT('',#14294);
#3769=VERTEX_POINT('',#14308);
#3770=VERTEX_POINT('',#14313);
#3771=VERTEX_POINT('',#14315);
#3772=VERTEX_POINT('',#14332);
#3773=VERTEX_POINT('',#14364);
#3774=VERTEX_POINT('',#14373);
#3775=VERTEX_POINT('',#14386);
#3776=VERTEX_POINT('',#14390);
#3777=VERTEX_POINT('',#14413);
#3778=VERTEX_POINT('',#14418);
#3779=VERTEX_POINT('',#14444);
#3780=VERTEX_POINT('',#14448);
#3781=VERTEX_POINT('',#14452);
#3782=VERTEX_POINT('',#14456);
#3783=VERTEX_POINT('',#14460);
#3784=VERTEX_POINT('',#14462);
#3785=VERTEX_POINT('',#14464);
#3786=VERTEX_POINT('',#14466);
#3787=VERTEX_POINT('',#14468);
#3788=VERTEX_POINT('',#14470);
#3789=VERTEX_POINT('',#14473);
#3790=VERTEX_POINT('',#14475);
#3791=VERTEX_POINT('',#14477);
#3792=VERTEX_POINT('',#14480);
#3793=VERTEX_POINT('',#14482);
#3794=VERTEX_POINT('',#14484);
#3795=VERTEX_POINT('',#14486);
#3796=VERTEX_POINT('',#14488);
#3797=VERTEX_POINT('',#14491);
#3798=VERTEX_POINT('',#14492);
#3799=VERTEX_POINT('',#14508);
#3800=VERTEX_POINT('',#14514);
#3801=VERTEX_POINT('',#14520);
#3802=VERTEX_POINT('',#14522);
#3803=VERTEX_POINT('',#14526);
#3804=VERTEX_POINT('',#14528);
#3805=VERTEX_POINT('',#14538);
#3806=VERTEX_POINT('',#14543);
#3807=VERTEX_POINT('',#14555);
#3808=VERTEX_POINT('',#14559);
#3809=VERTEX_POINT('',#14563);
#3810=VERTEX_POINT('',#14566);
#3811=VERTEX_POINT('',#14568);
#3812=VERTEX_POINT('',#14570);
#3813=VERTEX_POINT('',#14575);
#3814=VERTEX_POINT('',#14578);
#3815=VERTEX_POINT('',#14583);
#3816=VERTEX_POINT('',#14602);
#3817=VERTEX_POINT('',#14618);
#3818=VERTEX_POINT('',#14620);
#3819=VERTEX_POINT('',#14626);
#3820=VERTEX_POINT('',#14628);
#3821=VERTEX_POINT('',#14640);
#3822=VERTEX_POINT('',#14641);
#3823=VERTEX_POINT('',#14643);
#3824=VERTEX_POINT('',#14645);
#3825=VERTEX_POINT('',#14649);
#3826=VERTEX_POINT('',#14651);
#3827=VERTEX_POINT('',#14655);
#3828=VERTEX_POINT('',#14656);
#3829=VERTEX_POINT('',#14658);
#3830=VERTEX_POINT('',#14660);
#3831=VERTEX_POINT('',#14664);
#3832=VERTEX_POINT('',#14666);
#3833=VERTEX_POINT('',#14670);
#3834=VERTEX_POINT('',#14671);
#3835=VERTEX_POINT('',#14673);
#3836=VERTEX_POINT('',#14675);
#3837=VERTEX_POINT('',#14688);
#3838=VERTEX_POINT('',#14692);
#3839=VERTEX_POINT('',#14694);
#3840=VERTEX_POINT('',#14698);
#3841=VERTEX_POINT('',#14699);
#3842=VERTEX_POINT('',#14701);
#3843=VERTEX_POINT('',#14703);
#3844=VERTEX_POINT('',#14707);
#3845=VERTEX_POINT('',#14709);
#3846=VERTEX_POINT('',#14713);
#3847=VERTEX_POINT('',#14715);
#3848=VERTEX_POINT('',#14722);
#3849=VERTEX_POINT('',#14724);
#3850=VERTEX_POINT('',#14728);
#3851=VERTEX_POINT('',#14730);
#3852=VERTEX_POINT('',#14734);
#3853=VERTEX_POINT('',#14736);
#3854=VERTEX_POINT('',#14743);
#3855=VERTEX_POINT('',#14747);
#3856=VERTEX_POINT('',#14749);
#3857=VERTEX_POINT('',#14753);
#3858=VERTEX_POINT('',#14754);
#3859=VERTEX_POINT('',#14756);
#3860=VERTEX_POINT('',#14758);
#3861=VERTEX_POINT('',#14762);
#3862=VERTEX_POINT('',#14764);
#3863=VERTEX_POINT('',#14803);
#3864=VERTEX_POINT('',#14804);
#3865=VERTEX_POINT('',#14806);
#3866=VERTEX_POINT('',#14808);
#3867=VERTEX_POINT('',#14810);
#3868=VERTEX_POINT('',#14828);
#3869=VERTEX_POINT('',#14829);
#3870=VERTEX_POINT('',#14859);
#3871=VERTEX_POINT('',#14869);
#3872=VERTEX_POINT('',#14871);
#3873=VERTEX_POINT('',#14877);
#3874=VERTEX_POINT('',#14884);
#3875=VERTEX_POINT('',#14886);
#3876=VERTEX_POINT('',#14890);
#3877=VERTEX_POINT('',#14894);
#3878=VERTEX_POINT('',#14901);
#3879=VERTEX_POINT('',#14902);
#3880=VERTEX_POINT('',#14904);
#3881=VERTEX_POINT('',#14906);
#3882=VERTEX_POINT('',#14908);
#3883=VERTEX_POINT('',#14912);
#3884=VERTEX_POINT('',#14914);
#3885=VERTEX_POINT('',#14918);
#3886=VERTEX_POINT('',#14920);
#3887=VERTEX_POINT('',#14922);
#3888=VERTEX_POINT('',#14926);
#3889=VERTEX_POINT('',#14930);
#3890=VERTEX_POINT('',#14932);
#3891=VERTEX_POINT('',#14936);
#3892=VERTEX_POINT('',#14938);
#3893=VERTEX_POINT('',#14942);
#3894=VERTEX_POINT('',#14944);
#3895=VERTEX_POINT('',#14946);
#3896=VERTEX_POINT('',#14948);
#3897=VERTEX_POINT('',#14950);
#3898=VERTEX_POINT('',#14952);
#3899=VERTEX_POINT('',#14954);
#3900=VERTEX_POINT('',#14956);
#3901=VERTEX_POINT('',#14962);
#3902=VERTEX_POINT('',#14963);
#3903=VERTEX_POINT('',#14965);
#3904=VERTEX_POINT('',#14967);
#3905=VERTEX_POINT('',#14973);
#3906=VERTEX_POINT('',#14975);
#3907=VERTEX_POINT('',#14979);
#3908=VERTEX_POINT('',#14981);
#3909=VERTEX_POINT('',#14986);
#3910=VERTEX_POINT('',#14988);
#3911=VERTEX_POINT('',#14990);
#3912=VERTEX_POINT('',#14992);
#3913=VERTEX_POINT('',#14995);
#3914=VERTEX_POINT('',#14996);
#3915=VERTEX_POINT('',#14998);
#3916=VERTEX_POINT('',#15000);
#3917=VERTEX_POINT('',#15023);
#3918=VERTEX_POINT('',#15030);
#3919=VERTEX_POINT('',#15041);
#3920=VERTEX_POINT('',#15049);
#3921=VERTEX_POINT('',#15063);
#3922=VERTEX_POINT('',#15069);
#3923=VERTEX_POINT('',#15073);
#3924=VERTEX_POINT('',#15077);
#3925=VERTEX_POINT('',#15081);
#3926=VERTEX_POINT('',#15085);
#3927=VERTEX_POINT('',#15086);
#3928=VERTEX_POINT('',#15091);
#3929=VERTEX_POINT('',#15100);
#3930=VERTEX_POINT('',#15102);
#3931=VERTEX_POINT('',#15107);
#3932=VERTEX_POINT('',#15134);
#3933=VERTEX_POINT('',#15139);
#3934=VERTEX_POINT('',#15143);
#3935=VERTEX_POINT('',#15145);
#3936=VERTEX_POINT('',#15149);
#3937=VERTEX_POINT('',#15153);
#3938=VERTEX_POINT('',#15169);
#3939=VERTEX_POINT('',#15172);
#3940=VERTEX_POINT('',#15174);
#3941=VERTEX_POINT('',#15176);
#3942=VERTEX_POINT('',#15179);
#3943=VERTEX_POINT('',#15181);
#3944=VERTEX_POINT('',#15188);
#3945=VERTEX_POINT('',#15190);
#3946=VERTEX_POINT('',#15192);
#3947=VERTEX_POINT('',#15194);
#3948=VERTEX_POINT('',#15202);
#3949=VERTEX_POINT('',#15203);
#3950=VERTEX_POINT('',#15206);
#3951=VERTEX_POINT('',#15208);
#3952=VERTEX_POINT('',#15211);
#3953=VERTEX_POINT('',#15216);
#3954=VERTEX_POINT('',#15221);
#3955=VERTEX_POINT('',#15223);
#3956=VERTEX_POINT('',#15228);
#3957=VERTEX_POINT('',#15244);
#3958=VERTEX_POINT('',#15246);
#3959=VERTEX_POINT('',#15260);
#3960=VERTEX_POINT('',#15265);
#3961=VERTEX_POINT('',#15267);
#3962=VERTEX_POINT('',#15284);
#3963=VERTEX_POINT('',#15316);
#3964=VERTEX_POINT('',#15321);
#3965=VERTEX_POINT('',#15330);
#3966=VERTEX_POINT('',#15343);
#3967=VERTEX_POINT('',#15347);
#3968=VERTEX_POINT('',#15351);
#3969=VERTEX_POINT('',#15361);
#3970=VERTEX_POINT('',#15363);
#3971=VERTEX_POINT('',#15365);
#3972=VERTEX_POINT('',#15367);
#3973=VERTEX_POINT('',#15370);
#3974=VERTEX_POINT('',#15372);
#3975=VERTEX_POINT('',#15374);
#3976=VERTEX_POINT('',#15377);
#3977=VERTEX_POINT('',#15379);
#3978=VERTEX_POINT('',#15383);
#3979=VERTEX_POINT('',#15385);
#3980=VERTEX_POINT('',#15389);
#3981=VERTEX_POINT('',#15391);
#3982=VERTEX_POINT('',#15405);
#3983=VERTEX_POINT('',#15409);
#3984=VERTEX_POINT('',#15413);
#3985=VERTEX_POINT('',#15416);
#3986=VERTEX_POINT('',#15418);
#3987=VERTEX_POINT('',#15420);
#3988=VERTEX_POINT('',#15426);
#3989=VERTEX_POINT('',#15429);
#3990=VERTEX_POINT('',#15434);
#3991=VERTEX_POINT('',#15453);
#3992=VERTEX_POINT('',#15466);
#3993=VERTEX_POINT('',#15468);
#3994=VERTEX_POINT('',#15474);
#3995=VERTEX_POINT('',#15476);
#3996=VERTEX_POINT('',#15488);
#3997=VERTEX_POINT('',#15489);
#3998=VERTEX_POINT('',#15493);
#3999=VERTEX_POINT('',#15495);
#4000=VERTEX_POINT('',#15497);
#4001=VERTEX_POINT('',#15499);
#4002=VERTEX_POINT('',#15501);
#4003=VERTEX_POINT('',#15505);
#4004=VERTEX_POINT('',#15506);
#4005=VERTEX_POINT('',#15508);
#4006=VERTEX_POINT('',#15510);
#4007=VERTEX_POINT('',#15512);
#4008=VERTEX_POINT('',#15519);
#4009=VERTEX_POINT('',#15521);
#4010=VERTEX_POINT('',#15523);
#4011=VERTEX_POINT('',#15525);
#4012=VERTEX_POINT('',#15532);
#4013=VERTEX_POINT('',#15534);
#4014=VERTEX_POINT('',#15536);
#4015=VERTEX_POINT('',#15538);
#4016=VERTEX_POINT('',#15540);
#4017=VERTEX_POINT('',#15542);
#4018=VERTEX_POINT('',#15544);
#4019=VERTEX_POINT('',#15546);
#4020=VERTEX_POINT('',#15548);
#4021=VERTEX_POINT('',#15550);
#4022=VERTEX_POINT('',#15552);
#4023=VERTEX_POINT('',#15554);
#4024=VERTEX_POINT('',#15556);
#4025=VERTEX_POINT('',#15558);
#4026=VERTEX_POINT('',#15560);
#4027=VERTEX_POINT('',#15562);
#4028=VERTEX_POINT('',#15564);
#4029=VERTEX_POINT('',#15566);
#4030=VERTEX_POINT('',#15568);
#4031=VERTEX_POINT('',#15570);
#4032=VERTEX_POINT('',#15572);
#4033=VERTEX_POINT('',#15575);
#4034=VERTEX_POINT('',#15577);
#4035=VERTEX_POINT('',#15579);
#4036=VERTEX_POINT('',#15580);
#4037=VERTEX_POINT('',#15583);
#4038=VERTEX_POINT('',#15585);
#4039=VERTEX_POINT('',#15588);
#4040=VERTEX_POINT('',#15589);
#4041=VERTEX_POINT('',#15594);
#4042=VERTEX_POINT('',#15598);
#4043=VERTEX_POINT('',#15599);
#4044=VERTEX_POINT('',#15604);
#4045=VERTEX_POINT('',#15608);
#4046=VERTEX_POINT('',#15609);
#4047=VERTEX_POINT('',#15611);
#4048=VERTEX_POINT('',#15619);
#4049=VERTEX_POINT('',#15623);
#4050=VERTEX_POINT('',#15628);
#4051=VERTEX_POINT('',#15632);
#4052=VERTEX_POINT('',#15638);
#4053=VERTEX_POINT('',#15642);
#4054=VERTEX_POINT('',#15646);
#4055=VERTEX_POINT('',#15656);
#4056=VERTEX_POINT('',#15657);
#4057=VERTEX_POINT('',#15659);
#4058=VERTEX_POINT('',#15661);
#4059=VERTEX_POINT('',#15665);
#4060=VERTEX_POINT('',#15667);
#4061=VERTEX_POINT('',#15706);
#4062=VERTEX_POINT('',#15707);
#4063=VERTEX_POINT('',#15709);
#4064=VERTEX_POINT('',#15711);
#4065=VERTEX_POINT('',#15713);
#4066=VERTEX_POINT('',#15731);
#4067=VERTEX_POINT('',#15732);
#4068=VERTEX_POINT('',#15762);
#4069=VERTEX_POINT('',#15772);
#4070=VERTEX_POINT('',#15774);
#4071=VERTEX_POINT('',#15779);
#4072=VERTEX_POINT('',#15781);
#4073=VERTEX_POINT('',#15788);
#4074=VERTEX_POINT('',#15790);
#4075=VERTEX_POINT('',#15794);
#4076=VERTEX_POINT('',#15798);
#4077=VERTEX_POINT('',#15805);
#4078=VERTEX_POINT('',#15806);
#4079=VERTEX_POINT('',#15808);
#4080=VERTEX_POINT('',#15810);
#4081=VERTEX_POINT('',#15812);
#4082=VERTEX_POINT('',#15816);
#4083=VERTEX_POINT('',#15818);
#4084=VERTEX_POINT('',#15822);
#4085=VERTEX_POINT('',#15824);
#4086=VERTEX_POINT('',#15826);
#4087=VERTEX_POINT('',#15830);
#4088=VERTEX_POINT('',#15834);
#4089=VERTEX_POINT('',#15836);
#4090=VERTEX_POINT('',#15840);
#4091=VERTEX_POINT('',#15842);
#4092=VERTEX_POINT('',#15846);
#4093=VERTEX_POINT('',#15848);
#4094=VERTEX_POINT('',#15850);
#4095=VERTEX_POINT('',#15852);
#4096=VERTEX_POINT('',#15854);
#4097=VERTEX_POINT('',#15856);
#4098=VERTEX_POINT('',#15858);
#4099=VERTEX_POINT('',#15860);
#4100=VERTEX_POINT('',#15866);
#4101=VERTEX_POINT('',#15867);
#4102=VERTEX_POINT('',#15869);
#4103=VERTEX_POINT('',#15871);
#4104=VERTEX_POINT('',#15877);
#4105=VERTEX_POINT('',#15879);
#4106=VERTEX_POINT('',#15883);
#4107=VERTEX_POINT('',#15885);
#4108=VERTEX_POINT('',#15890);
#4109=VERTEX_POINT('',#15892);
#4110=VERTEX_POINT('',#15894);
#4111=VERTEX_POINT('',#15896);
#4112=VERTEX_POINT('',#15899);
#4113=VERTEX_POINT('',#15900);
#4114=VERTEX_POINT('',#15902);
#4115=VERTEX_POINT('',#15904);
#4116=VERTEX_POINT('',#15927);
#4117=VERTEX_POINT('',#15934);
#4118=VERTEX_POINT('',#15945);
#4119=VERTEX_POINT('',#15953);
#4120=VERTEX_POINT('',#15967);
#4121=VERTEX_POINT('',#15973);
#4122=VERTEX_POINT('',#15977);
#4123=VERTEX_POINT('',#15986);
#4124=VERTEX_POINT('',#15990);
#4125=VERTEX_POINT('',#15999);
#4126=VERTEX_POINT('',#16001);
#4127=VERTEX_POINT('',#16006);
#4128=VERTEX_POINT('',#16033);
#4129=VERTEX_POINT('',#16038);
#4130=VERTEX_POINT('',#16045);
#4131=VERTEX_POINT('',#16049);
#4132=VERTEX_POINT('',#16066);
#4133=VERTEX_POINT('',#16071);
#4134=VERTEX_POINT('',#16076);
#4135=VERTEX_POINT('',#16078);
#4136=VERTEX_POINT('',#16083);
#4137=VERTEX_POINT('',#16099);
#4138=VERTEX_POINT('',#16101);
#4139=VERTEX_POINT('',#16115);
#4140=VERTEX_POINT('',#16120);
#4141=VERTEX_POINT('',#16122);
#4142=VERTEX_POINT('',#16139);
#4143=VERTEX_POINT('',#16171);
#4144=VERTEX_POINT('',#16176);
#4145=VERTEX_POINT('',#16185);
#4146=VERTEX_POINT('',#16198);
#4147=VERTEX_POINT('',#16202);
#4148=VERTEX_POINT('',#16214);
#4149=VERTEX_POINT('',#16216);
#4150=VERTEX_POINT('',#16218);
#4151=VERTEX_POINT('',#16220);
#4152=VERTEX_POINT('',#16223);
#4153=VERTEX_POINT('',#16225);
#4154=VERTEX_POINT('',#16228);
#4155=VERTEX_POINT('',#16230);
#4156=VERTEX_POINT('',#16234);
#4157=VERTEX_POINT('',#16236);
#4158=VERTEX_POINT('',#16240);
#4159=VERTEX_POINT('',#16242);
#4160=VERTEX_POINT('',#16256);
#4161=VERTEX_POINT('',#16260);
#4162=VERTEX_POINT('',#16264);
#4163=VERTEX_POINT('',#16267);
#4164=VERTEX_POINT('',#16269);
#4165=VERTEX_POINT('',#16271);
#4166=VERTEX_POINT('',#16276);
#4167=VERTEX_POINT('',#16279);
#4168=VERTEX_POINT('',#16284);
#4169=VERTEX_POINT('',#16303);
#4170=VERTEX_POINT('',#16318);
#4171=VERTEX_POINT('',#16320);
#4172=VERTEX_POINT('',#16326);
#4173=VERTEX_POINT('',#16328);
#4174=EDGE_CURVE('',#3369,#3370,#3016,.F.);
#4175=EDGE_CURVE('',#3369,#3371,#1718,.T.);
#4176=EDGE_CURVE('',#3371,#3372,#3017,.T.);
#4177=EDGE_CURVE('',#3372,#3370,#1719,.T.);
#4178=EDGE_CURVE('',#3373,#3369,#1720,.T.);
#4179=EDGE_CURVE('',#3374,#3373,#1721,.T.);
#4180=EDGE_CURVE('',#3374,#3371,#1722,.T.);
#4181=EDGE_CURVE('',#3375,#3376,#3018,.T.);
#4182=EDGE_CURVE('',#3376,#3377,#1723,.T.);
#4183=EDGE_CURVE('',#3377,#3378,#3019,.T.);
#4184=EDGE_CURVE('',#3378,#3375,#1724,.T.);
#4185=EDGE_CURVE('',#3379,#3378,#1725,.T.);
#4186=EDGE_CURVE('',#3379,#3380,#1726,.T.);
#4187=EDGE_CURVE('',#3375,#3380,#1727,.T.);
#4188=EDGE_CURVE('',#3381,#3382,#3020,.F.);
#4189=EDGE_CURVE('',#3381,#3383,#1728,.T.);
#4190=EDGE_CURVE('',#3383,#3384,#3021,.T.);
#4191=EDGE_CURVE('',#3384,#3382,#1729,.T.);
#4192=EDGE_CURVE('',#3385,#3381,#1730,.T.);
#4193=EDGE_CURVE('',#3386,#3385,#1731,.T.);
#4194=EDGE_CURVE('',#3383,#3386,#1732,.T.);
#4195=EDGE_CURVE('',#3387,#3388,#3022,.T.);
#4196=EDGE_CURVE('',#3388,#3389,#1733,.T.);
#4197=EDGE_CURVE('',#3390,#3389,#271,.F.);
#4198=EDGE_CURVE('',#3390,#3387,#1734,.T.);
#4199=EDGE_CURVE('',#3390,#3391,#264,.T.);
#4200=EDGE_CURVE('',#3391,#3392,#1735,.T.);
#4201=EDGE_CURVE('',#3392,#3393,#1736,.T.);
#4202=EDGE_CURVE('',#3387,#3393,#1737,.T.);
#4203=EDGE_CURVE('',#3394,#3394,#3023,.T.);
#4204=EDGE_CURVE('',#3394,#3395,#1738,.T.);
#4205=EDGE_CURVE('',#3395,#3395,#3024,.T.);
#4206=EDGE_CURVE('',#3386,#3392,#3025,.T.);
#4207=EDGE_CURVE('',#3393,#3385,#3026,.T.);
#4208=EDGE_CURVE('',#3396,#3382,#1739,.T.);
#4209=EDGE_CURVE('',#3388,#3396,#3027,.T.);
#4210=EDGE_CURVE('',#3397,#3384,#1740,.T.);
#4211=EDGE_CURVE('',#3397,#3398,#1741,.T.);
#4212=EDGE_CURVE('',#3382,#3398,#1742,.T.);
#4213=EDGE_CURVE('',#3399,#3399,#3028,.T.);
#4214=EDGE_CURVE('',#3399,#3400,#1743,.T.);
#4215=EDGE_CURVE('',#3400,#3400,#3029,.T.);
#4216=EDGE_CURVE('',#3374,#3401,#3030,.T.);
#4217=EDGE_CURVE('',#3402,#3373,#3031,.T.);
#4218=EDGE_CURVE('',#3401,#3402,#1744,.T.);
#4219=EDGE_CURVE('',#3403,#3401,#1745,.T.);
#4220=EDGE_CURVE('',#3404,#3402,#1746,.T.);
#4221=EDGE_CURVE('',#3403,#3404,#1747,.T.);
#4222=EDGE_CURVE('',#3405,#3370,#1748,.T.);
#4223=EDGE_CURVE('',#3404,#3405,#3032,.T.);
#4224=EDGE_CURVE('',#3406,#3372,#1749,.T.);
#4225=EDGE_CURVE('',#3406,#3407,#1750,.T.);
#4226=EDGE_CURVE('',#3370,#3407,#1751,.T.);
#4227=EDGE_CURVE('',#3408,#3408,#3033,.T.);
#4228=EDGE_CURVE('',#3408,#3409,#1752,.T.);
#4229=EDGE_CURVE('',#3409,#3409,#3034,.T.);
#4230=EDGE_CURVE('',#3410,#3411,#1753,.T.);
#4231=EDGE_CURVE('',#3411,#3412,#1754,.T.);
#4232=EDGE_CURVE('',#3413,#3412,#1755,.T.);
#4233=EDGE_CURVE('',#3410,#3413,#1756,.T.);
#4234=EDGE_CURVE('',#3410,#3414,#3035,.T.);
#4235=EDGE_CURVE('',#3415,#3413,#3036,.T.);
#4236=EDGE_CURVE('',#3414,#3415,#1757,.T.);
#4237=EDGE_CURVE('',#3414,#3379,#1758,.T.);
#4238=EDGE_CURVE('',#3380,#3415,#1759,.T.);
#4239=EDGE_CURVE('',#3416,#3412,#3037,.T.);
#4240=EDGE_CURVE('',#3376,#3416,#1760,.T.);
#4241=EDGE_CURVE('',#3417,#3418,#1761,.T.);
#4242=EDGE_CURVE('',#3418,#3419,#3038,.T.);
#4243=EDGE_CURVE('',#3419,#3420,#1762,.T.);
#4244=EDGE_CURVE('',#3420,#3417,#3039,.T.);
#4245=EDGE_CURVE('',#3421,#3422,#1763,.T.);
#4246=EDGE_CURVE('',#3422,#3420,#1764,.T.);
#4247=EDGE_CURVE('',#3419,#3423,#1765,.T.);
#4248=EDGE_CURVE('',#3423,#3421,#93,.T.);
#4249=EDGE_CURVE('',#3417,#3424,#1766,.T.);
#4250=EDGE_CURVE('',#3424,#3425,#1767,.T.);
#4251=EDGE_CURVE('',#3425,#3418,#1768,.T.);
#4252=EDGE_CURVE('',#3426,#3427,#1769,.T.);
#4253=EDGE_CURVE('',#3427,#3425,#3040,.T.);
#4254=EDGE_CURVE('',#3424,#3426,#3041,.T.);
#4255=EDGE_CURVE('',#3426,#3428,#1770,.T.);
#4256=EDGE_CURVE('',#3428,#3429,#1771,.T.);
#4257=EDGE_CURVE('',#3429,#3427,#1772,.T.);
#4258=EDGE_CURVE('',#3430,#3431,#265,.T.);
#4259=EDGE_CURVE('',#3431,#3429,#3042,.T.);
#4260=EDGE_CURVE('',#3428,#3432,#3043,.T.);
#4261=EDGE_CURVE('',#3430,#3432,#272,.T.);
#4262=EDGE_CURVE('',#3433,#3422,#1773,.T.);
#4263=EDGE_CURVE('',#3434,#3433,#273,.T.);
#4264=EDGE_CURVE('',#3428,#3434,#1774,.T.);
#4265=EDGE_CURVE('',#3435,#3436,#1775,.T.);
#4266=EDGE_CURVE('',#3436,#3437,#1776,.T.);
#4267=EDGE_CURVE('',#3437,#3438,#1777,.T.);
#4268=EDGE_CURVE('',#3435,#3438,#1778,.T.);
#4269=EDGE_CURVE('',#3439,#3421,#1779,.F.);
#4270=EDGE_CURVE('',#3440,#3439,#1780,.T.);
#4271=EDGE_CURVE('',#3433,#3440,#274,.T.);
#4272=EDGE_CURVE('',#3423,#3441,#94,.T.);
#4273=EDGE_CURVE('',#3441,#3442,#1781,.T.);
#4274=EDGE_CURVE('',#3442,#3439,#95,.F.);
#4275=EDGE_CURVE('',#3443,#3419,#1782,.T.);
#4276=EDGE_CURVE('',#3444,#3443,#1783,.T.);
#4277=EDGE_CURVE('',#3445,#3444,#96,.T.);
#4278=EDGE_CURVE('',#3445,#3446,#1784,.T.);
#4279=EDGE_CURVE('',#3447,#3446,#3044,.T.);
#4280=EDGE_CURVE('',#3447,#3448,#1785,.T.);
#4281=EDGE_CURVE('',#3449,#3448,#3045,.T.);
#4282=EDGE_CURVE('',#3449,#3450,#3046,.T.);
#4283=EDGE_CURVE('',#3451,#3450,#3047,.T.);
#4284=EDGE_CURVE('',#3451,#3452,#1786,.T.);
#4285=EDGE_CURVE('',#3453,#3452,#3048,.T.);
#4286=EDGE_CURVE('',#3453,#3441,#1787,.T.);
#4287=EDGE_CURVE('',#3418,#3454,#1788,.T.);
#4288=EDGE_CURVE('',#3454,#3455,#275,.T.);
#4289=EDGE_CURVE('',#3455,#3456,#276,.T.);
#4290=EDGE_CURVE('',#3456,#3457,#277,.T.);
#4291=EDGE_CURVE('',#3457,#3458,#1789,.T.);
#4292=EDGE_CURVE('',#3443,#3458,#3049,.T.);
#4293=EDGE_CURVE('',#3459,#3460,#1790,.T.);
#4294=EDGE_CURVE('',#3460,#3461,#1791,.T.);
#4295=EDGE_CURVE('',#3461,#3462,#1792,.T.);
#4296=EDGE_CURVE('',#3462,#3459,#1793,.T.);
#4297=EDGE_CURVE('',#3463,#3464,#1794,.T.);
#4298=EDGE_CURVE('',#3464,#3462,#3050,.T.);
#4299=EDGE_CURVE('',#3461,#3463,#3051,.T.);
#4300=EDGE_CURVE('',#3465,#3389,#278,.T.);
#4301=EDGE_CURVE('',#3465,#3460,#3052,.T.);
#4302=EDGE_CURVE('',#3459,#3391,#3053,.T.);
#4303=EDGE_CURVE('',#3466,#3458,#1795,.T.);
#4304=EDGE_CURVE('',#3458,#3464,#1796,.T.);
#4305=EDGE_CURVE('',#3463,#3466,#1797,.T.);
#4306=EDGE_CURVE('',#3467,#3443,#1798,.T.);
#4307=EDGE_CURVE('',#3466,#3467,#3054,.T.);
#4308=EDGE_CURVE('',#3468,#3444,#97,.T.);
#4309=EDGE_CURVE('',#3467,#3469,#1799,.T.);
#4310=EDGE_CURVE('',#3469,#3468,#1800,.T.);
#4311=EDGE_CURVE('',#3470,#3460,#1801,.T.);
#4312=EDGE_CURVE('',#3471,#3470,#279,.T.);
#4313=EDGE_CURVE('',#3469,#3471,#1802,.T.);
#4314=EDGE_CURVE('',#3472,#3473,#1803,.T.);
#4315=EDGE_CURVE('',#3473,#3474,#1804,.T.);
#4316=EDGE_CURVE('',#3474,#3475,#1805,.T.);
#4317=EDGE_CURVE('',#3472,#3475,#1806,.T.);
#4318=EDGE_CURVE('',#3465,#3476,#1807,.T.);
#4319=EDGE_CURVE('',#3470,#3476,#280,.T.);
#4320=EDGE_CURVE('',#3477,#3388,#3055,.T.);
#4321=EDGE_CURVE('',#3476,#3477,#281,.T.);
#4322=EDGE_CURVE('',#3478,#3431,#1808,.T.);
#4323=EDGE_CURVE('',#3406,#3478,#3056,.T.);
#4324=EDGE_CURVE('',#3411,#3403,#1809,.T.);
#4325=EDGE_CURVE('',#3479,#3377,#1810,.T.);
#4326=EDGE_CURVE('',#3397,#3479,#3057,.T.);
#4327=EDGE_CURVE('',#3480,#3462,#1811,.T.);
#4328=EDGE_CURVE('',#3480,#3481,#282,.F.);
#4329=EDGE_CURVE('',#3481,#3482,#1812,.F.);
#4330=EDGE_CURVE('',#3483,#3482,#1813,.T.);
#4331=EDGE_CURVE('',#3484,#3483,#1814,.T.);
#4332=EDGE_CURVE('',#3485,#3484,#283,.T.);
#4333=EDGE_CURVE('',#3427,#3485,#1815,.T.);
#4334=EDGE_CURVE('',#3486,#3487,#3058,.T.);
#4335=EDGE_CURVE('',#3487,#3486,#1816,.T.);
#4336=EDGE_CURVE('',#3488,#3488,#3059,.T.);
#4337=EDGE_CURVE('',#3489,#3489,#3060,.T.);
#4338=EDGE_CURVE('',#3490,#3491,#3061,.T.);
#4339=EDGE_CURVE('',#3490,#3492,#284,.T.);
#4340=EDGE_CURVE('',#3492,#3493,#3062,.T.);
#4341=EDGE_CURVE('',#3493,#3491,#285,.T.);
#4342=EDGE_CURVE('',#3491,#3494,#286,.T.);
#4343=EDGE_CURVE('',#3494,#3490,#287,.T.);
#4344=EDGE_CURVE('',#3495,#3496,#3063,.T.);
#4345=EDGE_CURVE('',#3495,#3497,#288,.T.);
#4346=EDGE_CURVE('',#3497,#3498,#3064,.T.);
#4347=EDGE_CURVE('',#3498,#3496,#289,.T.);
#4348=EDGE_CURVE('',#3496,#3499,#290,.T.);
#4349=EDGE_CURVE('',#3499,#3495,#291,.T.);
#4350=EDGE_CURVE('',#3499,#3500,#1817,.T.);
#4351=EDGE_CURVE('',#3500,#3501,#3065,.F.);
#4352=EDGE_CURVE('',#3501,#3502,#292,.T.);
#4353=EDGE_CURVE('',#3502,#3495,#1818,.T.);
#4354=EDGE_CURVE('',#3498,#3503,#293,.T.);
#4355=EDGE_CURVE('',#3503,#3504,#3066,.T.);
#4356=EDGE_CURVE('',#3504,#3499,#294,.T.);
#4357=EDGE_CURVE('',#3505,#3506,#3067,.T.);
#4358=EDGE_CURVE('',#3506,#3504,#98,.T.);
#4359=EDGE_CURVE('',#3503,#3505,#99,.T.);
#4360=EDGE_CURVE('',#3494,#3506,#295,.T.);
#4361=EDGE_CURVE('',#3505,#3492,#296,.T.);
#4362=EDGE_CURVE('',#3491,#3507,#1819,.T.);
#4363=EDGE_CURVE('',#3507,#3508,#297,.T.);
#4364=EDGE_CURVE('',#3509,#3508,#3068,.T.);
#4365=EDGE_CURVE('',#3509,#3494,#1820,.T.);
#4366=EDGE_CURVE('',#3510,#3501,#298,.T.);
#4367=EDGE_CURVE('',#3511,#3510,#299,.F.);
#4368=EDGE_CURVE('',#3512,#3511,#300,.F.);
#4369=EDGE_CURVE('',#3512,#3513,#301,.F.);
#4370=EDGE_CURVE('',#3513,#3514,#302,.T.);
#4371=EDGE_CURVE('',#3514,#3515,#100,.T.);
#4372=EDGE_CURVE('',#3515,#3516,#3069,.T.);
#4373=EDGE_CURVE('',#3516,#3517,#101,.T.);
#4374=EDGE_CURVE('',#3517,#3502,#303,.T.);
#4375=EDGE_CURVE('',#3511,#3500,#3070,.T.);
#4376=EDGE_CURVE('',#3504,#3518,#1821,.T.);
#4377=EDGE_CURVE('',#3512,#3518,#102,.T.);
#4378=EDGE_CURVE('',#3519,#3506,#1822,.T.);
#4379=EDGE_CURVE('',#3518,#3519,#1823,.T.);
#4380=EDGE_CURVE('',#3520,#3509,#3071,.T.);
#4381=EDGE_CURVE('',#3521,#3520,#304,.T.);
#4382=EDGE_CURVE('',#3519,#3521,#103,.T.);
#4383=EDGE_CURVE('',#3518,#3522,#3072,.T.);
#4384=EDGE_CURVE('',#3522,#3523,#104,.T.);
#4385=EDGE_CURVE('',#3523,#3513,#305,.T.);
#4386=EDGE_CURVE('',#3519,#3524,#3073,.T.);
#4387=EDGE_CURVE('',#3524,#3522,#1824,.T.);
#4388=EDGE_CURVE('',#3525,#3526,#306,.F.);
#4389=EDGE_CURVE('',#3525,#3524,#105,.T.);
#4390=EDGE_CURVE('',#3521,#3526,#307,.T.);
#4391=EDGE_CURVE('',#3527,#3528,#3074,.T.);
#4392=EDGE_CURVE('',#3528,#3516,#1825,.T.);
#4393=EDGE_CURVE('',#3515,#3527,#1826,.T.);
#4394=EDGE_CURVE('',#3507,#3529,#308,.T.);
#4395=EDGE_CURVE('',#3529,#3528,#106,.T.);
#4396=EDGE_CURVE('',#3527,#3530,#107,.T.);
#4397=EDGE_CURVE('',#3526,#3530,#309,.F.);
#4398=EDGE_CURVE('',#3531,#3520,#310,.F.);
#4399=EDGE_CURVE('',#3508,#3531,#311,.T.);
#4400=EDGE_CURVE('',#3523,#3525,#1827,.T.);
#4401=EDGE_CURVE('',#3532,#3493,#1828,.T.);
#4402=EDGE_CURVE('',#3533,#3532,#1829,.T.);
#4403=EDGE_CURVE('',#3529,#3533,#1830,.T.);
#4404=EDGE_CURVE('',#3534,#3498,#1831,.T.);
#4405=EDGE_CURVE('',#3535,#3534,#3075,.T.);
#4406=EDGE_CURVE('',#3492,#3535,#1832,.T.);
#4407=EDGE_CURVE('',#3497,#3536,#1833,.T.);
#4408=EDGE_CURVE('',#3536,#3534,#3076,.T.);
#4409=EDGE_CURVE('',#3537,#3517,#1834,.T.);
#4410=EDGE_CURVE('',#3536,#3537,#1835,.T.);
#4411=EDGE_CURVE('',#3485,#3538,#312,.T.);
#4412=EDGE_CURVE('',#3538,#3539,#313,.T.);
#4413=EDGE_CURVE('',#3539,#3540,#3077,.T.);
#4414=EDGE_CURVE('',#3540,#3541,#314,.T.);
#4415=EDGE_CURVE('',#3541,#3542,#315,.T.);
#4416=EDGE_CURVE('',#3542,#3425,#1836,.T.);
#4417=EDGE_CURVE('',#3542,#3454,#316,.F.);
#4418=EDGE_CURVE('',#3543,#3541,#3078,.T.);
#4419=EDGE_CURVE('',#3544,#3543,#317,.T.);
#4420=EDGE_CURVE('',#3544,#3457,#318,.T.);
#4421=EDGE_CURVE('',#3456,#3455,#3079,.T.);
#4422=EDGE_CURVE('',#3464,#3544,#1837,.T.);
#4423=EDGE_CURVE('',#3543,#3545,#319,.T.);
#4424=EDGE_CURVE('',#3545,#3546,#3080,.T.);
#4425=EDGE_CURVE('',#3546,#3547,#320,.T.);
#4426=EDGE_CURVE('',#3547,#3480,#321,.T.);
#4427=EDGE_CURVE('',#3538,#3547,#3081,.T.);
#4428=EDGE_CURVE('',#3546,#3545,#3082,.T.);
#4429=EDGE_CURVE('',#3540,#3539,#3083,.T.);
#4430=EDGE_CURVE('',#3434,#3548,#322,.T.);
#4431=EDGE_CURVE('',#3548,#3432,#1838,.T.);
#4432=EDGE_CURVE('',#3440,#3549,#323,.T.);
#4433=EDGE_CURVE('',#3549,#3550,#324,.T.);
#4434=EDGE_CURVE('',#3550,#3548,#325,.T.);
#4435=EDGE_CURVE('',#3551,#3550,#3084,.T.);
#4436=EDGE_CURVE('',#3430,#3551,#1839,.T.);
#4437=EDGE_CURVE('',#3549,#3552,#3085,.T.);
#4438=EDGE_CURVE('',#3551,#3552,#1840,.T.);
#4439=EDGE_CURVE('',#3477,#3553,#326,.T.);
#4440=EDGE_CURVE('',#3554,#3553,#327,.F.);
#4441=EDGE_CURVE('',#3471,#3554,#328,.F.);
#4442=EDGE_CURVE('',#3396,#3555,#1841,.T.);
#4443=EDGE_CURVE('',#3555,#3553,#3086,.T.);
#4444=EDGE_CURVE('',#3482,#3483,#108,.T.);
#4445=EDGE_CURVE('',#3484,#3481,#3087,.T.);
#4446=EDGE_CURVE('',#3556,#3453,#1842,.T.);
#4447=EDGE_CURVE('',#3442,#3556,#1843,.T.);
#4448=EDGE_CURVE('',#3452,#3557,#1844,.T.);
#4449=EDGE_CURVE('',#3557,#3556,#3088,.F.);
#4450=EDGE_CURVE('',#3558,#3451,#1845,.T.);
#4451=EDGE_CURVE('',#3557,#3558,#1846,.T.);
#4452=EDGE_CURVE('',#3558,#3559,#3089,.T.);
#4453=EDGE_CURVE('',#3450,#3559,#1847,.T.);
#4454=EDGE_CURVE('',#3559,#3560,#3090,.T.);
#4455=EDGE_CURVE('',#3560,#3561,#3091,.T.);
#4456=EDGE_CURVE('',#3561,#3562,#1848,.T.);
#4457=EDGE_CURVE('',#3563,#3562,#3092,.F.);
#4458=EDGE_CURVE('',#3563,#3564,#1849,.T.);
#4459=EDGE_CURVE('',#3565,#3564,#109,.T.);
#4460=EDGE_CURVE('',#3554,#3565,#1850,.F.);
#4461=EDGE_CURVE('',#3566,#3555,#1851,.F.);
#4462=EDGE_CURVE('',#3567,#3566,#3093,.F.);
#4463=EDGE_CURVE('',#3568,#3567,#1852,.T.);
#4464=EDGE_CURVE('',#3569,#3568,#3094,.T.);
#4465=EDGE_CURVE('',#3525,#3569,#1853,.T.);
#4466=EDGE_CURVE('',#3570,#3523,#1854,.T.);
#4467=EDGE_CURVE('',#3571,#3570,#3095,.T.);
#4468=EDGE_CURVE('',#3572,#3571,#1855,.F.);
#4469=EDGE_CURVE('',#3573,#3572,#3096,.F.);
#4470=EDGE_CURVE('',#3574,#3573,#3097,.F.);
#4471=EDGE_CURVE('',#3552,#3574,#1856,.T.);
#4472=EDGE_CURVE('',#3575,#3576,#1857,.T.);
#4473=EDGE_CURVE('',#3576,#3575,#3098,.T.);
#4474=EDGE_CURVE('',#3560,#3449,#1858,.T.);
#4475=EDGE_CURVE('',#3448,#3561,#1859,.T.);
#4476=EDGE_CURVE('',#3446,#3563,#1860,.T.);
#4477=EDGE_CURVE('',#3562,#3447,#1861,.T.);
#4478=EDGE_CURVE('',#3564,#3445,#1862,.T.);
#4479=EDGE_CURVE('',#3468,#3565,#1863,.T.);
#4480=EDGE_CURVE('',#3533,#3577,#3099,.T.);
#4481=EDGE_CURVE('',#3577,#3528,#1864,.T.);
#4482=EDGE_CURVE('',#3535,#3532,#3100,.T.);
#4483=EDGE_CURVE('',#3516,#3578,#1865,.T.);
#4484=EDGE_CURVE('',#3578,#3537,#3101,.T.);
#4485=EDGE_CURVE('',#3578,#3577,#1866,.T.);
#4486=EDGE_CURVE('',#3475,#3579,#1867,.F.);
#4487=EDGE_CURVE('',#3579,#3580,#1868,.T.);
#4488=EDGE_CURVE('',#3580,#3472,#1869,.F.);
#4489=EDGE_CURVE('',#3579,#3581,#1870,.T.);
#4490=EDGE_CURVE('',#3582,#3581,#1871,.T.);
#4491=EDGE_CURVE('',#3580,#3582,#1872,.T.);
#4492=EDGE_CURVE('',#3438,#3582,#1873,.F.);
#4493=EDGE_CURVE('',#3581,#3435,#1874,.F.);
#4494=EDGE_CURVE('',#3569,#3412,#329,.T.);
#4495=EDGE_CURVE('',#3412,#3404,#1875,.T.);
#4496=EDGE_CURVE('',#3570,#3404,#330,.T.);
#4497=EDGE_CURVE('',#3473,#3437,#1876,.T.);
#4498=EDGE_CURVE('',#3474,#3436,#1877,.T.);
#4499=EDGE_CURVE('',#3583,#3583,#3102,.T.);
#4500=EDGE_CURVE('',#3583,#3573,#1878,.T.);
#4501=EDGE_CURVE('',#3407,#3572,#110,.T.);
#4502=EDGE_CURVE('',#3407,#3584,#3103,.T.);
#4503=EDGE_CURVE('',#3574,#3584,#111,.T.);
#4504=EDGE_CURVE('',#3585,#3585,#3104,.T.);
#4505=EDGE_CURVE('',#3586,#3586,#3105,.T.);
#4506=EDGE_CURVE('',#3586,#3587,#1879,.T.);
#4507=EDGE_CURVE('',#3587,#3588,#3106,.T.);
#4508=EDGE_CURVE('',#3567,#3588,#112,.T.);
#4509=EDGE_CURVE('',#3398,#3566,#113,.T.);
#4510=EDGE_CURVE('',#3398,#3587,#3107,.T.);
#4511=EDGE_CURVE('',#3589,#3589,#3108,.T.);
#4512=EDGE_CURVE('',#3487,#3590,#331,.T.);
#4513=EDGE_CURVE('',#3590,#3591,#3109,.T.);
#4514=EDGE_CURVE('',#3591,#3486,#332,.T.);
#4515=EDGE_CURVE('',#3591,#3590,#1880,.T.);
#4516=EDGE_CURVE('',#3591,#3576,#1881,.T.);
#4517=EDGE_CURVE('',#3590,#3575,#1882,.T.);
#4518=EDGE_CURVE('',#3584,#3551,#1883,.T.);
#4519=EDGE_CURVE('',#3478,#3584,#1884,.T.);
#4520=EDGE_CURVE('',#3405,#3571,#1885,.T.);
#4521=EDGE_CURVE('',#3588,#3376,#1886,.T.);
#4522=EDGE_CURVE('',#3416,#3568,#1887,.T.);
#4523=EDGE_CURVE('',#3479,#3588,#1888,.T.);
#4524=EDGE_CURVE('',#3592,#3592,#3110,.T.);
#4525=EDGE_CURVE('',#3593,#3593,#3111,.T.);
#4526=EDGE_CURVE('',#3585,#3593,#1889,.T.);
#4527=EDGE_CURVE('',#3594,#3594,#3112,.T.);
#4528=EDGE_CURVE('',#3595,#3595,#3113,.T.);
#4529=EDGE_CURVE('',#3589,#3595,#1890,.T.);
#4530=EDGE_CURVE('',#3594,#3489,#1891,.T.);
#4531=EDGE_CURVE('',#3592,#3488,#1892,.T.);
#4532=EDGE_CURVE('',#3596,#3597,#3114,.T.);
#4533=EDGE_CURVE('',#3598,#3596,#1893,.T.);
#4534=EDGE_CURVE('',#3599,#3598,#1894,.T.);
#4535=EDGE_CURVE('',#3599,#3600,#333,.F.);
#4536=EDGE_CURVE('',#3600,#3601,#1895,.F.);
#4537=EDGE_CURVE('',#3602,#3601,#1896,.T.);
#4538=EDGE_CURVE('',#3603,#3602,#1897,.T.);
#4539=EDGE_CURVE('',#3604,#3603,#334,.T.);
#4540=EDGE_CURVE('',#3605,#3604,#1898,.T.);
#4541=EDGE_CURVE('',#3606,#3605,#1899,.T.);
#4542=EDGE_CURVE('',#3607,#3606,#3115,.T.);
#4543=EDGE_CURVE('',#3608,#3607,#1900,.T.);
#4544=EDGE_CURVE('',#3609,#3608,#3116,.T.);
#4545=EDGE_CURVE('',#3609,#3610,#1901,.T.);
#4546=EDGE_CURVE('',#3611,#3610,#3117,.T.);
#4547=EDGE_CURVE('',#3612,#3611,#1902,.T.);
#4548=EDGE_CURVE('',#3612,#3613,#3118,.T.);
#4549=EDGE_CURVE('',#3613,#3614,#1903,.T.);
#4550=EDGE_CURVE('',#3615,#3614,#3119,.T.);
#4551=EDGE_CURVE('',#3616,#3615,#3120,.T.);
#4552=EDGE_CURVE('',#3617,#3616,#1904,.T.);
#4553=EDGE_CURVE('',#3618,#3617,#3121,.T.);
#4554=EDGE_CURVE('',#3619,#3618,#1905,.T.);
#4555=EDGE_CURVE('',#3620,#3619,#3122,.T.);
#4556=EDGE_CURVE('',#3620,#3621,#1906,.T.);
#4557=EDGE_CURVE('',#3622,#3621,#3123,.T.);
#4558=EDGE_CURVE('',#3623,#3622,#1907,.T.);
#4559=EDGE_CURVE('',#3623,#3624,#3124,.T.);
#4560=EDGE_CURVE('',#3624,#3625,#1908,.T.);
#4561=EDGE_CURVE('',#3625,#3597,#3125,.F.);
#4562=EDGE_CURVE('',#3626,#3626,#3126,.T.);
#4563=EDGE_CURVE('',#3627,#3627,#3127,.T.);
#4564=EDGE_CURVE('',#3628,#3629,#3128,.T.);
#4565=EDGE_CURVE('',#3629,#3628,#1909,.T.);
#4566=EDGE_CURVE('',#3630,#3630,#3129,.T.);
#4567=EDGE_CURVE('',#3631,#3631,#3130,.T.);
#4568=EDGE_CURVE('',#3632,#3633,#3131,.F.);
#4569=EDGE_CURVE('',#3632,#3611,#1910,.T.);
#4570=EDGE_CURVE('',#3610,#3633,#1911,.T.);
#4571=EDGE_CURVE('',#3634,#3632,#1912,.T.);
#4572=EDGE_CURVE('',#3612,#3634,#1913,.T.);
#4573=EDGE_CURVE('',#3635,#3636,#3132,.T.);
#4574=EDGE_CURVE('',#3636,#3615,#1914,.T.);
#4575=EDGE_CURVE('',#3614,#3635,#1915,.T.);
#4576=EDGE_CURVE('',#3613,#3637,#1916,.T.);
#4577=EDGE_CURVE('',#3635,#3637,#1917,.T.);
#4578=EDGE_CURVE('',#3638,#3639,#3133,.T.);
#4579=EDGE_CURVE('',#3639,#3640,#1918,.T.);
#4580=EDGE_CURVE('',#3640,#3597,#335,.T.);
#4581=EDGE_CURVE('',#3625,#3638,#1919,.T.);
#4582=EDGE_CURVE('',#3624,#3641,#1920,.T.);
#4583=EDGE_CURVE('',#3638,#3641,#1921,.T.);
#4584=EDGE_CURVE('',#3642,#3643,#3134,.F.);
#4585=EDGE_CURVE('',#3642,#3622,#1922,.T.);
#4586=EDGE_CURVE('',#3621,#3643,#1923,.T.);
#4587=EDGE_CURVE('',#3644,#3642,#1924,.T.);
#4588=EDGE_CURVE('',#3623,#3644,#1925,.T.);
#4589=EDGE_CURVE('',#3645,#3646,#114,.T.);
#4590=EDGE_CURVE('',#3645,#3646,#3135,.T.);
#4591=EDGE_CURVE('',#3647,#3648,#115,.T.);
#4592=EDGE_CURVE('',#3647,#3648,#3136,.T.);
#4593=EDGE_CURVE('',#3648,#3643,#1926,.T.);
#4594=EDGE_CURVE('',#3643,#3649,#1927,.T.);
#4595=EDGE_CURVE('',#3649,#3650,#116,.T.);
#4596=EDGE_CURVE('',#3650,#3651,#1928,.F.);
#4597=EDGE_CURVE('',#3652,#3651,#1929,.T.);
#4598=EDGE_CURVE('',#3652,#3639,#1930,.T.);
#4599=EDGE_CURVE('',#3639,#3647,#1931,.T.);
#4600=EDGE_CURVE('',#3653,#3653,#3137,.T.);
#4601=EDGE_CURVE('',#3653,#3631,#1932,.T.);
#4602=EDGE_CURVE('',#3637,#3634,#3138,.T.);
#4603=EDGE_CURVE('',#3646,#3633,#1933,.T.);
#4604=EDGE_CURVE('',#3654,#3645,#1934,.T.);
#4605=EDGE_CURVE('',#3636,#3654,#3139,.T.);
#4606=EDGE_CURVE('',#3609,#3655,#1935,.T.);
#4607=EDGE_CURVE('',#3633,#3655,#1936,.T.);
#4608=EDGE_CURVE('',#3656,#3656,#3140,.T.);
#4609=EDGE_CURVE('',#3656,#3630,#1937,.T.);
#4610=EDGE_CURVE('',#3641,#3644,#3141,.T.);
#4611=EDGE_CURVE('',#3620,#3649,#1938,.T.);
#4612=EDGE_CURVE('',#3657,#3652,#1939,.T.);
#4613=EDGE_CURVE('',#3640,#3657,#266,.T.);
#4614=EDGE_CURVE('',#3658,#3659,#1940,.T.);
#4615=EDGE_CURVE('',#3659,#3660,#3142,.T.);
#4616=EDGE_CURVE('',#3660,#3661,#1941,.T.);
#4617=EDGE_CURVE('',#3661,#3658,#3143,.T.);
#4618=EDGE_CURVE('',#3662,#3663,#1942,.T.);
#4619=EDGE_CURVE('',#3663,#3661,#1943,.T.);
#4620=EDGE_CURVE('',#3660,#3664,#1944,.T.);
#4621=EDGE_CURVE('',#3664,#3662,#117,.T.);
#4622=EDGE_CURVE('',#3658,#3665,#1945,.T.);
#4623=EDGE_CURVE('',#3665,#3666,#1946,.T.);
#4624=EDGE_CURVE('',#3666,#3659,#1947,.T.);
#4625=EDGE_CURVE('',#3667,#3605,#1948,.T.);
#4626=EDGE_CURVE('',#3605,#3666,#3144,.T.);
#4627=EDGE_CURVE('',#3665,#3667,#3145,.T.);
#4628=EDGE_CURVE('',#3667,#3668,#1949,.T.);
#4629=EDGE_CURVE('',#3668,#3606,#1950,.T.);
#4630=EDGE_CURVE('',#3669,#3607,#267,.T.);
#4631=EDGE_CURVE('',#3668,#3670,#3146,.T.);
#4632=EDGE_CURVE('',#3669,#3670,#336,.T.);
#4633=EDGE_CURVE('',#3671,#3663,#1951,.T.);
#4634=EDGE_CURVE('',#3672,#3671,#337,.T.);
#4635=EDGE_CURVE('',#3668,#3672,#1952,.T.);
#4636=EDGE_CURVE('',#3673,#3674,#1953,.T.);
#4637=EDGE_CURVE('',#3674,#3675,#1954,.T.);
#4638=EDGE_CURVE('',#3675,#3676,#1955,.T.);
#4639=EDGE_CURVE('',#3673,#3676,#1956,.T.);
#4640=EDGE_CURVE('',#3677,#3662,#1957,.F.);
#4641=EDGE_CURVE('',#3678,#3677,#1958,.T.);
#4642=EDGE_CURVE('',#3671,#3678,#338,.T.);
#4643=EDGE_CURVE('',#3664,#3679,#118,.T.);
#4644=EDGE_CURVE('',#3679,#3680,#1959,.T.);
#4645=EDGE_CURVE('',#3680,#3677,#119,.F.);
#4646=EDGE_CURVE('',#3681,#3660,#1960,.T.);
#4647=EDGE_CURVE('',#3682,#3681,#1961,.T.);
#4648=EDGE_CURVE('',#3683,#3682,#120,.T.);
#4649=EDGE_CURVE('',#3683,#3684,#1962,.T.);
#4650=EDGE_CURVE('',#3685,#3684,#3147,.T.);
#4651=EDGE_CURVE('',#3685,#3686,#1963,.T.);
#4652=EDGE_CURVE('',#3687,#3686,#3148,.T.);
#4653=EDGE_CURVE('',#3687,#3688,#3149,.T.);
#4654=EDGE_CURVE('',#3689,#3688,#3150,.T.);
#4655=EDGE_CURVE('',#3689,#3690,#1964,.T.);
#4656=EDGE_CURVE('',#3691,#3690,#3151,.T.);
#4657=EDGE_CURVE('',#3691,#3679,#1965,.T.);
#4658=EDGE_CURVE('',#3659,#3692,#1966,.T.);
#4659=EDGE_CURVE('',#3692,#3693,#339,.T.);
#4660=EDGE_CURVE('',#3693,#3694,#340,.T.);
#4661=EDGE_CURVE('',#3694,#3695,#341,.T.);
#4662=EDGE_CURVE('',#3695,#3696,#1967,.T.);
#4663=EDGE_CURVE('',#3681,#3696,#3152,.T.);
#4664=EDGE_CURVE('',#3596,#3697,#1968,.T.);
#4665=EDGE_CURVE('',#3697,#3698,#1969,.T.);
#4666=EDGE_CURVE('',#3698,#3598,#1970,.T.);
#4667=EDGE_CURVE('',#3699,#3700,#1971,.T.);
#4668=EDGE_CURVE('',#3700,#3598,#3153,.T.);
#4669=EDGE_CURVE('',#3698,#3699,#3154,.T.);
#4670=EDGE_CURVE('',#3701,#3657,#342,.T.);
#4671=EDGE_CURVE('',#3701,#3697,#3155,.T.);
#4672=EDGE_CURVE('',#3702,#3696,#1972,.T.);
#4673=EDGE_CURVE('',#3696,#3700,#1973,.T.);
#4674=EDGE_CURVE('',#3699,#3702,#1974,.T.);
#4675=EDGE_CURVE('',#3703,#3681,#1975,.T.);
#4676=EDGE_CURVE('',#3702,#3703,#3156,.T.);
#4677=EDGE_CURVE('',#3704,#3682,#121,.T.);
#4678=EDGE_CURVE('',#3703,#3705,#1976,.T.);
#4679=EDGE_CURVE('',#3705,#3704,#1977,.T.);
#4680=EDGE_CURVE('',#3706,#3697,#1978,.T.);
#4681=EDGE_CURVE('',#3707,#3706,#343,.T.);
#4682=EDGE_CURVE('',#3705,#3707,#1979,.T.);
#4683=EDGE_CURVE('',#3708,#3709,#1980,.T.);
#4684=EDGE_CURVE('',#3709,#3710,#1981,.T.);
#4685=EDGE_CURVE('',#3710,#3711,#1982,.T.);
#4686=EDGE_CURVE('',#3708,#3711,#1983,.T.);
#4687=EDGE_CURVE('',#3701,#3712,#1984,.T.);
#4688=EDGE_CURVE('',#3706,#3712,#344,.T.);
#4689=EDGE_CURVE('',#3713,#3652,#3157,.T.);
#4690=EDGE_CURVE('',#3712,#3713,#345,.T.);
#4691=EDGE_CURVE('',#3714,#3715,#3158,.T.);
#4692=EDGE_CURVE('',#3714,#3716,#346,.T.);
#4693=EDGE_CURVE('',#3716,#3717,#3159,.T.);
#4694=EDGE_CURVE('',#3717,#3715,#347,.T.);
#4695=EDGE_CURVE('',#3715,#3718,#348,.T.);
#4696=EDGE_CURVE('',#3718,#3714,#349,.T.);
#4697=EDGE_CURVE('',#3719,#3720,#3160,.T.);
#4698=EDGE_CURVE('',#3719,#3721,#350,.T.);
#4699=EDGE_CURVE('',#3721,#3722,#3161,.T.);
#4700=EDGE_CURVE('',#3722,#3720,#351,.T.);
#4701=EDGE_CURVE('',#3720,#3723,#352,.T.);
#4702=EDGE_CURVE('',#3723,#3719,#353,.T.);
#4703=EDGE_CURVE('',#3723,#3724,#1985,.T.);
#4704=EDGE_CURVE('',#3724,#3725,#3162,.F.);
#4705=EDGE_CURVE('',#3725,#3726,#354,.T.);
#4706=EDGE_CURVE('',#3726,#3719,#1986,.T.);
#4707=EDGE_CURVE('',#3722,#3727,#355,.T.);
#4708=EDGE_CURVE('',#3727,#3728,#3163,.T.);
#4709=EDGE_CURVE('',#3728,#3723,#356,.T.);
#4710=EDGE_CURVE('',#3729,#3730,#3164,.T.);
#4711=EDGE_CURVE('',#3730,#3728,#122,.T.);
#4712=EDGE_CURVE('',#3727,#3729,#123,.T.);
#4713=EDGE_CURVE('',#3718,#3730,#357,.T.);
#4714=EDGE_CURVE('',#3729,#3716,#358,.T.);
#4715=EDGE_CURVE('',#3715,#3731,#1987,.T.);
#4716=EDGE_CURVE('',#3731,#3732,#359,.T.);
#4717=EDGE_CURVE('',#3733,#3732,#3165,.T.);
#4718=EDGE_CURVE('',#3733,#3718,#1988,.T.);
#4719=EDGE_CURVE('',#3734,#3725,#360,.T.);
#4720=EDGE_CURVE('',#3735,#3734,#361,.F.);
#4721=EDGE_CURVE('',#3736,#3735,#362,.F.);
#4722=EDGE_CURVE('',#3736,#3737,#363,.F.);
#4723=EDGE_CURVE('',#3737,#3738,#364,.T.);
#4724=EDGE_CURVE('',#3738,#3739,#124,.T.);
#4725=EDGE_CURVE('',#3739,#3740,#3166,.T.);
#4726=EDGE_CURVE('',#3740,#3741,#125,.T.);
#4727=EDGE_CURVE('',#3741,#3726,#365,.T.);
#4728=EDGE_CURVE('',#3735,#3724,#3167,.T.);
#4729=EDGE_CURVE('',#3728,#3742,#1989,.T.);
#4730=EDGE_CURVE('',#3736,#3742,#126,.T.);
#4731=EDGE_CURVE('',#3743,#3730,#1990,.T.);
#4732=EDGE_CURVE('',#3742,#3743,#1991,.T.);
#4733=EDGE_CURVE('',#3744,#3733,#3168,.T.);
#4734=EDGE_CURVE('',#3745,#3744,#366,.T.);
#4735=EDGE_CURVE('',#3743,#3745,#127,.T.);
#4736=EDGE_CURVE('',#3742,#3746,#3169,.T.);
#4737=EDGE_CURVE('',#3746,#3747,#128,.T.);
#4738=EDGE_CURVE('',#3747,#3737,#367,.T.);
#4739=EDGE_CURVE('',#3743,#3748,#3170,.T.);
#4740=EDGE_CURVE('',#3748,#3746,#1992,.T.);
#4741=EDGE_CURVE('',#3749,#3750,#368,.F.);
#4742=EDGE_CURVE('',#3749,#3748,#129,.T.);
#4743=EDGE_CURVE('',#3745,#3750,#369,.T.);
#4744=EDGE_CURVE('',#3751,#3752,#3171,.T.);
#4745=EDGE_CURVE('',#3752,#3740,#1993,.T.);
#4746=EDGE_CURVE('',#3739,#3751,#1994,.T.);
#4747=EDGE_CURVE('',#3731,#3753,#370,.T.);
#4748=EDGE_CURVE('',#3753,#3752,#130,.T.);
#4749=EDGE_CURVE('',#3751,#3754,#131,.T.);
#4750=EDGE_CURVE('',#3750,#3754,#371,.F.);
#4751=EDGE_CURVE('',#3755,#3744,#372,.F.);
#4752=EDGE_CURVE('',#3732,#3755,#373,.T.);
#4753=EDGE_CURVE('',#3747,#3749,#1995,.T.);
#4754=EDGE_CURVE('',#3756,#3717,#1996,.T.);
#4755=EDGE_CURVE('',#3757,#3756,#1997,.T.);
#4756=EDGE_CURVE('',#3753,#3757,#1998,.T.);
#4757=EDGE_CURVE('',#3758,#3722,#1999,.T.);
#4758=EDGE_CURVE('',#3759,#3758,#3172,.T.);
#4759=EDGE_CURVE('',#3716,#3759,#2000,.T.);
#4760=EDGE_CURVE('',#3721,#3760,#2001,.T.);
#4761=EDGE_CURVE('',#3760,#3758,#3173,.T.);
#4762=EDGE_CURVE('',#3761,#3741,#2002,.T.);
#4763=EDGE_CURVE('',#3760,#3761,#2003,.T.);
#4764=EDGE_CURVE('',#3604,#3762,#374,.T.);
#4765=EDGE_CURVE('',#3762,#3763,#375,.T.);
#4766=EDGE_CURVE('',#3763,#3764,#3174,.T.);
#4767=EDGE_CURVE('',#3764,#3765,#376,.T.);
#4768=EDGE_CURVE('',#3765,#3766,#377,.T.);
#4769=EDGE_CURVE('',#3766,#3666,#2004,.T.);
#4770=EDGE_CURVE('',#3766,#3692,#378,.F.);
#4771=EDGE_CURVE('',#3767,#3765,#3175,.T.);
#4772=EDGE_CURVE('',#3768,#3767,#379,.T.);
#4773=EDGE_CURVE('',#3768,#3695,#380,.T.);
#4774=EDGE_CURVE('',#3694,#3693,#3176,.T.);
#4775=EDGE_CURVE('',#3700,#3768,#2005,.T.);
#4776=EDGE_CURVE('',#3767,#3769,#381,.T.);
#4777=EDGE_CURVE('',#3769,#3770,#3177,.T.);
#4778=EDGE_CURVE('',#3770,#3771,#382,.T.);
#4779=EDGE_CURVE('',#3771,#3599,#383,.T.);
#4780=EDGE_CURVE('',#3762,#3771,#3178,.T.);
#4781=EDGE_CURVE('',#3770,#3769,#3179,.T.);
#4782=EDGE_CURVE('',#3764,#3763,#3180,.T.);
#4783=EDGE_CURVE('',#3672,#3772,#384,.T.);
#4784=EDGE_CURVE('',#3772,#3670,#2006,.T.);
#4785=EDGE_CURVE('',#3678,#3773,#385,.T.);
#4786=EDGE_CURVE('',#3773,#3774,#386,.T.);
#4787=EDGE_CURVE('',#3774,#3772,#387,.T.);
#4788=EDGE_CURVE('',#3775,#3774,#3181,.T.);
#4789=EDGE_CURVE('',#3669,#3775,#2007,.T.);
#4790=EDGE_CURVE('',#3773,#3776,#3182,.T.);
#4791=EDGE_CURVE('',#3775,#3776,#2008,.T.);
#4792=EDGE_CURVE('',#3713,#3777,#388,.T.);
#4793=EDGE_CURVE('',#3778,#3777,#389,.F.);
#4794=EDGE_CURVE('',#3707,#3778,#390,.F.);
#4795=EDGE_CURVE('',#3651,#3777,#3183,.T.);
#4796=EDGE_CURVE('',#3601,#3602,#132,.T.);
#4797=EDGE_CURVE('',#3603,#3600,#3184,.T.);
#4798=EDGE_CURVE('',#3779,#3691,#2009,.T.);
#4799=EDGE_CURVE('',#3680,#3779,#2010,.T.);
#4800=EDGE_CURVE('',#3690,#3780,#2011,.T.);
#4801=EDGE_CURVE('',#3780,#3779,#3185,.F.);
#4802=EDGE_CURVE('',#3781,#3689,#2012,.T.);
#4803=EDGE_CURVE('',#3780,#3781,#2013,.T.);
#4804=EDGE_CURVE('',#3781,#3782,#3186,.T.);
#4805=EDGE_CURVE('',#3688,#3782,#2014,.T.);
#4806=EDGE_CURVE('',#3782,#3783,#3187,.T.);
#4807=EDGE_CURVE('',#3783,#3784,#3188,.T.);
#4808=EDGE_CURVE('',#3784,#3785,#2015,.T.);
#4809=EDGE_CURVE('',#3786,#3785,#3189,.F.);
#4810=EDGE_CURVE('',#3786,#3787,#2016,.T.);
#4811=EDGE_CURVE('',#3788,#3787,#133,.T.);
#4812=EDGE_CURVE('',#3778,#3788,#2017,.F.);
#4813=EDGE_CURVE('',#3789,#3650,#3190,.F.);
#4814=EDGE_CURVE('',#3790,#3789,#2018,.T.);
#4815=EDGE_CURVE('',#3791,#3790,#3191,.T.);
#4816=EDGE_CURVE('',#3749,#3791,#2019,.T.);
#4817=EDGE_CURVE('',#3792,#3747,#2020,.T.);
#4818=EDGE_CURVE('',#3793,#3792,#3192,.T.);
#4819=EDGE_CURVE('',#3794,#3793,#2021,.F.);
#4820=EDGE_CURVE('',#3795,#3794,#3193,.F.);
#4821=EDGE_CURVE('',#3796,#3795,#3194,.F.);
#4822=EDGE_CURVE('',#3776,#3796,#2022,.T.);
#4823=EDGE_CURVE('',#3797,#3798,#2023,.T.);
#4824=EDGE_CURVE('',#3798,#3797,#3195,.T.);
#4825=EDGE_CURVE('',#3783,#3687,#2024,.T.);
#4826=EDGE_CURVE('',#3686,#3784,#2025,.T.);
#4827=EDGE_CURVE('',#3684,#3786,#2026,.T.);
#4828=EDGE_CURVE('',#3785,#3685,#2027,.T.);
#4829=EDGE_CURVE('',#3787,#3683,#2028,.T.);
#4830=EDGE_CURVE('',#3704,#3788,#2029,.T.);
#4831=EDGE_CURVE('',#3757,#3799,#3196,.T.);
#4832=EDGE_CURVE('',#3799,#3752,#2030,.T.);
#4833=EDGE_CURVE('',#3759,#3756,#3197,.T.);
#4834=EDGE_CURVE('',#3740,#3800,#2031,.T.);
#4835=EDGE_CURVE('',#3800,#3761,#3198,.T.);
#4836=EDGE_CURVE('',#3800,#3799,#2032,.T.);
#4837=EDGE_CURVE('',#3711,#3801,#2033,.F.);
#4838=EDGE_CURVE('',#3801,#3802,#2034,.T.);
#4839=EDGE_CURVE('',#3802,#3708,#2035,.F.);
#4840=EDGE_CURVE('',#3801,#3803,#2036,.T.);
#4841=EDGE_CURVE('',#3804,#3803,#2037,.T.);
#4842=EDGE_CURVE('',#3802,#3804,#2038,.T.);
#4843=EDGE_CURVE('',#3676,#3804,#2039,.F.);
#4844=EDGE_CURVE('',#3803,#3673,#2040,.F.);
#4845=EDGE_CURVE('',#3791,#3805,#391,.T.);
#4846=EDGE_CURVE('',#3805,#3806,#2041,.T.);
#4847=EDGE_CURVE('',#3792,#3806,#392,.T.);
#4848=EDGE_CURVE('',#3709,#3675,#2042,.T.);
#4849=EDGE_CURVE('',#3710,#3674,#2043,.T.);
#4850=EDGE_CURVE('',#3807,#3807,#3199,.T.);
#4851=EDGE_CURVE('',#3807,#3795,#2044,.T.);
#4852=EDGE_CURVE('',#3655,#3794,#134,.T.);
#4853=EDGE_CURVE('',#3655,#3808,#3200,.T.);
#4854=EDGE_CURVE('',#3796,#3808,#135,.T.);
#4855=EDGE_CURVE('',#3809,#3809,#3201,.T.);
#4856=EDGE_CURVE('',#3810,#3810,#3202,.T.);
#4857=EDGE_CURVE('',#3810,#3811,#2045,.T.);
#4858=EDGE_CURVE('',#3811,#3812,#3203,.T.);
#4859=EDGE_CURVE('',#3789,#3812,#136,.T.);
#4860=EDGE_CURVE('',#3649,#3811,#3204,.T.);
#4861=EDGE_CURVE('',#3813,#3813,#3205,.T.);
#4862=EDGE_CURVE('',#3629,#3814,#393,.T.);
#4863=EDGE_CURVE('',#3814,#3815,#3206,.T.);
#4864=EDGE_CURVE('',#3815,#3628,#394,.T.);
#4865=EDGE_CURVE('',#3815,#3814,#2046,.T.);
#4866=EDGE_CURVE('',#3815,#3798,#2047,.T.);
#4867=EDGE_CURVE('',#3814,#3797,#2048,.T.);
#4868=EDGE_CURVE('',#3808,#3775,#2049,.T.);
#4869=EDGE_CURVE('',#3608,#3808,#2050,.T.);
#4870=EDGE_CURVE('',#3806,#3636,#3207,.T.);
#4871=EDGE_CURVE('',#3654,#3793,#2051,.T.);
#4872=EDGE_CURVE('',#3812,#3816,#2052,.T.);
#4873=EDGE_CURVE('',#3816,#3790,#2053,.T.);
#4874=EDGE_CURVE('',#3816,#3805,#3208,.T.);
#4875=EDGE_CURVE('',#3616,#3806,#2054,.T.);
#4876=EDGE_CURVE('',#3617,#3805,#2055,.T.);
#4877=EDGE_CURVE('',#3618,#3816,#2056,.T.);
#4878=EDGE_CURVE('',#3619,#3812,#2057,.T.);
#4879=EDGE_CURVE('',#3817,#3817,#3209,.T.);
#4880=EDGE_CURVE('',#3818,#3818,#3210,.T.);
#4881=EDGE_CURVE('',#3809,#3818,#2058,.T.);
#4882=EDGE_CURVE('',#3819,#3819,#3211,.T.);
#4883=EDGE_CURVE('',#3820,#3820,#3212,.T.);
#4884=EDGE_CURVE('',#3813,#3820,#2059,.T.);
#4885=EDGE_CURVE('',#3819,#3626,#2060,.T.);
#4886=EDGE_CURVE('',#3817,#3627,#2061,.T.);
#4887=EDGE_CURVE('',#3821,#3822,#3213,.F.);
#4888=EDGE_CURVE('',#3821,#3823,#2062,.T.);
#4889=EDGE_CURVE('',#3823,#3824,#3214,.T.);
#4890=EDGE_CURVE('',#3824,#3822,#2063,.T.);
#4891=EDGE_CURVE('',#3825,#3821,#2064,.T.);
#4892=EDGE_CURVE('',#3826,#3825,#2065,.T.);
#4893=EDGE_CURVE('',#3826,#3823,#2066,.T.);
#4894=EDGE_CURVE('',#3827,#3828,#3215,.T.);
#4895=EDGE_CURVE('',#3828,#3829,#2067,.T.);
#4896=EDGE_CURVE('',#3829,#3830,#3216,.T.);
#4897=EDGE_CURVE('',#3830,#3827,#2068,.T.);
#4898=EDGE_CURVE('',#3830,#3831,#2069,.T.);
#4899=EDGE_CURVE('',#3831,#3832,#2070,.T.);
#4900=EDGE_CURVE('',#3827,#3832,#2071,.T.);
#4901=EDGE_CURVE('',#3833,#3834,#3217,.T.);
#4902=EDGE_CURVE('',#3834,#3835,#2072,.T.);
#4903=EDGE_CURVE('',#3836,#3835,#395,.F.);
#4904=EDGE_CURVE('',#3836,#3833,#2073,.T.);
#4905=EDGE_CURVE('',#3836,#3837,#268,.T.);
#4906=EDGE_CURVE('',#3837,#3838,#2074,.T.);
#4907=EDGE_CURVE('',#3838,#3839,#2075,.T.);
#4908=EDGE_CURVE('',#3833,#3839,#2076,.T.);
#4909=EDGE_CURVE('',#3840,#3841,#3218,.F.);
#4910=EDGE_CURVE('',#3840,#3842,#2077,.T.);
#4911=EDGE_CURVE('',#3842,#3843,#3219,.T.);
#4912=EDGE_CURVE('',#3843,#3841,#2078,.T.);
#4913=EDGE_CURVE('',#3844,#3840,#2079,.T.);
#4914=EDGE_CURVE('',#3845,#3844,#2080,.T.);
#4915=EDGE_CURVE('',#3842,#3845,#2081,.T.);
#4916=EDGE_CURVE('',#3846,#3846,#3220,.T.);
#4917=EDGE_CURVE('',#3846,#3847,#2082,.T.);
#4918=EDGE_CURVE('',#3847,#3847,#3221,.T.);
#4919=EDGE_CURVE('',#3826,#3831,#3222,.T.);
#4920=EDGE_CURVE('',#3832,#3825,#3223,.T.);
#4921=EDGE_CURVE('',#3848,#3822,#2083,.T.);
#4922=EDGE_CURVE('',#3849,#3848,#3224,.T.);
#4923=EDGE_CURVE('',#3828,#3849,#2084,.T.);
#4924=EDGE_CURVE('',#3850,#3824,#2085,.T.);
#4925=EDGE_CURVE('',#3850,#3851,#2086,.T.);
#4926=EDGE_CURVE('',#3822,#3851,#2087,.T.);
#4927=EDGE_CURVE('',#3852,#3852,#3225,.T.);
#4928=EDGE_CURVE('',#3852,#3853,#2088,.T.);
#4929=EDGE_CURVE('',#3853,#3853,#3226,.T.);
#4930=EDGE_CURVE('',#3845,#3838,#3227,.T.);
#4931=EDGE_CURVE('',#3839,#3844,#3228,.T.);
#4932=EDGE_CURVE('',#3854,#3841,#2089,.T.);
#4933=EDGE_CURVE('',#3834,#3854,#3229,.T.);
#4934=EDGE_CURVE('',#3855,#3843,#2090,.T.);
#4935=EDGE_CURVE('',#3855,#3856,#2091,.T.);
#4936=EDGE_CURVE('',#3841,#3856,#2092,.T.);
#4937=EDGE_CURVE('',#3857,#3858,#3230,.T.);
#4938=EDGE_CURVE('',#3858,#3859,#2093,.T.);
#4939=EDGE_CURVE('',#3859,#3860,#3231,.T.);
#4940=EDGE_CURVE('',#3860,#3857,#2094,.T.);
#4941=EDGE_CURVE('',#3861,#3858,#3232,.T.);
#4942=EDGE_CURVE('',#3857,#3862,#3233,.T.);
#4943=EDGE_CURVE('',#3862,#3861,#396,.T.);
#4944=EDGE_CURVE('',#3863,#3864,#137,.T.);
#4945=EDGE_CURVE('',#3864,#3865,#3234,.T.);
#4946=EDGE_CURVE('',#3865,#3866,#138,.T.);
#4947=EDGE_CURVE('',#3866,#3867,#397,.T.);
#4948=EDGE_CURVE('',#3867,#3863,#398,.T.);
#4949=EDGE_CURVE('',#3868,#3869,#3235,.T.);
#4950=EDGE_CURVE('',#3869,#3865,#2095,.T.);
#4951=EDGE_CURVE('',#3864,#3868,#2096,.T.);
#4952=EDGE_CURVE('',#3862,#3869,#139,.T.);
#4953=EDGE_CURVE('',#3868,#3870,#140,.T.);
#4954=EDGE_CURVE('',#3870,#3861,#399,.T.);
#4955=EDGE_CURVE('',#3866,#3860,#3236,.T.);
#4956=EDGE_CURVE('',#3859,#3867,#3237,.T.);
#4957=EDGE_CURVE('',#3863,#3871,#2097,.T.);
#4958=EDGE_CURVE('',#3871,#3872,#400,.T.);
#4959=EDGE_CURVE('',#3872,#3828,#2098,.T.);
#4960=EDGE_CURVE('',#3873,#3849,#401,.T.);
#4961=EDGE_CURVE('',#3873,#3870,#2099,.T.);
#4962=EDGE_CURVE('',#3874,#3860,#2100,.T.);
#4963=EDGE_CURVE('',#3875,#3874,#2101,.T.);
#4964=EDGE_CURVE('',#3857,#3875,#2102,.T.);
#4965=EDGE_CURVE('',#3865,#3876,#2103,.T.);
#4966=EDGE_CURVE('',#3876,#3874,#3238,.T.);
#4967=EDGE_CURVE('',#3875,#3877,#3239,.T.);
#4968=EDGE_CURVE('',#3876,#3877,#2104,.T.);
#4969=EDGE_CURVE('',#3877,#3869,#2105,.T.);
#4970=EDGE_CURVE('',#3878,#3879,#2106,.T.);
#4971=EDGE_CURVE('',#3879,#3880,#2107,.T.);
#4972=EDGE_CURVE('',#3880,#3881,#2108,.T.);
#4973=EDGE_CURVE('',#3881,#3882,#2109,.T.);
#4974=EDGE_CURVE('',#3882,#3878,#2110,.T.);
#4975=EDGE_CURVE('',#3879,#3883,#2111,.T.);
#4976=EDGE_CURVE('',#3884,#3883,#2112,.T.);
#4977=EDGE_CURVE('',#3884,#3880,#2113,.T.);
#4978=EDGE_CURVE('',#3885,#3878,#2114,.T.);
#4979=EDGE_CURVE('',#3885,#3886,#2115,.T.);
#4980=EDGE_CURVE('',#3887,#3886,#2116,.T.);
#4981=EDGE_CURVE('',#3883,#3887,#2117,.T.);
#4982=EDGE_CURVE('',#3882,#3888,#2118,.T.);
#4983=EDGE_CURVE('',#3888,#3885,#2119,.T.);
#4984=EDGE_CURVE('',#3889,#3884,#2120,.T.);
#4985=EDGE_CURVE('',#3887,#3890,#2121,.T.);
#4986=EDGE_CURVE('',#3890,#3889,#2122,.T.);
#4987=EDGE_CURVE('',#3891,#3889,#2123,.T.);
#4988=EDGE_CURVE('',#3891,#3892,#2124,.T.);
#4989=EDGE_CURVE('',#3881,#3892,#2125,.T.);
#4990=EDGE_CURVE('',#3893,#3890,#2126,.T.);
#4991=EDGE_CURVE('',#3894,#3893,#2127,.T.);
#4992=EDGE_CURVE('',#3895,#3894,#3240,.T.);
#4993=EDGE_CURVE('',#3896,#3895,#2128,.T.);
#4994=EDGE_CURVE('',#3897,#3896,#3241,.T.);
#4995=EDGE_CURVE('',#3898,#3897,#2129,.T.);
#4996=EDGE_CURVE('',#3899,#3898,#2130,.T.);
#4997=EDGE_CURVE('',#3900,#3899,#402,.T.);
#4998=EDGE_CURVE('',#3900,#3891,#2131,.T.);
#4999=EDGE_CURVE('',#3901,#3902,#2132,.T.);
#5000=EDGE_CURVE('',#3902,#3903,#2133,.T.);
#5001=EDGE_CURVE('',#3903,#3904,#2134,.T.);
#5002=EDGE_CURVE('',#3901,#3904,#2135,.T.);
#5003=EDGE_CURVE('',#3886,#3893,#2136,.T.);
#5004=EDGE_CURVE('',#3888,#3905,#2137,.T.);
#5005=EDGE_CURVE('',#3906,#3905,#2138,.T.);
#5006=EDGE_CURVE('',#3906,#3885,#2139,.T.);
#5007=EDGE_CURVE('',#3892,#3907,#2140,.T.);
#5008=EDGE_CURVE('',#3908,#3907,#403,.T.);
#5009=EDGE_CURVE('',#3909,#3908,#2141,.T.);
#5010=EDGE_CURVE('',#3910,#3909,#2142,.T.);
#5011=EDGE_CURVE('',#3911,#3910,#3242,.T.);
#5012=EDGE_CURVE('',#3912,#3911,#2143,.T.);
#5013=EDGE_CURVE('',#3905,#3912,#3243,.T.);
#5014=EDGE_CURVE('',#3913,#3914,#2144,.T.);
#5015=EDGE_CURVE('',#3914,#3915,#2145,.T.);
#5016=EDGE_CURVE('',#3915,#3916,#2146,.T.);
#5017=EDGE_CURVE('',#3913,#3916,#2147,.T.);
#5018=EDGE_CURVE('',#3917,#3900,#404,.T.);
#5019=EDGE_CURVE('',#3899,#3918,#405,.T.);
#5020=EDGE_CURVE('',#3918,#3919,#406,.T.);
#5021=EDGE_CURVE('',#3919,#3920,#407,.T.);
#5022=EDGE_CURVE('',#3917,#3920,#408,.F.);
#5023=EDGE_CURVE('',#3886,#3921,#2148,.T.);
#5024=EDGE_CURVE('',#3894,#3921,#2149,.T.);
#5025=EDGE_CURVE('',#3921,#3906,#2150,.T.);
#5026=EDGE_CURVE('',#3912,#3922,#2151,.T.);
#5027=EDGE_CURVE('',#3922,#3906,#3244,.T.);
#5028=EDGE_CURVE('',#3911,#3923,#2152,.T.);
#5029=EDGE_CURVE('',#3923,#3922,#2153,.T.);
#5030=EDGE_CURVE('',#3910,#3924,#2154,.T.);
#5031=EDGE_CURVE('',#3924,#3923,#3245,.T.);
#5032=EDGE_CURVE('',#3909,#3925,#2155,.T.);
#5033=EDGE_CURVE('',#3925,#3924,#2156,.T.);
#5034=EDGE_CURVE('',#3926,#3927,#269,.T.);
#5035=EDGE_CURVE('',#3927,#3925,#3246,.T.);
#5036=EDGE_CURVE('',#3909,#3928,#3247,.T.);
#5037=EDGE_CURVE('',#3926,#3928,#409,.T.);
#5038=EDGE_CURVE('',#3922,#3929,#2157,.T.);
#5039=EDGE_CURVE('',#3929,#3930,#410,.T.);
#5040=EDGE_CURVE('',#3930,#3931,#411,.T.);
#5041=EDGE_CURVE('',#3931,#3932,#412,.T.);
#5042=EDGE_CURVE('',#3932,#3933,#2158,.T.);
#5043=EDGE_CURVE('',#3921,#3933,#3248,.T.);
#5044=EDGE_CURVE('',#3934,#3898,#2159,.T.);
#5045=EDGE_CURVE('',#3897,#3935,#2160,.T.);
#5046=EDGE_CURVE('',#3935,#3934,#2161,.T.);
#5047=EDGE_CURVE('',#3896,#3936,#2162,.T.);
#5048=EDGE_CURVE('',#3936,#3935,#3249,.T.);
#5049=EDGE_CURVE('',#3937,#3835,#413,.T.);
#5050=EDGE_CURVE('',#3937,#3898,#3250,.T.);
#5051=EDGE_CURVE('',#3934,#3837,#3251,.T.);
#5052=EDGE_CURVE('',#3895,#3933,#2163,.T.);
#5053=EDGE_CURVE('',#3933,#3936,#2164,.T.);
#5054=EDGE_CURVE('',#3937,#3918,#2165,.T.);
#5055=EDGE_CURVE('',#3919,#3834,#3252,.T.);
#5056=EDGE_CURVE('',#3938,#3927,#2166,.T.);
#5057=EDGE_CURVE('',#3850,#3938,#3253,.T.);
#5058=EDGE_CURVE('',#3939,#3829,#2167,.T.);
#5059=EDGE_CURVE('',#3940,#3939,#3254,.T.);
#5060=EDGE_CURVE('',#3941,#3940,#2168,.T.);
#5061=EDGE_CURVE('',#3855,#3941,#3255,.T.);
#5062=EDGE_CURVE('',#3942,#3935,#2169,.T.);
#5063=EDGE_CURVE('',#3942,#3943,#414,.F.);
#5064=EDGE_CURVE('',#3943,#3944,#2170,.F.);
#5065=EDGE_CURVE('',#3945,#3944,#2171,.T.);
#5066=EDGE_CURVE('',#3946,#3945,#2172,.T.);
#5067=EDGE_CURVE('',#3947,#3946,#415,.T.);
#5068=EDGE_CURVE('',#3924,#3947,#2173,.T.);
#5069=EDGE_CURVE('',#3948,#3949,#3256,.T.);
#5070=EDGE_CURVE('',#3949,#3948,#2174,.T.);
#5071=EDGE_CURVE('',#3950,#3950,#3257,.T.);
#5072=EDGE_CURVE('',#3951,#3951,#3258,.T.);
#5073=EDGE_CURVE('',#3947,#3952,#416,.T.);
#5074=EDGE_CURVE('',#3952,#3953,#417,.T.);
#5075=EDGE_CURVE('',#3953,#3954,#3259,.T.);
#5076=EDGE_CURVE('',#3954,#3955,#418,.T.);
#5077=EDGE_CURVE('',#3955,#3956,#419,.T.);
#5078=EDGE_CURVE('',#3956,#3923,#2175,.T.);
#5079=EDGE_CURVE('',#3956,#3929,#420,.F.);
#5080=EDGE_CURVE('',#3957,#3955,#3260,.T.);
#5081=EDGE_CURVE('',#3958,#3957,#421,.T.);
#5082=EDGE_CURVE('',#3958,#3932,#422,.T.);
#5083=EDGE_CURVE('',#3931,#3930,#3261,.T.);
#5084=EDGE_CURVE('',#3936,#3958,#2176,.T.);
#5085=EDGE_CURVE('',#3957,#3959,#423,.T.);
#5086=EDGE_CURVE('',#3959,#3960,#3262,.T.);
#5087=EDGE_CURVE('',#3960,#3961,#424,.T.);
#5088=EDGE_CURVE('',#3961,#3942,#425,.T.);
#5089=EDGE_CURVE('',#3952,#3961,#3263,.T.);
#5090=EDGE_CURVE('',#3960,#3959,#3264,.T.);
#5091=EDGE_CURVE('',#3954,#3953,#3265,.T.);
#5092=EDGE_CURVE('',#3908,#3962,#426,.T.);
#5093=EDGE_CURVE('',#3962,#3928,#2177,.T.);
#5094=EDGE_CURVE('',#3907,#3963,#427,.T.);
#5095=EDGE_CURVE('',#3963,#3964,#428,.T.);
#5096=EDGE_CURVE('',#3964,#3965,#429,.T.);
#5097=EDGE_CURVE('',#3965,#3962,#430,.T.);
#5098=EDGE_CURVE('',#3966,#3965,#3266,.T.);
#5099=EDGE_CURVE('',#3926,#3966,#2178,.T.);
#5100=EDGE_CURVE('',#3964,#3967,#3267,.T.);
#5101=EDGE_CURVE('',#3966,#3967,#2179,.T.);
#5102=EDGE_CURVE('',#3854,#3968,#2180,.T.);
#5103=EDGE_CURVE('',#3968,#3920,#3268,.T.);
#5104=EDGE_CURVE('',#3944,#3945,#141,.T.);
#5105=EDGE_CURVE('',#3946,#3943,#3269,.T.);
#5106=EDGE_CURVE('',#3969,#3873,#3270,.T.);
#5107=EDGE_CURVE('',#3970,#3969,#2181,.F.);
#5108=EDGE_CURVE('',#3971,#3970,#3271,.F.);
#5109=EDGE_CURVE('',#3972,#3971,#3272,.F.);
#5110=EDGE_CURVE('',#3967,#3972,#2182,.T.);
#5111=EDGE_CURVE('',#3973,#3968,#2183,.F.);
#5112=EDGE_CURVE('',#3974,#3973,#3273,.F.);
#5113=EDGE_CURVE('',#3975,#3974,#2184,.T.);
#5114=EDGE_CURVE('',#3871,#3975,#3274,.T.);
#5115=EDGE_CURVE('',#3859,#3976,#2185,.T.);
#5116=EDGE_CURVE('',#3976,#3977,#3275,.T.);
#5117=EDGE_CURVE('',#3977,#3858,#2186,.T.);
#5118=EDGE_CURVE('',#3904,#3978,#2187,.F.);
#5119=EDGE_CURVE('',#3978,#3979,#2188,.T.);
#5120=EDGE_CURVE('',#3979,#3901,#2189,.F.);
#5121=EDGE_CURVE('',#3978,#3980,#2190,.T.);
#5122=EDGE_CURVE('',#3981,#3980,#2191,.T.);
#5123=EDGE_CURVE('',#3979,#3981,#2192,.T.);
#5124=EDGE_CURVE('',#3916,#3981,#2193,.F.);
#5125=EDGE_CURVE('',#3980,#3913,#2194,.F.);
#5126=EDGE_CURVE('',#3902,#3915,#2195,.T.);
#5127=EDGE_CURVE('',#3903,#3914,#2196,.T.);
#5128=EDGE_CURVE('',#3982,#3982,#3276,.F.);
#5129=EDGE_CURVE('',#3982,#3971,#2197,.T.);
#5130=EDGE_CURVE('',#3851,#3970,#142,.T.);
#5131=EDGE_CURVE('',#3851,#3983,#3277,.T.);
#5132=EDGE_CURVE('',#3972,#3983,#143,.T.);
#5133=EDGE_CURVE('',#3984,#3984,#3278,.T.);
#5134=EDGE_CURVE('',#3985,#3985,#3279,.F.);
#5135=EDGE_CURVE('',#3985,#3986,#2198,.T.);
#5136=EDGE_CURVE('',#3986,#3987,#3280,.T.);
#5137=EDGE_CURVE('',#3974,#3987,#144,.T.);
#5138=EDGE_CURVE('',#3856,#3973,#145,.T.);
#5139=EDGE_CURVE('',#3856,#3986,#3281,.T.);
#5140=EDGE_CURVE('',#3988,#3988,#3282,.T.);
#5141=EDGE_CURVE('',#3949,#3989,#431,.T.);
#5142=EDGE_CURVE('',#3989,#3990,#3283,.T.);
#5143=EDGE_CURVE('',#3990,#3948,#432,.T.);
#5144=EDGE_CURVE('',#3990,#3989,#2199,.T.);
#5145=EDGE_CURVE('',#3990,#3976,#2200,.T.);
#5146=EDGE_CURVE('',#3989,#3977,#2201,.T.);
#5147=EDGE_CURVE('',#3983,#3966,#2202,.T.);
#5148=EDGE_CURVE('',#3938,#3983,#2203,.T.);
#5149=EDGE_CURVE('',#3848,#3969,#2204,.T.);
#5150=EDGE_CURVE('',#3987,#3991,#2205,.T.);
#5151=EDGE_CURVE('',#3991,#3975,#2206,.T.);
#5152=EDGE_CURVE('',#3991,#3872,#3284,.T.);
#5153=EDGE_CURVE('',#3939,#3872,#2207,.T.);
#5154=EDGE_CURVE('',#3940,#3991,#2208,.T.);
#5155=EDGE_CURVE('',#3941,#3987,#2209,.T.);
#5156=EDGE_CURVE('',#3992,#3992,#3285,.T.);
#5157=EDGE_CURVE('',#3993,#3993,#3286,.T.);
#5158=EDGE_CURVE('',#3984,#3993,#2210,.T.);
#5159=EDGE_CURVE('',#3994,#3994,#3287,.T.);
#5160=EDGE_CURVE('',#3995,#3995,#3288,.T.);
#5161=EDGE_CURVE('',#3988,#3995,#2211,.T.);
#5162=EDGE_CURVE('',#3994,#3951,#2212,.T.);
#5163=EDGE_CURVE('',#3992,#3950,#2213,.T.);
#5164=EDGE_CURVE('',#3996,#3997,#146,.T.);
#5165=EDGE_CURVE('',#3996,#3997,#3289,.T.);
#5166=EDGE_CURVE('',#3997,#3998,#2214,.T.);
#5167=EDGE_CURVE('',#3998,#3999,#2215,.T.);
#5168=EDGE_CURVE('',#3999,#4000,#147,.T.);
#5169=EDGE_CURVE('',#4000,#4001,#2216,.F.);
#5170=EDGE_CURVE('',#4002,#4001,#2217,.T.);
#5171=EDGE_CURVE('',#4002,#3996,#2218,.T.);
#5172=EDGE_CURVE('',#4003,#4004,#3290,.T.);
#5173=EDGE_CURVE('',#4005,#4003,#2219,.T.);
#5174=EDGE_CURVE('',#4006,#4005,#2220,.T.);
#5175=EDGE_CURVE('',#4006,#4007,#433,.F.);
#5176=EDGE_CURVE('',#4007,#4008,#2221,.F.);
#5177=EDGE_CURVE('',#4009,#4008,#2222,.T.);
#5178=EDGE_CURVE('',#4010,#4009,#2223,.T.);
#5179=EDGE_CURVE('',#4011,#4010,#434,.T.);
#5180=EDGE_CURVE('',#4012,#4011,#2224,.T.);
#5181=EDGE_CURVE('',#4013,#4012,#2225,.T.);
#5182=EDGE_CURVE('',#4014,#4013,#3291,.T.);
#5183=EDGE_CURVE('',#4015,#4014,#2226,.T.);
#5184=EDGE_CURVE('',#4016,#4015,#3292,.T.);
#5185=EDGE_CURVE('',#4016,#4017,#2227,.T.);
#5186=EDGE_CURVE('',#4018,#4017,#3293,.T.);
#5187=EDGE_CURVE('',#4019,#4018,#2228,.T.);
#5188=EDGE_CURVE('',#4019,#4020,#3294,.T.);
#5189=EDGE_CURVE('',#4020,#4021,#2229,.T.);
#5190=EDGE_CURVE('',#4022,#4021,#3295,.T.);
#5191=EDGE_CURVE('',#4023,#4022,#3296,.T.);
#5192=EDGE_CURVE('',#4024,#4023,#2230,.T.);
#5193=EDGE_CURVE('',#4025,#4024,#3297,.T.);
#5194=EDGE_CURVE('',#4026,#4025,#2231,.T.);
#5195=EDGE_CURVE('',#4027,#4026,#3298,.T.);
#5196=EDGE_CURVE('',#4027,#4028,#2232,.T.);
#5197=EDGE_CURVE('',#4029,#4028,#3299,.T.);
#5198=EDGE_CURVE('',#4030,#4029,#2233,.T.);
#5199=EDGE_CURVE('',#4030,#4031,#3300,.T.);
#5200=EDGE_CURVE('',#4031,#4032,#2234,.T.);
#5201=EDGE_CURVE('',#4032,#4004,#3301,.F.);
#5202=EDGE_CURVE('',#4033,#4033,#3302,.T.);
#5203=EDGE_CURVE('',#4034,#4034,#3303,.T.);
#5204=EDGE_CURVE('',#4035,#4036,#3304,.T.);
#5205=EDGE_CURVE('',#4036,#4035,#2235,.T.);
#5206=EDGE_CURVE('',#4037,#4037,#3305,.T.);
#5207=EDGE_CURVE('',#4038,#4038,#3306,.T.);
#5208=EDGE_CURVE('',#4039,#4040,#3307,.T.);
#5209=EDGE_CURVE('',#4040,#4022,#2236,.T.);
#5210=EDGE_CURVE('',#4021,#4039,#2237,.T.);
#5211=EDGE_CURVE('',#4020,#4041,#2238,.T.);
#5212=EDGE_CURVE('',#4039,#4041,#2239,.T.);
#5213=EDGE_CURVE('',#4042,#4043,#3308,.F.);
#5214=EDGE_CURVE('',#4042,#4018,#2240,.T.);
#5215=EDGE_CURVE('',#4017,#4043,#2241,.T.);
#5216=EDGE_CURVE('',#4044,#4042,#2242,.T.);
#5217=EDGE_CURVE('',#4019,#4044,#2243,.T.);
#5218=EDGE_CURVE('',#4045,#4046,#3309,.T.);
#5219=EDGE_CURVE('',#4046,#4047,#2244,.T.);
#5220=EDGE_CURVE('',#4047,#4004,#435,.T.);
#5221=EDGE_CURVE('',#4032,#4045,#2245,.T.);
#5222=EDGE_CURVE('',#4031,#4048,#2246,.T.);
#5223=EDGE_CURVE('',#4045,#4048,#2247,.T.);
#5224=EDGE_CURVE('',#4049,#3998,#3310,.F.);
#5225=EDGE_CURVE('',#4049,#4029,#2248,.T.);
#5226=EDGE_CURVE('',#4028,#3998,#2249,.T.);
#5227=EDGE_CURVE('',#4050,#4049,#2250,.T.);
#5228=EDGE_CURVE('',#4030,#4050,#2251,.T.);
#5229=EDGE_CURVE('',#4051,#4051,#3311,.T.);
#5230=EDGE_CURVE('',#4051,#4038,#2252,.T.);
#5231=EDGE_CURVE('',#4041,#4044,#3312,.T.);
#5232=EDGE_CURVE('',#4052,#4043,#2253,.T.);
#5233=EDGE_CURVE('',#4040,#4052,#3313,.T.);
#5234=EDGE_CURVE('',#4016,#4053,#2254,.T.);
#5235=EDGE_CURVE('',#4043,#4053,#2255,.T.);
#5236=EDGE_CURVE('',#4054,#4054,#3314,.T.);
#5237=EDGE_CURVE('',#4054,#4037,#2256,.T.);
#5238=EDGE_CURVE('',#4048,#4050,#3315,.T.);
#5239=EDGE_CURVE('',#4046,#4002,#3316,.T.);
#5240=EDGE_CURVE('',#4027,#3999,#2257,.T.);
#5241=EDGE_CURVE('',#4055,#4056,#3317,.T.);
#5242=EDGE_CURVE('',#4056,#4057,#2258,.T.);
#5243=EDGE_CURVE('',#4057,#4058,#3318,.T.);
#5244=EDGE_CURVE('',#4058,#4055,#2259,.T.);
#5245=EDGE_CURVE('',#4059,#4056,#3319,.T.);
#5246=EDGE_CURVE('',#4055,#4060,#3320,.T.);
#5247=EDGE_CURVE('',#4060,#4059,#436,.T.);
#5248=EDGE_CURVE('',#4061,#4062,#148,.T.);
#5249=EDGE_CURVE('',#4062,#4063,#3321,.T.);
#5250=EDGE_CURVE('',#4063,#4064,#149,.T.);
#5251=EDGE_CURVE('',#4064,#4065,#437,.T.);
#5252=EDGE_CURVE('',#4065,#4061,#438,.T.);
#5253=EDGE_CURVE('',#4066,#4067,#3322,.T.);
#5254=EDGE_CURVE('',#4067,#4063,#2260,.T.);
#5255=EDGE_CURVE('',#4062,#4066,#2261,.T.);
#5256=EDGE_CURVE('',#4060,#4067,#150,.T.);
#5257=EDGE_CURVE('',#4066,#4068,#151,.T.);
#5258=EDGE_CURVE('',#4068,#4059,#439,.T.);
#5259=EDGE_CURVE('',#4064,#4058,#3323,.T.);
#5260=EDGE_CURVE('',#4057,#4065,#3324,.T.);
#5261=EDGE_CURVE('',#4061,#4069,#2262,.T.);
#5262=EDGE_CURVE('',#4069,#4070,#440,.T.);
#5263=EDGE_CURVE('',#4070,#4071,#2263,.T.);
#5264=EDGE_CURVE('',#4072,#4071,#441,.T.);
#5265=EDGE_CURVE('',#4072,#4068,#2264,.T.);
#5266=EDGE_CURVE('',#4073,#4058,#2265,.T.);
#5267=EDGE_CURVE('',#4074,#4073,#2266,.T.);
#5268=EDGE_CURVE('',#4055,#4074,#2267,.T.);
#5269=EDGE_CURVE('',#4063,#4075,#2268,.T.);
#5270=EDGE_CURVE('',#4075,#4073,#3325,.T.);
#5271=EDGE_CURVE('',#4074,#4076,#3326,.T.);
#5272=EDGE_CURVE('',#4075,#4076,#2269,.T.);
#5273=EDGE_CURVE('',#4076,#4067,#2270,.T.);
#5274=EDGE_CURVE('',#4077,#4078,#2271,.T.);
#5275=EDGE_CURVE('',#4078,#4079,#2272,.T.);
#5276=EDGE_CURVE('',#4079,#4080,#2273,.T.);
#5277=EDGE_CURVE('',#4080,#4081,#2274,.T.);
#5278=EDGE_CURVE('',#4081,#4077,#2275,.T.);
#5279=EDGE_CURVE('',#4078,#4082,#2276,.T.);
#5280=EDGE_CURVE('',#4083,#4082,#2277,.T.);
#5281=EDGE_CURVE('',#4083,#4079,#2278,.T.);
#5282=EDGE_CURVE('',#4084,#4077,#2279,.T.);
#5283=EDGE_CURVE('',#4084,#4085,#2280,.T.);
#5284=EDGE_CURVE('',#4086,#4085,#2281,.T.);
#5285=EDGE_CURVE('',#4082,#4086,#2282,.T.);
#5286=EDGE_CURVE('',#4081,#4087,#2283,.T.);
#5287=EDGE_CURVE('',#4087,#4084,#2284,.T.);
#5288=EDGE_CURVE('',#4088,#4083,#2285,.T.);
#5289=EDGE_CURVE('',#4086,#4089,#2286,.T.);
#5290=EDGE_CURVE('',#4089,#4088,#2287,.T.);
#5291=EDGE_CURVE('',#4090,#4088,#2288,.T.);
#5292=EDGE_CURVE('',#4090,#4091,#2289,.T.);
#5293=EDGE_CURVE('',#4080,#4091,#2290,.T.);
#5294=EDGE_CURVE('',#4092,#4089,#2291,.T.);
#5295=EDGE_CURVE('',#4093,#4092,#2292,.T.);
#5296=EDGE_CURVE('',#4094,#4093,#3327,.T.);
#5297=EDGE_CURVE('',#4095,#4094,#2293,.T.);
#5298=EDGE_CURVE('',#4096,#4095,#3328,.T.);
#5299=EDGE_CURVE('',#4097,#4096,#2294,.T.);
#5300=EDGE_CURVE('',#4098,#4097,#2295,.T.);
#5301=EDGE_CURVE('',#4099,#4098,#442,.T.);
#5302=EDGE_CURVE('',#4099,#4090,#2296,.T.);
#5303=EDGE_CURVE('',#4100,#4101,#2297,.T.);
#5304=EDGE_CURVE('',#4101,#4102,#2298,.T.);
#5305=EDGE_CURVE('',#4102,#4103,#2299,.T.);
#5306=EDGE_CURVE('',#4100,#4103,#2300,.T.);
#5307=EDGE_CURVE('',#4085,#4092,#2301,.T.);
#5308=EDGE_CURVE('',#4087,#4104,#2302,.T.);
#5309=EDGE_CURVE('',#4105,#4104,#2303,.T.);
#5310=EDGE_CURVE('',#4105,#4084,#2304,.T.);
#5311=EDGE_CURVE('',#4091,#4106,#2305,.T.);
#5312=EDGE_CURVE('',#4107,#4106,#443,.T.);
#5313=EDGE_CURVE('',#4108,#4107,#2306,.T.);
#5314=EDGE_CURVE('',#4109,#4108,#2307,.T.);
#5315=EDGE_CURVE('',#4110,#4109,#3329,.T.);
#5316=EDGE_CURVE('',#4111,#4110,#2308,.T.);
#5317=EDGE_CURVE('',#4104,#4111,#3330,.T.);
#5318=EDGE_CURVE('',#4112,#4113,#2309,.T.);
#5319=EDGE_CURVE('',#4113,#4114,#2310,.T.);
#5320=EDGE_CURVE('',#4114,#4115,#2311,.T.);
#5321=EDGE_CURVE('',#4112,#4115,#2312,.T.);
#5322=EDGE_CURVE('',#4116,#4099,#444,.T.);
#5323=EDGE_CURVE('',#4098,#4117,#445,.T.);
#5324=EDGE_CURVE('',#4117,#4118,#446,.T.);
#5325=EDGE_CURVE('',#4118,#4119,#447,.T.);
#5326=EDGE_CURVE('',#4116,#4119,#448,.F.);
#5327=EDGE_CURVE('',#4085,#4120,#2313,.T.);
#5328=EDGE_CURVE('',#4093,#4120,#2314,.T.);
#5329=EDGE_CURVE('',#4120,#4105,#2315,.T.);
#5330=EDGE_CURVE('',#4111,#4121,#2316,.T.);
#5331=EDGE_CURVE('',#4121,#4105,#3331,.T.);
#5332=EDGE_CURVE('',#4110,#4122,#2317,.T.);
#5333=EDGE_CURVE('',#4122,#4121,#2318,.T.);
#5334=EDGE_CURVE('',#4109,#4012,#2319,.T.);
#5335=EDGE_CURVE('',#4012,#4122,#3332,.T.);
#5336=EDGE_CURVE('',#4108,#4013,#2320,.T.);
#5337=EDGE_CURVE('',#4123,#4014,#270,.T.);
#5338=EDGE_CURVE('',#4108,#4124,#3333,.T.);
#5339=EDGE_CURVE('',#4123,#4124,#449,.T.);
#5340=EDGE_CURVE('',#4121,#4125,#2321,.T.);
#5341=EDGE_CURVE('',#4125,#4126,#450,.T.);
#5342=EDGE_CURVE('',#4126,#4127,#451,.T.);
#5343=EDGE_CURVE('',#4127,#4128,#452,.T.);
#5344=EDGE_CURVE('',#4128,#4129,#2322,.T.);
#5345=EDGE_CURVE('',#4120,#4129,#3334,.T.);
#5346=EDGE_CURVE('',#4003,#4097,#2323,.T.);
#5347=EDGE_CURVE('',#4096,#4005,#2324,.T.);
#5348=EDGE_CURVE('',#4095,#4130,#2325,.T.);
#5349=EDGE_CURVE('',#4130,#4005,#3335,.T.);
#5350=EDGE_CURVE('',#4131,#4047,#453,.T.);
#5351=EDGE_CURVE('',#4131,#4097,#3336,.T.);
#5352=EDGE_CURVE('',#4094,#4129,#2326,.T.);
#5353=EDGE_CURVE('',#4129,#4130,#2327,.T.);
#5354=EDGE_CURVE('',#4131,#4117,#2328,.T.);
#5355=EDGE_CURVE('',#4118,#4046,#3337,.T.);
#5356=EDGE_CURVE('',#4011,#4132,#454,.T.);
#5357=EDGE_CURVE('',#4132,#4133,#455,.T.);
#5358=EDGE_CURVE('',#4133,#4134,#3338,.T.);
#5359=EDGE_CURVE('',#4134,#4135,#456,.T.);
#5360=EDGE_CURVE('',#4135,#4136,#457,.T.);
#5361=EDGE_CURVE('',#4136,#4122,#2329,.T.);
#5362=EDGE_CURVE('',#4136,#4125,#458,.F.);
#5363=EDGE_CURVE('',#4137,#4135,#3339,.T.);
#5364=EDGE_CURVE('',#4138,#4137,#459,.T.);
#5365=EDGE_CURVE('',#4138,#4128,#460,.T.);
#5366=EDGE_CURVE('',#4127,#4126,#3340,.T.);
#5367=EDGE_CURVE('',#4130,#4138,#2330,.T.);
#5368=EDGE_CURVE('',#4137,#4139,#461,.T.);
#5369=EDGE_CURVE('',#4139,#4140,#3341,.T.);
#5370=EDGE_CURVE('',#4140,#4141,#462,.T.);
#5371=EDGE_CURVE('',#4141,#4006,#463,.T.);
#5372=EDGE_CURVE('',#4132,#4141,#3342,.T.);
#5373=EDGE_CURVE('',#4140,#4139,#3343,.T.);
#5374=EDGE_CURVE('',#4134,#4133,#3344,.T.);
#5375=EDGE_CURVE('',#4107,#4142,#464,.T.);
#5376=EDGE_CURVE('',#4142,#4124,#2331,.T.);
#5377=EDGE_CURVE('',#4106,#4143,#465,.T.);
#5378=EDGE_CURVE('',#4143,#4144,#466,.T.);
#5379=EDGE_CURVE('',#4144,#4145,#467,.T.);
#5380=EDGE_CURVE('',#4145,#4142,#468,.T.);
#5381=EDGE_CURVE('',#4146,#4145,#3345,.T.);
#5382=EDGE_CURVE('',#4123,#4146,#2332,.T.);
#5383=EDGE_CURVE('',#4144,#4147,#3346,.T.);
#5384=EDGE_CURVE('',#4146,#4147,#2333,.T.);
#5385=EDGE_CURVE('',#4001,#4119,#3347,.T.);
#5386=EDGE_CURVE('',#4008,#4009,#152,.T.);
#5387=EDGE_CURVE('',#4010,#4007,#3348,.T.);
#5388=EDGE_CURVE('',#4148,#4072,#3349,.T.);
#5389=EDGE_CURVE('',#4149,#4148,#2334,.F.);
#5390=EDGE_CURVE('',#4150,#4149,#3350,.F.);
#5391=EDGE_CURVE('',#4151,#4150,#3351,.F.);
#5392=EDGE_CURVE('',#4147,#4151,#2335,.T.);
#5393=EDGE_CURVE('',#4152,#4000,#3352,.F.);
#5394=EDGE_CURVE('',#4153,#4152,#2336,.T.);
#5395=EDGE_CURVE('',#4069,#4153,#3353,.T.);
#5396=EDGE_CURVE('',#4057,#4154,#2337,.T.);
#5397=EDGE_CURVE('',#4154,#4155,#3354,.T.);
#5398=EDGE_CURVE('',#4155,#4056,#2338,.T.);
#5399=EDGE_CURVE('',#4103,#4156,#2339,.F.);
#5400=EDGE_CURVE('',#4156,#4157,#2340,.T.);
#5401=EDGE_CURVE('',#4157,#4100,#2341,.F.);
#5402=EDGE_CURVE('',#4156,#4158,#2342,.T.);
#5403=EDGE_CURVE('',#4159,#4158,#2343,.T.);
#5404=EDGE_CURVE('',#4157,#4159,#2344,.T.);
#5405=EDGE_CURVE('',#4115,#4159,#2345,.F.);
#5406=EDGE_CURVE('',#4158,#4112,#2346,.F.);
#5407=EDGE_CURVE('',#4101,#4114,#2347,.T.);
#5408=EDGE_CURVE('',#4102,#4113,#2348,.T.);
#5409=EDGE_CURVE('',#4160,#4160,#3355,.F.);
#5410=EDGE_CURVE('',#4160,#4150,#2349,.T.);
#5411=EDGE_CURVE('',#4053,#4149,#153,.T.);
#5412=EDGE_CURVE('',#4053,#4161,#3356,.T.);
#5413=EDGE_CURVE('',#4151,#4161,#154,.T.);
#5414=EDGE_CURVE('',#4162,#4162,#3357,.T.);
#5415=EDGE_CURVE('',#4163,#4163,#3358,.F.);
#5416=EDGE_CURVE('',#4163,#4164,#2350,.T.);
#5417=EDGE_CURVE('',#4164,#4165,#3359,.T.);
#5418=EDGE_CURVE('',#4152,#4165,#155,.T.);
#5419=EDGE_CURVE('',#3999,#4164,#3360,.T.);
#5420=EDGE_CURVE('',#4166,#4166,#3361,.T.);
#5421=EDGE_CURVE('',#4036,#4167,#469,.T.);
#5422=EDGE_CURVE('',#4167,#4168,#3362,.T.);
#5423=EDGE_CURVE('',#4168,#4035,#470,.T.);
#5424=EDGE_CURVE('',#4168,#4167,#2351,.T.);
#5425=EDGE_CURVE('',#4168,#4154,#2352,.T.);
#5426=EDGE_CURVE('',#4167,#4155,#2353,.T.);
#5427=EDGE_CURVE('',#4161,#4146,#2354,.T.);
#5428=EDGE_CURVE('',#4015,#4161,#2355,.T.);
#5429=EDGE_CURVE('',#4071,#4040,#3363,.T.);
#5430=EDGE_CURVE('',#4052,#4148,#2356,.T.);
#5431=EDGE_CURVE('',#4165,#4169,#2357,.T.);
#5432=EDGE_CURVE('',#4169,#4153,#2358,.T.);
#5433=EDGE_CURVE('',#4169,#4070,#3364,.T.);
#5434=EDGE_CURVE('',#4023,#4071,#2359,.T.);
#5435=EDGE_CURVE('',#4024,#4070,#2360,.T.);
#5436=EDGE_CURVE('',#4025,#4169,#2361,.T.);
#5437=EDGE_CURVE('',#4026,#4165,#2362,.T.);
#5438=EDGE_CURVE('',#4170,#4170,#3365,.T.);
#5439=EDGE_CURVE('',#4171,#4171,#3366,.T.);
#5440=EDGE_CURVE('',#4162,#4171,#2363,.T.);
#5441=EDGE_CURVE('',#4172,#4172,#3367,.T.);
#5442=EDGE_CURVE('',#4173,#4173,#3368,.T.);
#5443=EDGE_CURVE('',#4166,#4173,#2364,.T.);
#5444=EDGE_CURVE('',#4172,#4033,#2365,.T.);
#5445=EDGE_CURVE('',#4170,#4034,#2366,.T.);
#5446=ORIENTED_EDGE('',*,*,#4174,.F.);
#5447=ORIENTED_EDGE('',*,*,#4175,.T.);
#5448=ORIENTED_EDGE('',*,*,#4176,.T.);
#5449=ORIENTED_EDGE('',*,*,#4177,.T.);
#5450=ORIENTED_EDGE('',*,*,#4175,.F.);
#5451=ORIENTED_EDGE('',*,*,#4178,.F.);
#5452=ORIENTED_EDGE('',*,*,#4179,.F.);
#5453=ORIENTED_EDGE('',*,*,#4180,.T.);
#5454=ORIENTED_EDGE('',*,*,#4181,.T.);
#5455=ORIENTED_EDGE('',*,*,#4182,.T.);
#5456=ORIENTED_EDGE('',*,*,#4183,.T.);
#5457=ORIENTED_EDGE('',*,*,#4184,.T.);
#5458=ORIENTED_EDGE('',*,*,#4184,.F.);
#5459=ORIENTED_EDGE('',*,*,#4185,.F.);
#5460=ORIENTED_EDGE('',*,*,#4186,.T.);
#5461=ORIENTED_EDGE('',*,*,#4187,.F.);
#5462=ORIENTED_EDGE('',*,*,#4188,.F.);
#5463=ORIENTED_EDGE('',*,*,#4189,.T.);
#5464=ORIENTED_EDGE('',*,*,#4190,.T.);
#5465=ORIENTED_EDGE('',*,*,#4191,.T.);
#5466=ORIENTED_EDGE('',*,*,#4189,.F.);
#5467=ORIENTED_EDGE('',*,*,#4192,.F.);
#5468=ORIENTED_EDGE('',*,*,#4193,.F.);
#5469=ORIENTED_EDGE('',*,*,#4194,.F.);
#5470=ORIENTED_EDGE('',*,*,#4195,.T.);
#5471=ORIENTED_EDGE('',*,*,#4196,.T.);
#5472=ORIENTED_EDGE('',*,*,#4197,.F.);
#5473=ORIENTED_EDGE('',*,*,#4198,.T.);
#5474=ORIENTED_EDGE('',*,*,#4198,.F.);
#5475=ORIENTED_EDGE('',*,*,#4199,.T.);
#5476=ORIENTED_EDGE('',*,*,#4200,.T.);
#5477=ORIENTED_EDGE('',*,*,#4201,.T.);
#5478=ORIENTED_EDGE('',*,*,#4202,.F.);
#5479=ORIENTED_EDGE('',*,*,#4203,.F.);
#5480=ORIENTED_EDGE('',*,*,#4204,.T.);
#5481=ORIENTED_EDGE('',*,*,#4205,.F.);
#5482=ORIENTED_EDGE('',*,*,#4204,.F.);
#5483=ORIENTED_EDGE('',*,*,#4206,.F.);
#5484=ORIENTED_EDGE('',*,*,#4193,.T.);
#5485=ORIENTED_EDGE('',*,*,#4207,.F.);
#5486=ORIENTED_EDGE('',*,*,#4201,.F.);
#5487=ORIENTED_EDGE('',*,*,#4208,.F.);
#5488=ORIENTED_EDGE('',*,*,#4209,.F.);
#5489=ORIENTED_EDGE('',*,*,#4195,.F.);
#5490=ORIENTED_EDGE('',*,*,#4202,.T.);
#5491=ORIENTED_EDGE('',*,*,#4207,.T.);
#5492=ORIENTED_EDGE('',*,*,#4192,.T.);
#5493=ORIENTED_EDGE('',*,*,#4188,.T.);
#5494=ORIENTED_EDGE('',*,*,#4203,.T.);
#5495=ORIENTED_EDGE('',*,*,#4191,.F.);
#5496=ORIENTED_EDGE('',*,*,#4210,.F.);
#5497=ORIENTED_EDGE('',*,*,#4211,.T.);
#5498=ORIENTED_EDGE('',*,*,#4212,.F.);
#5499=ORIENTED_EDGE('',*,*,#4213,.F.);
#5500=ORIENTED_EDGE('',*,*,#4214,.T.);
#5501=ORIENTED_EDGE('',*,*,#4215,.F.);
#5502=ORIENTED_EDGE('',*,*,#4214,.F.);
#5503=ORIENTED_EDGE('',*,*,#4216,.F.);
#5504=ORIENTED_EDGE('',*,*,#4179,.T.);
#5505=ORIENTED_EDGE('',*,*,#4217,.F.);
#5506=ORIENTED_EDGE('',*,*,#4218,.F.);
#5507=ORIENTED_EDGE('',*,*,#4219,.T.);
#5508=ORIENTED_EDGE('',*,*,#4218,.T.);
#5509=ORIENTED_EDGE('',*,*,#4220,.F.);
#5510=ORIENTED_EDGE('',*,*,#4221,.F.);
#5511=ORIENTED_EDGE('',*,*,#4222,.F.);
#5512=ORIENTED_EDGE('',*,*,#4223,.F.);
#5513=ORIENTED_EDGE('',*,*,#4220,.T.);
#5514=ORIENTED_EDGE('',*,*,#4217,.T.);
#5515=ORIENTED_EDGE('',*,*,#4178,.T.);
#5516=ORIENTED_EDGE('',*,*,#4174,.T.);
#5517=ORIENTED_EDGE('',*,*,#4213,.T.);
#5518=ORIENTED_EDGE('',*,*,#4177,.F.);
#5519=ORIENTED_EDGE('',*,*,#4224,.F.);
#5520=ORIENTED_EDGE('',*,*,#4225,.T.);
#5521=ORIENTED_EDGE('',*,*,#4226,.F.);
#5522=ORIENTED_EDGE('',*,*,#4227,.F.);
#5523=ORIENTED_EDGE('',*,*,#4228,.T.);
#5524=ORIENTED_EDGE('',*,*,#4229,.F.);
#5525=ORIENTED_EDGE('',*,*,#4228,.F.);
#5526=ORIENTED_EDGE('',*,*,#4230,.T.);
#5527=ORIENTED_EDGE('',*,*,#4231,.T.);
#5528=ORIENTED_EDGE('',*,*,#4232,.F.);
#5529=ORIENTED_EDGE('',*,*,#4233,.F.);
#5530=ORIENTED_EDGE('',*,*,#4234,.F.);
#5531=ORIENTED_EDGE('',*,*,#4233,.T.);
#5532=ORIENTED_EDGE('',*,*,#4235,.F.);
#5533=ORIENTED_EDGE('',*,*,#4236,.F.);
#5534=ORIENTED_EDGE('',*,*,#4237,.F.);
#5535=ORIENTED_EDGE('',*,*,#4236,.T.);
#5536=ORIENTED_EDGE('',*,*,#4238,.F.);
#5537=ORIENTED_EDGE('',*,*,#4186,.F.);
#5538=ORIENTED_EDGE('',*,*,#4238,.T.);
#5539=ORIENTED_EDGE('',*,*,#4235,.T.);
#5540=ORIENTED_EDGE('',*,*,#4232,.T.);
#5541=ORIENTED_EDGE('',*,*,#4239,.F.);
#5542=ORIENTED_EDGE('',*,*,#4240,.F.);
#5543=ORIENTED_EDGE('',*,*,#4181,.F.);
#5544=ORIENTED_EDGE('',*,*,#4187,.T.);
#5545=ORIENTED_EDGE('',*,*,#4227,.T.);
#5546=ORIENTED_EDGE('',*,*,#4241,.T.);
#5547=ORIENTED_EDGE('',*,*,#4242,.T.);
#5548=ORIENTED_EDGE('',*,*,#4243,.T.);
#5549=ORIENTED_EDGE('',*,*,#4244,.T.);
#5550=ORIENTED_EDGE('',*,*,#4245,.T.);
#5551=ORIENTED_EDGE('',*,*,#4246,.T.);
#5552=ORIENTED_EDGE('',*,*,#4243,.F.);
#5553=ORIENTED_EDGE('',*,*,#4247,.T.);
#5554=ORIENTED_EDGE('',*,*,#4248,.T.);
#5555=ORIENTED_EDGE('',*,*,#4241,.F.);
#5556=ORIENTED_EDGE('',*,*,#4249,.T.);
#5557=ORIENTED_EDGE('',*,*,#4250,.T.);
#5558=ORIENTED_EDGE('',*,*,#4251,.T.);
#5559=ORIENTED_EDGE('',*,*,#4252,.T.);
#5560=ORIENTED_EDGE('',*,*,#4253,.T.);
#5561=ORIENTED_EDGE('',*,*,#4250,.F.);
#5562=ORIENTED_EDGE('',*,*,#4254,.T.);
#5563=ORIENTED_EDGE('',*,*,#4252,.F.);
#5564=ORIENTED_EDGE('',*,*,#4255,.T.);
#5565=ORIENTED_EDGE('',*,*,#4256,.T.);
#5566=ORIENTED_EDGE('',*,*,#4257,.T.);
#5567=ORIENTED_EDGE('',*,*,#4258,.T.);
#5568=ORIENTED_EDGE('',*,*,#4259,.T.);
#5569=ORIENTED_EDGE('',*,*,#4256,.F.);
#5570=ORIENTED_EDGE('',*,*,#4260,.T.);
#5571=ORIENTED_EDGE('',*,*,#4261,.F.);
#5572=ORIENTED_EDGE('',*,*,#4255,.F.);
#5573=ORIENTED_EDGE('',*,*,#4254,.F.);
#5574=ORIENTED_EDGE('',*,*,#4249,.F.);
#5575=ORIENTED_EDGE('',*,*,#4244,.F.);
#5576=ORIENTED_EDGE('',*,*,#4246,.F.);
#5577=ORIENTED_EDGE('',*,*,#4262,.F.);
#5578=ORIENTED_EDGE('',*,*,#4263,.F.);
#5579=ORIENTED_EDGE('',*,*,#4264,.F.);
#5580=ORIENTED_EDGE('',*,*,#4265,.T.);
#5581=ORIENTED_EDGE('',*,*,#4266,.T.);
#5582=ORIENTED_EDGE('',*,*,#4267,.T.);
#5583=ORIENTED_EDGE('',*,*,#4268,.F.);
#5584=ORIENTED_EDGE('',*,*,#4245,.F.);
#5585=ORIENTED_EDGE('',*,*,#4269,.F.);
#5586=ORIENTED_EDGE('',*,*,#4270,.F.);
#5587=ORIENTED_EDGE('',*,*,#4271,.F.);
#5588=ORIENTED_EDGE('',*,*,#4262,.T.);
#5589=ORIENTED_EDGE('',*,*,#4248,.F.);
#5590=ORIENTED_EDGE('',*,*,#4272,.T.);
#5591=ORIENTED_EDGE('',*,*,#4273,.T.);
#5592=ORIENTED_EDGE('',*,*,#4274,.T.);
#5593=ORIENTED_EDGE('',*,*,#4269,.T.);
#5594=ORIENTED_EDGE('',*,*,#4247,.F.);
#5595=ORIENTED_EDGE('',*,*,#4275,.F.);
#5596=ORIENTED_EDGE('',*,*,#4276,.F.);
#5597=ORIENTED_EDGE('',*,*,#4277,.F.);
#5598=ORIENTED_EDGE('',*,*,#4278,.T.);
#5599=ORIENTED_EDGE('',*,*,#4279,.F.);
#5600=ORIENTED_EDGE('',*,*,#4280,.T.);
#5601=ORIENTED_EDGE('',*,*,#4281,.F.);
#5602=ORIENTED_EDGE('',*,*,#4282,.T.);
#5603=ORIENTED_EDGE('',*,*,#4283,.F.);
#5604=ORIENTED_EDGE('',*,*,#4284,.T.);
#5605=ORIENTED_EDGE('',*,*,#4285,.F.);
#5606=ORIENTED_EDGE('',*,*,#4286,.T.);
#5607=ORIENTED_EDGE('',*,*,#4272,.F.);
#5608=ORIENTED_EDGE('',*,*,#4242,.F.);
#5609=ORIENTED_EDGE('',*,*,#4287,.T.);
#5610=ORIENTED_EDGE('',*,*,#4288,.T.);
#5611=ORIENTED_EDGE('',*,*,#4289,.T.);
#5612=ORIENTED_EDGE('',*,*,#4290,.T.);
#5613=ORIENTED_EDGE('',*,*,#4291,.T.);
#5614=ORIENTED_EDGE('',*,*,#4292,.F.);
#5615=ORIENTED_EDGE('',*,*,#4275,.T.);
#5616=ORIENTED_EDGE('',*,*,#4293,.T.);
#5617=ORIENTED_EDGE('',*,*,#4294,.T.);
#5618=ORIENTED_EDGE('',*,*,#4295,.T.);
#5619=ORIENTED_EDGE('',*,*,#4296,.T.);
#5620=ORIENTED_EDGE('',*,*,#4297,.T.);
#5621=ORIENTED_EDGE('',*,*,#4298,.T.);
#5622=ORIENTED_EDGE('',*,*,#4295,.F.);
#5623=ORIENTED_EDGE('',*,*,#4299,.T.);
#5624=ORIENTED_EDGE('',*,*,#4300,.F.);
#5625=ORIENTED_EDGE('',*,*,#4301,.T.);
#5626=ORIENTED_EDGE('',*,*,#4293,.F.);
#5627=ORIENTED_EDGE('',*,*,#4302,.T.);
#5628=ORIENTED_EDGE('',*,*,#4199,.F.);
#5629=ORIENTED_EDGE('',*,*,#4197,.T.);
#5630=ORIENTED_EDGE('',*,*,#4303,.T.);
#5631=ORIENTED_EDGE('',*,*,#4304,.T.);
#5632=ORIENTED_EDGE('',*,*,#4297,.F.);
#5633=ORIENTED_EDGE('',*,*,#4305,.T.);
#5634=ORIENTED_EDGE('',*,*,#4306,.T.);
#5635=ORIENTED_EDGE('',*,*,#4292,.T.);
#5636=ORIENTED_EDGE('',*,*,#4303,.F.);
#5637=ORIENTED_EDGE('',*,*,#4307,.T.);
#5638=ORIENTED_EDGE('',*,*,#4308,.T.);
#5639=ORIENTED_EDGE('',*,*,#4276,.T.);
#5640=ORIENTED_EDGE('',*,*,#4306,.F.);
#5641=ORIENTED_EDGE('',*,*,#4309,.T.);
#5642=ORIENTED_EDGE('',*,*,#4310,.T.);
#5643=ORIENTED_EDGE('',*,*,#4309,.F.);
#5644=ORIENTED_EDGE('',*,*,#4307,.F.);
#5645=ORIENTED_EDGE('',*,*,#4305,.F.);
#5646=ORIENTED_EDGE('',*,*,#4299,.F.);
#5647=ORIENTED_EDGE('',*,*,#4294,.F.);
#5648=ORIENTED_EDGE('',*,*,#4311,.F.);
#5649=ORIENTED_EDGE('',*,*,#4312,.F.);
#5650=ORIENTED_EDGE('',*,*,#4313,.F.);
#5651=ORIENTED_EDGE('',*,*,#4314,.T.);
#5652=ORIENTED_EDGE('',*,*,#4315,.T.);
#5653=ORIENTED_EDGE('',*,*,#4316,.T.);
#5654=ORIENTED_EDGE('',*,*,#4317,.F.);
#5655=ORIENTED_EDGE('',*,*,#4301,.F.);
#5656=ORIENTED_EDGE('',*,*,#4318,.T.);
#5657=ORIENTED_EDGE('',*,*,#4319,.F.);
#5658=ORIENTED_EDGE('',*,*,#4311,.T.);
#5659=ORIENTED_EDGE('',*,*,#4196,.F.);
#5660=ORIENTED_EDGE('',*,*,#4320,.F.);
#5661=ORIENTED_EDGE('',*,*,#4321,.F.);
#5662=ORIENTED_EDGE('',*,*,#4318,.F.);
#5663=ORIENTED_EDGE('',*,*,#4300,.T.);
#5664=ORIENTED_EDGE('',*,*,#4259,.F.);
#5665=ORIENTED_EDGE('',*,*,#4322,.F.);
#5666=ORIENTED_EDGE('',*,*,#4323,.F.);
#5667=ORIENTED_EDGE('',*,*,#4224,.T.);
#5668=ORIENTED_EDGE('',*,*,#4176,.F.);
#5669=ORIENTED_EDGE('',*,*,#4180,.F.);
#5670=ORIENTED_EDGE('',*,*,#4216,.T.);
#5671=ORIENTED_EDGE('',*,*,#4219,.F.);
#5672=ORIENTED_EDGE('',*,*,#4324,.F.);
#5673=ORIENTED_EDGE('',*,*,#4230,.F.);
#5674=ORIENTED_EDGE('',*,*,#4234,.T.);
#5675=ORIENTED_EDGE('',*,*,#4237,.T.);
#5676=ORIENTED_EDGE('',*,*,#4185,.T.);
#5677=ORIENTED_EDGE('',*,*,#4183,.F.);
#5678=ORIENTED_EDGE('',*,*,#4325,.F.);
#5679=ORIENTED_EDGE('',*,*,#4326,.F.);
#5680=ORIENTED_EDGE('',*,*,#4210,.T.);
#5681=ORIENTED_EDGE('',*,*,#4190,.F.);
#5682=ORIENTED_EDGE('',*,*,#4194,.T.);
#5683=ORIENTED_EDGE('',*,*,#4206,.T.);
#5684=ORIENTED_EDGE('',*,*,#4200,.F.);
#5685=ORIENTED_EDGE('',*,*,#4302,.F.);
#5686=ORIENTED_EDGE('',*,*,#4296,.F.);
#5687=ORIENTED_EDGE('',*,*,#4327,.F.);
#5688=ORIENTED_EDGE('',*,*,#4328,.T.);
#5689=ORIENTED_EDGE('',*,*,#4329,.T.);
#5690=ORIENTED_EDGE('',*,*,#4330,.F.);
#5691=ORIENTED_EDGE('',*,*,#4331,.F.);
#5692=ORIENTED_EDGE('',*,*,#4332,.F.);
#5693=ORIENTED_EDGE('',*,*,#4333,.F.);
#5694=ORIENTED_EDGE('',*,*,#4257,.F.);
#5695=ORIENTED_EDGE('',*,*,#4205,.T.);
#5696=ORIENTED_EDGE('',*,*,#4215,.T.);
#5697=ORIENTED_EDGE('',*,*,#4229,.T.);
#5698=ORIENTED_EDGE('',*,*,#4334,.F.);
#5699=ORIENTED_EDGE('',*,*,#4335,.F.);
#5700=ORIENTED_EDGE('',*,*,#4336,.F.);
#5701=ORIENTED_EDGE('',*,*,#4337,.F.);
#5702=ORIENTED_EDGE('',*,*,#4338,.F.);
#5703=ORIENTED_EDGE('',*,*,#4339,.T.);
#5704=ORIENTED_EDGE('',*,*,#4340,.T.);
#5705=ORIENTED_EDGE('',*,*,#4341,.T.);
#5706=ORIENTED_EDGE('',*,*,#4342,.T.);
#5707=ORIENTED_EDGE('',*,*,#4343,.T.);
#5708=ORIENTED_EDGE('',*,*,#4338,.T.);
#5709=ORIENTED_EDGE('',*,*,#4344,.F.);
#5710=ORIENTED_EDGE('',*,*,#4345,.T.);
#5711=ORIENTED_EDGE('',*,*,#4346,.T.);
#5712=ORIENTED_EDGE('',*,*,#4347,.T.);
#5713=ORIENTED_EDGE('',*,*,#4348,.T.);
#5714=ORIENTED_EDGE('',*,*,#4349,.T.);
#5715=ORIENTED_EDGE('',*,*,#4344,.T.);
#5716=ORIENTED_EDGE('',*,*,#4349,.F.);
#5717=ORIENTED_EDGE('',*,*,#4350,.T.);
#5718=ORIENTED_EDGE('',*,*,#4351,.T.);
#5719=ORIENTED_EDGE('',*,*,#4352,.T.);
#5720=ORIENTED_EDGE('',*,*,#4353,.T.);
#5721=ORIENTED_EDGE('',*,*,#4348,.F.);
#5722=ORIENTED_EDGE('',*,*,#4347,.F.);
#5723=ORIENTED_EDGE('',*,*,#4354,.T.);
#5724=ORIENTED_EDGE('',*,*,#4355,.T.);
#5725=ORIENTED_EDGE('',*,*,#4356,.T.);
#5726=ORIENTED_EDGE('',*,*,#4357,.T.);
#5727=ORIENTED_EDGE('',*,*,#4358,.T.);
#5728=ORIENTED_EDGE('',*,*,#4355,.F.);
#5729=ORIENTED_EDGE('',*,*,#4359,.T.);
#5730=ORIENTED_EDGE('',*,*,#4339,.F.);
#5731=ORIENTED_EDGE('',*,*,#4343,.F.);
#5732=ORIENTED_EDGE('',*,*,#4360,.T.);
#5733=ORIENTED_EDGE('',*,*,#4357,.F.);
#5734=ORIENTED_EDGE('',*,*,#4361,.T.);
#5735=ORIENTED_EDGE('',*,*,#4342,.F.);
#5736=ORIENTED_EDGE('',*,*,#4362,.T.);
#5737=ORIENTED_EDGE('',*,*,#4363,.T.);
#5738=ORIENTED_EDGE('',*,*,#4364,.F.);
#5739=ORIENTED_EDGE('',*,*,#4365,.T.);
#5740=ORIENTED_EDGE('',*,*,#4352,.F.);
#5741=ORIENTED_EDGE('',*,*,#4366,.F.);
#5742=ORIENTED_EDGE('',*,*,#4367,.F.);
#5743=ORIENTED_EDGE('',*,*,#4368,.F.);
#5744=ORIENTED_EDGE('',*,*,#4369,.T.);
#5745=ORIENTED_EDGE('',*,*,#4370,.T.);
#5746=ORIENTED_EDGE('',*,*,#4371,.T.);
#5747=ORIENTED_EDGE('',*,*,#4372,.T.);
#5748=ORIENTED_EDGE('',*,*,#4373,.T.);
#5749=ORIENTED_EDGE('',*,*,#4374,.T.);
#5750=ORIENTED_EDGE('',*,*,#4375,.T.);
#5751=ORIENTED_EDGE('',*,*,#4350,.F.);
#5752=ORIENTED_EDGE('',*,*,#4356,.F.);
#5753=ORIENTED_EDGE('',*,*,#4376,.T.);
#5754=ORIENTED_EDGE('',*,*,#4377,.F.);
#5755=ORIENTED_EDGE('',*,*,#4368,.T.);
#5756=ORIENTED_EDGE('',*,*,#4358,.F.);
#5757=ORIENTED_EDGE('',*,*,#4378,.F.);
#5758=ORIENTED_EDGE('',*,*,#4379,.F.);
#5759=ORIENTED_EDGE('',*,*,#4376,.F.);
#5760=ORIENTED_EDGE('',*,*,#4360,.F.);
#5761=ORIENTED_EDGE('',*,*,#4365,.F.);
#5762=ORIENTED_EDGE('',*,*,#4380,.F.);
#5763=ORIENTED_EDGE('',*,*,#4381,.F.);
#5764=ORIENTED_EDGE('',*,*,#4382,.F.);
#5765=ORIENTED_EDGE('',*,*,#4378,.T.);
#5766=ORIENTED_EDGE('',*,*,#4369,.F.);
#5767=ORIENTED_EDGE('',*,*,#4377,.T.);
#5768=ORIENTED_EDGE('',*,*,#4383,.T.);
#5769=ORIENTED_EDGE('',*,*,#4384,.T.);
#5770=ORIENTED_EDGE('',*,*,#4385,.T.);
#5771=ORIENTED_EDGE('',*,*,#4386,.T.);
#5772=ORIENTED_EDGE('',*,*,#4387,.T.);
#5773=ORIENTED_EDGE('',*,*,#4383,.F.);
#5774=ORIENTED_EDGE('',*,*,#4379,.T.);
#5775=ORIENTED_EDGE('',*,*,#4388,.F.);
#5776=ORIENTED_EDGE('',*,*,#4389,.T.);
#5777=ORIENTED_EDGE('',*,*,#4386,.F.);
#5778=ORIENTED_EDGE('',*,*,#4382,.T.);
#5779=ORIENTED_EDGE('',*,*,#4390,.T.);
#5780=ORIENTED_EDGE('',*,*,#4391,.T.);
#5781=ORIENTED_EDGE('',*,*,#4392,.T.);
#5782=ORIENTED_EDGE('',*,*,#4372,.F.);
#5783=ORIENTED_EDGE('',*,*,#4393,.T.);
#5784=ORIENTED_EDGE('',*,*,#4363,.F.);
#5785=ORIENTED_EDGE('',*,*,#4394,.T.);
#5786=ORIENTED_EDGE('',*,*,#4395,.T.);
#5787=ORIENTED_EDGE('',*,*,#4391,.F.);
#5788=ORIENTED_EDGE('',*,*,#4396,.T.);
#5789=ORIENTED_EDGE('',*,*,#4397,.F.);
#5790=ORIENTED_EDGE('',*,*,#4390,.F.);
#5791=ORIENTED_EDGE('',*,*,#4381,.T.);
#5792=ORIENTED_EDGE('',*,*,#4398,.F.);
#5793=ORIENTED_EDGE('',*,*,#4399,.F.);
#5794=ORIENTED_EDGE('',*,*,#4396,.F.);
#5795=ORIENTED_EDGE('',*,*,#4393,.F.);
#5796=ORIENTED_EDGE('',*,*,#4371,.F.);
#5797=ORIENTED_EDGE('',*,*,#4370,.F.);
#5798=ORIENTED_EDGE('',*,*,#4385,.F.);
#5799=ORIENTED_EDGE('',*,*,#4400,.T.);
#5800=ORIENTED_EDGE('',*,*,#4388,.T.);
#5801=ORIENTED_EDGE('',*,*,#4397,.T.);
#5802=ORIENTED_EDGE('',*,*,#4380,.T.);
#5803=ORIENTED_EDGE('',*,*,#4364,.T.);
#5804=ORIENTED_EDGE('',*,*,#4399,.T.);
#5805=ORIENTED_EDGE('',*,*,#4398,.T.);
#5806=ORIENTED_EDGE('',*,*,#4341,.F.);
#5807=ORIENTED_EDGE('',*,*,#4401,.F.);
#5808=ORIENTED_EDGE('',*,*,#4402,.F.);
#5809=ORIENTED_EDGE('',*,*,#4403,.F.);
#5810=ORIENTED_EDGE('',*,*,#4394,.F.);
#5811=ORIENTED_EDGE('',*,*,#4362,.F.);
#5812=ORIENTED_EDGE('',*,*,#4354,.F.);
#5813=ORIENTED_EDGE('',*,*,#4404,.F.);
#5814=ORIENTED_EDGE('',*,*,#4405,.F.);
#5815=ORIENTED_EDGE('',*,*,#4406,.F.);
#5816=ORIENTED_EDGE('',*,*,#4361,.F.);
#5817=ORIENTED_EDGE('',*,*,#4359,.F.);
#5818=ORIENTED_EDGE('',*,*,#4346,.F.);
#5819=ORIENTED_EDGE('',*,*,#4407,.T.);
#5820=ORIENTED_EDGE('',*,*,#4408,.T.);
#5821=ORIENTED_EDGE('',*,*,#4404,.T.);
#5822=ORIENTED_EDGE('',*,*,#4353,.F.);
#5823=ORIENTED_EDGE('',*,*,#4374,.F.);
#5824=ORIENTED_EDGE('',*,*,#4409,.F.);
#5825=ORIENTED_EDGE('',*,*,#4410,.F.);
#5826=ORIENTED_EDGE('',*,*,#4407,.F.);
#5827=ORIENTED_EDGE('',*,*,#4345,.F.);
#5828=ORIENTED_EDGE('',*,*,#4375,.F.);
#5829=ORIENTED_EDGE('',*,*,#4367,.T.);
#5830=ORIENTED_EDGE('',*,*,#4366,.T.);
#5831=ORIENTED_EDGE('',*,*,#4351,.F.);
#5832=ORIENTED_EDGE('',*,*,#4253,.F.);
#5833=ORIENTED_EDGE('',*,*,#4333,.T.);
#5834=ORIENTED_EDGE('',*,*,#4411,.T.);
#5835=ORIENTED_EDGE('',*,*,#4412,.T.);
#5836=ORIENTED_EDGE('',*,*,#4413,.T.);
#5837=ORIENTED_EDGE('',*,*,#4414,.T.);
#5838=ORIENTED_EDGE('',*,*,#4415,.T.);
#5839=ORIENTED_EDGE('',*,*,#4416,.T.);
#5840=ORIENTED_EDGE('',*,*,#4251,.F.);
#5841=ORIENTED_EDGE('',*,*,#4416,.F.);
#5842=ORIENTED_EDGE('',*,*,#4417,.T.);
#5843=ORIENTED_EDGE('',*,*,#4287,.F.);
#5844=ORIENTED_EDGE('',*,*,#4415,.F.);
#5845=ORIENTED_EDGE('',*,*,#4418,.F.);
#5846=ORIENTED_EDGE('',*,*,#4419,.F.);
#5847=ORIENTED_EDGE('',*,*,#4420,.T.);
#5848=ORIENTED_EDGE('',*,*,#4290,.F.);
#5849=ORIENTED_EDGE('',*,*,#4421,.T.);
#5850=ORIENTED_EDGE('',*,*,#4288,.F.);
#5851=ORIENTED_EDGE('',*,*,#4417,.F.);
#5852=ORIENTED_EDGE('',*,*,#4298,.F.);
#5853=ORIENTED_EDGE('',*,*,#4422,.T.);
#5854=ORIENTED_EDGE('',*,*,#4419,.T.);
#5855=ORIENTED_EDGE('',*,*,#4423,.T.);
#5856=ORIENTED_EDGE('',*,*,#4424,.T.);
#5857=ORIENTED_EDGE('',*,*,#4425,.T.);
#5858=ORIENTED_EDGE('',*,*,#4426,.T.);
#5859=ORIENTED_EDGE('',*,*,#4327,.T.);
#5860=ORIENTED_EDGE('',*,*,#4412,.F.);
#5861=ORIENTED_EDGE('',*,*,#4427,.T.);
#5862=ORIENTED_EDGE('',*,*,#4425,.F.);
#5863=ORIENTED_EDGE('',*,*,#4428,.T.);
#5864=ORIENTED_EDGE('',*,*,#4423,.F.);
#5865=ORIENTED_EDGE('',*,*,#4418,.T.);
#5866=ORIENTED_EDGE('',*,*,#4414,.F.);
#5867=ORIENTED_EDGE('',*,*,#4429,.T.);
#5868=ORIENTED_EDGE('',*,*,#4304,.F.);
#5869=ORIENTED_EDGE('',*,*,#4291,.F.);
#5870=ORIENTED_EDGE('',*,*,#4420,.F.);
#5871=ORIENTED_EDGE('',*,*,#4422,.F.);
#5872=ORIENTED_EDGE('',*,*,#4260,.F.);
#5873=ORIENTED_EDGE('',*,*,#4264,.T.);
#5874=ORIENTED_EDGE('',*,*,#4430,.T.);
#5875=ORIENTED_EDGE('',*,*,#4431,.T.);
#5876=ORIENTED_EDGE('',*,*,#4263,.T.);
#5877=ORIENTED_EDGE('',*,*,#4271,.T.);
#5878=ORIENTED_EDGE('',*,*,#4432,.T.);
#5879=ORIENTED_EDGE('',*,*,#4433,.T.);
#5880=ORIENTED_EDGE('',*,*,#4434,.T.);
#5881=ORIENTED_EDGE('',*,*,#4430,.F.);
#5882=ORIENTED_EDGE('',*,*,#4261,.T.);
#5883=ORIENTED_EDGE('',*,*,#4431,.F.);
#5884=ORIENTED_EDGE('',*,*,#4434,.F.);
#5885=ORIENTED_EDGE('',*,*,#4435,.F.);
#5886=ORIENTED_EDGE('',*,*,#4436,.F.);
#5887=ORIENTED_EDGE('',*,*,#4433,.F.);
#5888=ORIENTED_EDGE('',*,*,#4437,.T.);
#5889=ORIENTED_EDGE('',*,*,#4438,.F.);
#5890=ORIENTED_EDGE('',*,*,#4435,.T.);
#5891=ORIENTED_EDGE('',*,*,#4439,.T.);
#5892=ORIENTED_EDGE('',*,*,#4440,.F.);
#5893=ORIENTED_EDGE('',*,*,#4441,.F.);
#5894=ORIENTED_EDGE('',*,*,#4312,.T.);
#5895=ORIENTED_EDGE('',*,*,#4319,.T.);
#5896=ORIENTED_EDGE('',*,*,#4321,.T.);
#5897=ORIENTED_EDGE('',*,*,#4439,.F.);
#5898=ORIENTED_EDGE('',*,*,#4320,.T.);
#5899=ORIENTED_EDGE('',*,*,#4209,.T.);
#5900=ORIENTED_EDGE('',*,*,#4442,.T.);
#5901=ORIENTED_EDGE('',*,*,#4443,.T.);
#5902=ORIENTED_EDGE('',*,*,#4444,.T.);
#5903=ORIENTED_EDGE('',*,*,#4330,.T.);
#5904=ORIENTED_EDGE('',*,*,#4411,.F.);
#5905=ORIENTED_EDGE('',*,*,#4332,.T.);
#5906=ORIENTED_EDGE('',*,*,#4445,.T.);
#5907=ORIENTED_EDGE('',*,*,#4328,.F.);
#5908=ORIENTED_EDGE('',*,*,#4426,.F.);
#5909=ORIENTED_EDGE('',*,*,#4427,.F.);
#5910=ORIENTED_EDGE('',*,*,#4444,.F.);
#5911=ORIENTED_EDGE('',*,*,#4329,.F.);
#5912=ORIENTED_EDGE('',*,*,#4445,.F.);
#5913=ORIENTED_EDGE('',*,*,#4331,.T.);
#5914=ORIENTED_EDGE('',*,*,#4289,.F.);
#5915=ORIENTED_EDGE('',*,*,#4421,.F.);
#5916=ORIENTED_EDGE('',*,*,#4273,.F.);
#5917=ORIENTED_EDGE('',*,*,#4286,.F.);
#5918=ORIENTED_EDGE('',*,*,#4446,.F.);
#5919=ORIENTED_EDGE('',*,*,#4447,.F.);
#5920=ORIENTED_EDGE('',*,*,#4285,.T.);
#5921=ORIENTED_EDGE('',*,*,#4448,.T.);
#5922=ORIENTED_EDGE('',*,*,#4449,.T.);
#5923=ORIENTED_EDGE('',*,*,#4446,.T.);
#5924=ORIENTED_EDGE('',*,*,#4448,.F.);
#5925=ORIENTED_EDGE('',*,*,#4284,.F.);
#5926=ORIENTED_EDGE('',*,*,#4450,.F.);
#5927=ORIENTED_EDGE('',*,*,#4451,.F.);
#5928=ORIENTED_EDGE('',*,*,#4452,.F.);
#5929=ORIENTED_EDGE('',*,*,#4450,.T.);
#5930=ORIENTED_EDGE('',*,*,#4283,.T.);
#5931=ORIENTED_EDGE('',*,*,#4453,.T.);
#5932=ORIENTED_EDGE('',*,*,#4452,.T.);
#5933=ORIENTED_EDGE('',*,*,#4454,.T.);
#5934=ORIENTED_EDGE('',*,*,#4455,.T.);
#5935=ORIENTED_EDGE('',*,*,#4456,.T.);
#5936=ORIENTED_EDGE('',*,*,#4457,.F.);
#5937=ORIENTED_EDGE('',*,*,#4458,.T.);
#5938=ORIENTED_EDGE('',*,*,#4459,.F.);
#5939=ORIENTED_EDGE('',*,*,#4460,.F.);
#5940=ORIENTED_EDGE('',*,*,#4440,.T.);
#5941=ORIENTED_EDGE('',*,*,#4443,.F.);
#5942=ORIENTED_EDGE('',*,*,#4461,.F.);
#5943=ORIENTED_EDGE('',*,*,#4462,.F.);
#5944=ORIENTED_EDGE('',*,*,#4463,.F.);
#5945=ORIENTED_EDGE('',*,*,#4464,.F.);
#5946=ORIENTED_EDGE('',*,*,#4465,.F.);
#5947=ORIENTED_EDGE('',*,*,#4400,.F.);
#5948=ORIENTED_EDGE('',*,*,#4466,.F.);
#5949=ORIENTED_EDGE('',*,*,#4467,.F.);
#5950=ORIENTED_EDGE('',*,*,#4468,.F.);
#5951=ORIENTED_EDGE('',*,*,#4469,.F.);
#5952=ORIENTED_EDGE('',*,*,#4470,.F.);
#5953=ORIENTED_EDGE('',*,*,#4471,.F.);
#5954=ORIENTED_EDGE('',*,*,#4437,.F.);
#5955=ORIENTED_EDGE('',*,*,#4432,.F.);
#5956=ORIENTED_EDGE('',*,*,#4270,.T.);
#5957=ORIENTED_EDGE('',*,*,#4274,.F.);
#5958=ORIENTED_EDGE('',*,*,#4447,.T.);
#5959=ORIENTED_EDGE('',*,*,#4449,.F.);
#5960=ORIENTED_EDGE('',*,*,#4451,.T.);
#5961=ORIENTED_EDGE('',*,*,#4472,.T.);
#5962=ORIENTED_EDGE('',*,*,#4473,.T.);
#5963=ORIENTED_EDGE('',*,*,#4453,.F.);
#5964=ORIENTED_EDGE('',*,*,#4282,.F.);
#5965=ORIENTED_EDGE('',*,*,#4474,.F.);
#5966=ORIENTED_EDGE('',*,*,#4454,.F.);
#5967=ORIENTED_EDGE('',*,*,#4455,.F.);
#5968=ORIENTED_EDGE('',*,*,#4474,.T.);
#5969=ORIENTED_EDGE('',*,*,#4281,.T.);
#5970=ORIENTED_EDGE('',*,*,#4475,.T.);
#5971=ORIENTED_EDGE('',*,*,#4279,.T.);
#5972=ORIENTED_EDGE('',*,*,#4476,.T.);
#5973=ORIENTED_EDGE('',*,*,#4457,.T.);
#5974=ORIENTED_EDGE('',*,*,#4477,.T.);
#5975=ORIENTED_EDGE('',*,*,#4476,.F.);
#5976=ORIENTED_EDGE('',*,*,#4278,.F.);
#5977=ORIENTED_EDGE('',*,*,#4478,.F.);
#5978=ORIENTED_EDGE('',*,*,#4458,.F.);
#5979=ORIENTED_EDGE('',*,*,#4308,.F.);
#5980=ORIENTED_EDGE('',*,*,#4479,.T.);
#5981=ORIENTED_EDGE('',*,*,#4459,.T.);
#5982=ORIENTED_EDGE('',*,*,#4478,.T.);
#5983=ORIENTED_EDGE('',*,*,#4277,.T.);
#5984=ORIENTED_EDGE('',*,*,#4310,.F.);
#5985=ORIENTED_EDGE('',*,*,#4313,.T.);
#5986=ORIENTED_EDGE('',*,*,#4441,.T.);
#5987=ORIENTED_EDGE('',*,*,#4460,.T.);
#5988=ORIENTED_EDGE('',*,*,#4479,.F.);
#5989=ORIENTED_EDGE('',*,*,#4395,.F.);
#5990=ORIENTED_EDGE('',*,*,#4403,.T.);
#5991=ORIENTED_EDGE('',*,*,#4480,.T.);
#5992=ORIENTED_EDGE('',*,*,#4481,.T.);
#5993=ORIENTED_EDGE('',*,*,#4340,.F.);
#5994=ORIENTED_EDGE('',*,*,#4406,.T.);
#5995=ORIENTED_EDGE('',*,*,#4482,.T.);
#5996=ORIENTED_EDGE('',*,*,#4401,.T.);
#5997=ORIENTED_EDGE('',*,*,#4373,.F.);
#5998=ORIENTED_EDGE('',*,*,#4483,.T.);
#5999=ORIENTED_EDGE('',*,*,#4484,.T.);
#6000=ORIENTED_EDGE('',*,*,#4409,.T.);
#6001=ORIENTED_EDGE('',*,*,#4392,.F.);
#6002=ORIENTED_EDGE('',*,*,#4481,.F.);
#6003=ORIENTED_EDGE('',*,*,#4485,.F.);
#6004=ORIENTED_EDGE('',*,*,#4483,.F.);
#6005=ORIENTED_EDGE('',*,*,#4486,.T.);
#6006=ORIENTED_EDGE('',*,*,#4487,.T.);
#6007=ORIENTED_EDGE('',*,*,#4488,.T.);
#6008=ORIENTED_EDGE('',*,*,#4317,.T.);
#6009=ORIENTED_EDGE('',*,*,#4487,.F.);
#6010=ORIENTED_EDGE('',*,*,#4489,.T.);
#6011=ORIENTED_EDGE('',*,*,#4490,.F.);
#6012=ORIENTED_EDGE('',*,*,#4491,.F.);
#6013=ORIENTED_EDGE('',*,*,#4492,.T.);
#6014=ORIENTED_EDGE('',*,*,#4490,.T.);
#6015=ORIENTED_EDGE('',*,*,#4493,.T.);
#6016=ORIENTED_EDGE('',*,*,#4268,.T.);
#6017=ORIENTED_EDGE('',*,*,#4424,.F.);
#6018=ORIENTED_EDGE('',*,*,#4428,.F.);
#6019=ORIENTED_EDGE('',*,*,#4413,.F.);
#6020=ORIENTED_EDGE('',*,*,#4429,.F.);
#6021=ORIENTED_EDGE('',*,*,#4480,.F.);
#6022=ORIENTED_EDGE('',*,*,#4402,.T.);
#6023=ORIENTED_EDGE('',*,*,#4482,.F.);
#6024=ORIENTED_EDGE('',*,*,#4405,.T.);
#6025=ORIENTED_EDGE('',*,*,#4408,.F.);
#6026=ORIENTED_EDGE('',*,*,#4410,.T.);
#6027=ORIENTED_EDGE('',*,*,#4484,.F.);
#6028=ORIENTED_EDGE('',*,*,#4485,.T.);
#6029=ORIENTED_EDGE('',*,*,#4389,.F.);
#6030=ORIENTED_EDGE('',*,*,#4465,.T.);
#6031=ORIENTED_EDGE('',*,*,#4494,.T.);
#6032=ORIENTED_EDGE('',*,*,#4495,.T.);
#6033=ORIENTED_EDGE('',*,*,#4496,.F.);
#6034=ORIENTED_EDGE('',*,*,#4466,.T.);
#6035=ORIENTED_EDGE('',*,*,#4384,.F.);
#6036=ORIENTED_EDGE('',*,*,#4387,.F.);
#6037=ORIENTED_EDGE('',*,*,#4314,.F.);
#6038=ORIENTED_EDGE('',*,*,#4488,.F.);
#6039=ORIENTED_EDGE('',*,*,#4491,.T.);
#6040=ORIENTED_EDGE('',*,*,#4492,.F.);
#6041=ORIENTED_EDGE('',*,*,#4267,.F.);
#6042=ORIENTED_EDGE('',*,*,#4497,.F.);
#6043=ORIENTED_EDGE('',*,*,#4316,.F.);
#6044=ORIENTED_EDGE('',*,*,#4498,.T.);
#6045=ORIENTED_EDGE('',*,*,#4265,.F.);
#6046=ORIENTED_EDGE('',*,*,#4493,.F.);
#6047=ORIENTED_EDGE('',*,*,#4489,.F.);
#6048=ORIENTED_EDGE('',*,*,#4486,.F.);
#6049=ORIENTED_EDGE('',*,*,#4315,.F.);
#6050=ORIENTED_EDGE('',*,*,#4497,.T.);
#6051=ORIENTED_EDGE('',*,*,#4266,.F.);
#6052=ORIENTED_EDGE('',*,*,#4498,.F.);
#6053=ORIENTED_EDGE('',*,*,#4499,.T.);
#6054=ORIENTED_EDGE('',*,*,#4500,.T.);
#6055=ORIENTED_EDGE('',*,*,#4469,.T.);
#6056=ORIENTED_EDGE('',*,*,#4501,.F.);
#6057=ORIENTED_EDGE('',*,*,#4502,.T.);
#6058=ORIENTED_EDGE('',*,*,#4503,.F.);
#6059=ORIENTED_EDGE('',*,*,#4470,.T.);
#6060=ORIENTED_EDGE('',*,*,#4500,.F.);
#6061=ORIENTED_EDGE('',*,*,#4499,.F.);
#6062=ORIENTED_EDGE('',*,*,#4504,.T.);
#6063=ORIENTED_EDGE('',*,*,#4505,.T.);
#6064=ORIENTED_EDGE('',*,*,#4506,.T.);
#6065=ORIENTED_EDGE('',*,*,#4507,.T.);
#6066=ORIENTED_EDGE('',*,*,#4508,.F.);
#6067=ORIENTED_EDGE('',*,*,#4462,.T.);
#6068=ORIENTED_EDGE('',*,*,#4509,.F.);
#6069=ORIENTED_EDGE('',*,*,#4510,.T.);
#6070=ORIENTED_EDGE('',*,*,#4506,.F.);
#6071=ORIENTED_EDGE('',*,*,#4505,.F.);
#6072=ORIENTED_EDGE('',*,*,#4511,.T.);
#6073=ORIENTED_EDGE('',*,*,#4334,.T.);
#6074=ORIENTED_EDGE('',*,*,#4512,.T.);
#6075=ORIENTED_EDGE('',*,*,#4513,.T.);
#6076=ORIENTED_EDGE('',*,*,#4514,.T.);
#6077=ORIENTED_EDGE('',*,*,#4515,.T.);
#6078=ORIENTED_EDGE('',*,*,#4512,.F.);
#6079=ORIENTED_EDGE('',*,*,#4335,.T.);
#6080=ORIENTED_EDGE('',*,*,#4514,.F.);
#6081=ORIENTED_EDGE('',*,*,#4515,.F.);
#6082=ORIENTED_EDGE('',*,*,#4516,.T.);
#6083=ORIENTED_EDGE('',*,*,#4472,.F.);
#6084=ORIENTED_EDGE('',*,*,#4517,.F.);
#6085=ORIENTED_EDGE('',*,*,#4518,.T.);
#6086=ORIENTED_EDGE('',*,*,#4438,.T.);
#6087=ORIENTED_EDGE('',*,*,#4471,.T.);
#6088=ORIENTED_EDGE('',*,*,#4503,.T.);
#6089=ORIENTED_EDGE('',*,*,#4258,.F.);
#6090=ORIENTED_EDGE('',*,*,#4436,.T.);
#6091=ORIENTED_EDGE('',*,*,#4518,.F.);
#6092=ORIENTED_EDGE('',*,*,#4519,.F.);
#6093=ORIENTED_EDGE('',*,*,#4322,.T.);
#6094=ORIENTED_EDGE('',*,*,#4461,.T.);
#6095=ORIENTED_EDGE('',*,*,#4442,.F.);
#6096=ORIENTED_EDGE('',*,*,#4208,.T.);
#6097=ORIENTED_EDGE('',*,*,#4212,.T.);
#6098=ORIENTED_EDGE('',*,*,#4509,.T.);
#6099=ORIENTED_EDGE('',*,*,#4223,.T.);
#6100=ORIENTED_EDGE('',*,*,#4520,.T.);
#6101=ORIENTED_EDGE('',*,*,#4467,.T.);
#6102=ORIENTED_EDGE('',*,*,#4496,.T.);
#6103=ORIENTED_EDGE('',*,*,#4521,.T.);
#6104=ORIENTED_EDGE('',*,*,#4240,.T.);
#6105=ORIENTED_EDGE('',*,*,#4522,.T.);
#6106=ORIENTED_EDGE('',*,*,#4463,.T.);
#6107=ORIENTED_EDGE('',*,*,#4508,.T.);
#6108=ORIENTED_EDGE('',*,*,#4464,.T.);
#6109=ORIENTED_EDGE('',*,*,#4522,.F.);
#6110=ORIENTED_EDGE('',*,*,#4239,.T.);
#6111=ORIENTED_EDGE('',*,*,#4494,.F.);
#6112=ORIENTED_EDGE('',*,*,#4468,.T.);
#6113=ORIENTED_EDGE('',*,*,#4520,.F.);
#6114=ORIENTED_EDGE('',*,*,#4222,.T.);
#6115=ORIENTED_EDGE('',*,*,#4226,.T.);
#6116=ORIENTED_EDGE('',*,*,#4501,.T.);
#6117=ORIENTED_EDGE('',*,*,#4495,.F.);
#6118=ORIENTED_EDGE('',*,*,#4231,.F.);
#6119=ORIENTED_EDGE('',*,*,#4324,.T.);
#6120=ORIENTED_EDGE('',*,*,#4221,.T.);
#6121=ORIENTED_EDGE('',*,*,#4182,.F.);
#6122=ORIENTED_EDGE('',*,*,#4521,.F.);
#6123=ORIENTED_EDGE('',*,*,#4523,.F.);
#6124=ORIENTED_EDGE('',*,*,#4325,.T.);
#6125=ORIENTED_EDGE('',*,*,#4475,.F.);
#6126=ORIENTED_EDGE('',*,*,#4280,.F.);
#6127=ORIENTED_EDGE('',*,*,#4477,.F.);
#6128=ORIENTED_EDGE('',*,*,#4456,.F.);
#6129=ORIENTED_EDGE('',*,*,#4524,.F.);
#6130=ORIENTED_EDGE('',*,*,#4525,.T.);
#6131=ORIENTED_EDGE('',*,*,#4504,.F.);
#6132=ORIENTED_EDGE('',*,*,#4526,.T.);
#6133=ORIENTED_EDGE('',*,*,#4525,.F.);
#6134=ORIENTED_EDGE('',*,*,#4526,.F.);
#6135=ORIENTED_EDGE('',*,*,#4502,.F.);
#6136=ORIENTED_EDGE('',*,*,#4225,.F.);
#6137=ORIENTED_EDGE('',*,*,#4323,.T.);
#6138=ORIENTED_EDGE('',*,*,#4519,.T.);
#6139=ORIENTED_EDGE('',*,*,#4527,.F.);
#6140=ORIENTED_EDGE('',*,*,#4528,.T.);
#6141=ORIENTED_EDGE('',*,*,#4511,.F.);
#6142=ORIENTED_EDGE('',*,*,#4529,.T.);
#6143=ORIENTED_EDGE('',*,*,#4528,.F.);
#6144=ORIENTED_EDGE('',*,*,#4529,.F.);
#6145=ORIENTED_EDGE('',*,*,#4513,.F.);
#6146=ORIENTED_EDGE('',*,*,#4517,.T.);
#6147=ORIENTED_EDGE('',*,*,#4473,.F.);
#6148=ORIENTED_EDGE('',*,*,#4516,.F.);
#6149=ORIENTED_EDGE('',*,*,#4527,.T.);
#6150=ORIENTED_EDGE('',*,*,#4530,.T.);
#6151=ORIENTED_EDGE('',*,*,#4337,.T.);
#6152=ORIENTED_EDGE('',*,*,#4530,.F.);
#6153=ORIENTED_EDGE('',*,*,#4524,.T.);
#6154=ORIENTED_EDGE('',*,*,#4531,.T.);
#6155=ORIENTED_EDGE('',*,*,#4336,.T.);
#6156=ORIENTED_EDGE('',*,*,#4531,.F.);
#6157=ORIENTED_EDGE('',*,*,#4510,.F.);
#6158=ORIENTED_EDGE('',*,*,#4211,.F.);
#6159=ORIENTED_EDGE('',*,*,#4326,.T.);
#6160=ORIENTED_EDGE('',*,*,#4523,.T.);
#6161=ORIENTED_EDGE('',*,*,#4507,.F.);
#6162=ORIENTED_EDGE('',*,*,#4532,.F.);
#6163=ORIENTED_EDGE('',*,*,#4533,.F.);
#6164=ORIENTED_EDGE('',*,*,#4534,.F.);
#6165=ORIENTED_EDGE('',*,*,#4535,.T.);
#6166=ORIENTED_EDGE('',*,*,#4536,.T.);
#6167=ORIENTED_EDGE('',*,*,#4537,.F.);
#6168=ORIENTED_EDGE('',*,*,#4538,.F.);
#6169=ORIENTED_EDGE('',*,*,#4539,.F.);
#6170=ORIENTED_EDGE('',*,*,#4540,.F.);
#6171=ORIENTED_EDGE('',*,*,#4541,.F.);
#6172=ORIENTED_EDGE('',*,*,#4542,.F.);
#6173=ORIENTED_EDGE('',*,*,#4543,.F.);
#6174=ORIENTED_EDGE('',*,*,#4544,.F.);
#6175=ORIENTED_EDGE('',*,*,#4545,.T.);
#6176=ORIENTED_EDGE('',*,*,#4546,.F.);
#6177=ORIENTED_EDGE('',*,*,#4547,.F.);
#6178=ORIENTED_EDGE('',*,*,#4548,.T.);
#6179=ORIENTED_EDGE('',*,*,#4549,.T.);
#6180=ORIENTED_EDGE('',*,*,#4550,.F.);
#6181=ORIENTED_EDGE('',*,*,#4551,.F.);
#6182=ORIENTED_EDGE('',*,*,#4552,.F.);
#6183=ORIENTED_EDGE('',*,*,#4553,.F.);
#6184=ORIENTED_EDGE('',*,*,#4554,.F.);
#6185=ORIENTED_EDGE('',*,*,#4555,.F.);
#6186=ORIENTED_EDGE('',*,*,#4556,.T.);
#6187=ORIENTED_EDGE('',*,*,#4557,.F.);
#6188=ORIENTED_EDGE('',*,*,#4558,.F.);
#6189=ORIENTED_EDGE('',*,*,#4559,.T.);
#6190=ORIENTED_EDGE('',*,*,#4560,.T.);
#6191=ORIENTED_EDGE('',*,*,#4561,.T.);
#6192=ORIENTED_EDGE('',*,*,#4562,.F.);
#6193=ORIENTED_EDGE('',*,*,#4563,.F.);
#6194=ORIENTED_EDGE('',*,*,#4564,.F.);
#6195=ORIENTED_EDGE('',*,*,#4565,.F.);
#6196=ORIENTED_EDGE('',*,*,#4566,.F.);
#6197=ORIENTED_EDGE('',*,*,#4567,.T.);
#6198=ORIENTED_EDGE('',*,*,#4568,.F.);
#6199=ORIENTED_EDGE('',*,*,#4569,.T.);
#6200=ORIENTED_EDGE('',*,*,#4546,.T.);
#6201=ORIENTED_EDGE('',*,*,#4570,.T.);
#6202=ORIENTED_EDGE('',*,*,#4569,.F.);
#6203=ORIENTED_EDGE('',*,*,#4571,.F.);
#6204=ORIENTED_EDGE('',*,*,#4572,.F.);
#6205=ORIENTED_EDGE('',*,*,#4547,.T.);
#6206=ORIENTED_EDGE('',*,*,#4573,.T.);
#6207=ORIENTED_EDGE('',*,*,#4574,.T.);
#6208=ORIENTED_EDGE('',*,*,#4550,.T.);
#6209=ORIENTED_EDGE('',*,*,#4575,.T.);
#6210=ORIENTED_EDGE('',*,*,#4575,.F.);
#6211=ORIENTED_EDGE('',*,*,#4549,.F.);
#6212=ORIENTED_EDGE('',*,*,#4576,.T.);
#6213=ORIENTED_EDGE('',*,*,#4577,.F.);
#6214=ORIENTED_EDGE('',*,*,#4578,.T.);
#6215=ORIENTED_EDGE('',*,*,#4579,.T.);
#6216=ORIENTED_EDGE('',*,*,#4580,.T.);
#6217=ORIENTED_EDGE('',*,*,#4561,.F.);
#6218=ORIENTED_EDGE('',*,*,#4581,.T.);
#6219=ORIENTED_EDGE('',*,*,#4581,.F.);
#6220=ORIENTED_EDGE('',*,*,#4560,.F.);
#6221=ORIENTED_EDGE('',*,*,#4582,.T.);
#6222=ORIENTED_EDGE('',*,*,#4583,.F.);
#6223=ORIENTED_EDGE('',*,*,#4584,.F.);
#6224=ORIENTED_EDGE('',*,*,#4585,.T.);
#6225=ORIENTED_EDGE('',*,*,#4557,.T.);
#6226=ORIENTED_EDGE('',*,*,#4586,.T.);
#6227=ORIENTED_EDGE('',*,*,#4585,.F.);
#6228=ORIENTED_EDGE('',*,*,#4587,.F.);
#6229=ORIENTED_EDGE('',*,*,#4588,.F.);
#6230=ORIENTED_EDGE('',*,*,#4558,.T.);
#6231=ORIENTED_EDGE('',*,*,#4589,.F.);
#6232=ORIENTED_EDGE('',*,*,#4590,.T.);
#6233=ORIENTED_EDGE('',*,*,#4591,.F.);
#6234=ORIENTED_EDGE('',*,*,#4592,.T.);
#6235=ORIENTED_EDGE('',*,*,#4591,.T.);
#6236=ORIENTED_EDGE('',*,*,#4593,.T.);
#6237=ORIENTED_EDGE('',*,*,#4594,.T.);
#6238=ORIENTED_EDGE('',*,*,#4595,.T.);
#6239=ORIENTED_EDGE('',*,*,#4596,.T.);
#6240=ORIENTED_EDGE('',*,*,#4597,.F.);
#6241=ORIENTED_EDGE('',*,*,#4598,.T.);
#6242=ORIENTED_EDGE('',*,*,#4599,.T.);
#6243=ORIENTED_EDGE('',*,*,#4600,.F.);
#6244=ORIENTED_EDGE('',*,*,#4601,.T.);
#6245=ORIENTED_EDGE('',*,*,#4567,.F.);
#6246=ORIENTED_EDGE('',*,*,#4601,.F.);
#6247=ORIENTED_EDGE('',*,*,#4548,.F.);
#6248=ORIENTED_EDGE('',*,*,#4572,.T.);
#6249=ORIENTED_EDGE('',*,*,#4602,.F.);
#6250=ORIENTED_EDGE('',*,*,#4576,.F.);
#6251=ORIENTED_EDGE('',*,*,#4602,.T.);
#6252=ORIENTED_EDGE('',*,*,#4571,.T.);
#6253=ORIENTED_EDGE('',*,*,#4568,.T.);
#6254=ORIENTED_EDGE('',*,*,#4603,.F.);
#6255=ORIENTED_EDGE('',*,*,#4590,.F.);
#6256=ORIENTED_EDGE('',*,*,#4604,.F.);
#6257=ORIENTED_EDGE('',*,*,#4605,.F.);
#6258=ORIENTED_EDGE('',*,*,#4573,.F.);
#6259=ORIENTED_EDGE('',*,*,#4577,.T.);
#6260=ORIENTED_EDGE('',*,*,#4600,.T.);
#6261=ORIENTED_EDGE('',*,*,#4570,.F.);
#6262=ORIENTED_EDGE('',*,*,#4545,.F.);
#6263=ORIENTED_EDGE('',*,*,#4606,.T.);
#6264=ORIENTED_EDGE('',*,*,#4607,.F.);
#6265=ORIENTED_EDGE('',*,*,#4608,.F.);
#6266=ORIENTED_EDGE('',*,*,#4609,.T.);
#6267=ORIENTED_EDGE('',*,*,#4566,.T.);
#6268=ORIENTED_EDGE('',*,*,#4609,.F.);
#6269=ORIENTED_EDGE('',*,*,#4559,.F.);
#6270=ORIENTED_EDGE('',*,*,#4588,.T.);
#6271=ORIENTED_EDGE('',*,*,#4610,.F.);
#6272=ORIENTED_EDGE('',*,*,#4582,.F.);
#6273=ORIENTED_EDGE('',*,*,#4592,.F.);
#6274=ORIENTED_EDGE('',*,*,#4599,.F.);
#6275=ORIENTED_EDGE('',*,*,#4578,.F.);
#6276=ORIENTED_EDGE('',*,*,#4583,.T.);
#6277=ORIENTED_EDGE('',*,*,#4610,.T.);
#6278=ORIENTED_EDGE('',*,*,#4587,.T.);
#6279=ORIENTED_EDGE('',*,*,#4584,.T.);
#6280=ORIENTED_EDGE('',*,*,#4593,.F.);
#6281=ORIENTED_EDGE('',*,*,#4608,.T.);
#6282=ORIENTED_EDGE('',*,*,#4586,.F.);
#6283=ORIENTED_EDGE('',*,*,#4556,.F.);
#6284=ORIENTED_EDGE('',*,*,#4611,.T.);
#6285=ORIENTED_EDGE('',*,*,#4594,.F.);
#6286=ORIENTED_EDGE('',*,*,#4579,.F.);
#6287=ORIENTED_EDGE('',*,*,#4598,.F.);
#6288=ORIENTED_EDGE('',*,*,#4612,.F.);
#6289=ORIENTED_EDGE('',*,*,#4613,.F.);
#6290=ORIENTED_EDGE('',*,*,#4614,.T.);
#6291=ORIENTED_EDGE('',*,*,#4615,.T.);
#6292=ORIENTED_EDGE('',*,*,#4616,.T.);
#6293=ORIENTED_EDGE('',*,*,#4617,.T.);
#6294=ORIENTED_EDGE('',*,*,#4618,.T.);
#6295=ORIENTED_EDGE('',*,*,#4619,.T.);
#6296=ORIENTED_EDGE('',*,*,#4616,.F.);
#6297=ORIENTED_EDGE('',*,*,#4620,.T.);
#6298=ORIENTED_EDGE('',*,*,#4621,.T.);
#6299=ORIENTED_EDGE('',*,*,#4614,.F.);
#6300=ORIENTED_EDGE('',*,*,#4622,.T.);
#6301=ORIENTED_EDGE('',*,*,#4623,.T.);
#6302=ORIENTED_EDGE('',*,*,#4624,.T.);
#6303=ORIENTED_EDGE('',*,*,#4625,.T.);
#6304=ORIENTED_EDGE('',*,*,#4626,.T.);
#6305=ORIENTED_EDGE('',*,*,#4623,.F.);
#6306=ORIENTED_EDGE('',*,*,#4627,.T.);
#6307=ORIENTED_EDGE('',*,*,#4625,.F.);
#6308=ORIENTED_EDGE('',*,*,#4628,.T.);
#6309=ORIENTED_EDGE('',*,*,#4629,.T.);
#6310=ORIENTED_EDGE('',*,*,#4541,.T.);
#6311=ORIENTED_EDGE('',*,*,#4630,.T.);
#6312=ORIENTED_EDGE('',*,*,#4542,.T.);
#6313=ORIENTED_EDGE('',*,*,#4629,.F.);
#6314=ORIENTED_EDGE('',*,*,#4631,.T.);
#6315=ORIENTED_EDGE('',*,*,#4632,.F.);
#6316=ORIENTED_EDGE('',*,*,#4628,.F.);
#6317=ORIENTED_EDGE('',*,*,#4627,.F.);
#6318=ORIENTED_EDGE('',*,*,#4622,.F.);
#6319=ORIENTED_EDGE('',*,*,#4617,.F.);
#6320=ORIENTED_EDGE('',*,*,#4619,.F.);
#6321=ORIENTED_EDGE('',*,*,#4633,.F.);
#6322=ORIENTED_EDGE('',*,*,#4634,.F.);
#6323=ORIENTED_EDGE('',*,*,#4635,.F.);
#6324=ORIENTED_EDGE('',*,*,#4636,.T.);
#6325=ORIENTED_EDGE('',*,*,#4637,.T.);
#6326=ORIENTED_EDGE('',*,*,#4638,.T.);
#6327=ORIENTED_EDGE('',*,*,#4639,.F.);
#6328=ORIENTED_EDGE('',*,*,#4618,.F.);
#6329=ORIENTED_EDGE('',*,*,#4640,.F.);
#6330=ORIENTED_EDGE('',*,*,#4641,.F.);
#6331=ORIENTED_EDGE('',*,*,#4642,.F.);
#6332=ORIENTED_EDGE('',*,*,#4633,.T.);
#6333=ORIENTED_EDGE('',*,*,#4621,.F.);
#6334=ORIENTED_EDGE('',*,*,#4643,.T.);
#6335=ORIENTED_EDGE('',*,*,#4644,.T.);
#6336=ORIENTED_EDGE('',*,*,#4645,.T.);
#6337=ORIENTED_EDGE('',*,*,#4640,.T.);
#6338=ORIENTED_EDGE('',*,*,#4620,.F.);
#6339=ORIENTED_EDGE('',*,*,#4646,.F.);
#6340=ORIENTED_EDGE('',*,*,#4647,.F.);
#6341=ORIENTED_EDGE('',*,*,#4648,.F.);
#6342=ORIENTED_EDGE('',*,*,#4649,.T.);
#6343=ORIENTED_EDGE('',*,*,#4650,.F.);
#6344=ORIENTED_EDGE('',*,*,#4651,.T.);
#6345=ORIENTED_EDGE('',*,*,#4652,.F.);
#6346=ORIENTED_EDGE('',*,*,#4653,.T.);
#6347=ORIENTED_EDGE('',*,*,#4654,.F.);
#6348=ORIENTED_EDGE('',*,*,#4655,.T.);
#6349=ORIENTED_EDGE('',*,*,#4656,.F.);
#6350=ORIENTED_EDGE('',*,*,#4657,.T.);
#6351=ORIENTED_EDGE('',*,*,#4643,.F.);
#6352=ORIENTED_EDGE('',*,*,#4615,.F.);
#6353=ORIENTED_EDGE('',*,*,#4658,.T.);
#6354=ORIENTED_EDGE('',*,*,#4659,.T.);
#6355=ORIENTED_EDGE('',*,*,#4660,.T.);
#6356=ORIENTED_EDGE('',*,*,#4661,.T.);
#6357=ORIENTED_EDGE('',*,*,#4662,.T.);
#6358=ORIENTED_EDGE('',*,*,#4663,.F.);
#6359=ORIENTED_EDGE('',*,*,#4646,.T.);
#6360=ORIENTED_EDGE('',*,*,#4664,.T.);
#6361=ORIENTED_EDGE('',*,*,#4665,.T.);
#6362=ORIENTED_EDGE('',*,*,#4666,.T.);
#6363=ORIENTED_EDGE('',*,*,#4533,.T.);
#6364=ORIENTED_EDGE('',*,*,#4667,.T.);
#6365=ORIENTED_EDGE('',*,*,#4668,.T.);
#6366=ORIENTED_EDGE('',*,*,#4666,.F.);
#6367=ORIENTED_EDGE('',*,*,#4669,.T.);
#6368=ORIENTED_EDGE('',*,*,#4670,.F.);
#6369=ORIENTED_EDGE('',*,*,#4671,.T.);
#6370=ORIENTED_EDGE('',*,*,#4664,.F.);
#6371=ORIENTED_EDGE('',*,*,#4532,.T.);
#6372=ORIENTED_EDGE('',*,*,#4580,.F.);
#6373=ORIENTED_EDGE('',*,*,#4613,.T.);
#6374=ORIENTED_EDGE('',*,*,#4672,.T.);
#6375=ORIENTED_EDGE('',*,*,#4673,.T.);
#6376=ORIENTED_EDGE('',*,*,#4667,.F.);
#6377=ORIENTED_EDGE('',*,*,#4674,.T.);
#6378=ORIENTED_EDGE('',*,*,#4675,.T.);
#6379=ORIENTED_EDGE('',*,*,#4663,.T.);
#6380=ORIENTED_EDGE('',*,*,#4672,.F.);
#6381=ORIENTED_EDGE('',*,*,#4676,.T.);
#6382=ORIENTED_EDGE('',*,*,#4677,.T.);
#6383=ORIENTED_EDGE('',*,*,#4647,.T.);
#6384=ORIENTED_EDGE('',*,*,#4675,.F.);
#6385=ORIENTED_EDGE('',*,*,#4678,.T.);
#6386=ORIENTED_EDGE('',*,*,#4679,.T.);
#6387=ORIENTED_EDGE('',*,*,#4678,.F.);
#6388=ORIENTED_EDGE('',*,*,#4676,.F.);
#6389=ORIENTED_EDGE('',*,*,#4674,.F.);
#6390=ORIENTED_EDGE('',*,*,#4669,.F.);
#6391=ORIENTED_EDGE('',*,*,#4665,.F.);
#6392=ORIENTED_EDGE('',*,*,#4680,.F.);
#6393=ORIENTED_EDGE('',*,*,#4681,.F.);
#6394=ORIENTED_EDGE('',*,*,#4682,.F.);
#6395=ORIENTED_EDGE('',*,*,#4683,.T.);
#6396=ORIENTED_EDGE('',*,*,#4684,.T.);
#6397=ORIENTED_EDGE('',*,*,#4685,.T.);
#6398=ORIENTED_EDGE('',*,*,#4686,.F.);
#6399=ORIENTED_EDGE('',*,*,#4671,.F.);
#6400=ORIENTED_EDGE('',*,*,#4687,.T.);
#6401=ORIENTED_EDGE('',*,*,#4688,.F.);
#6402=ORIENTED_EDGE('',*,*,#4680,.T.);
#6403=ORIENTED_EDGE('',*,*,#4670,.T.);
#6404=ORIENTED_EDGE('',*,*,#4612,.T.);
#6405=ORIENTED_EDGE('',*,*,#4689,.F.);
#6406=ORIENTED_EDGE('',*,*,#4690,.F.);
#6407=ORIENTED_EDGE('',*,*,#4687,.F.);
#6408=ORIENTED_EDGE('',*,*,#4691,.F.);
#6409=ORIENTED_EDGE('',*,*,#4692,.T.);
#6410=ORIENTED_EDGE('',*,*,#4693,.T.);
#6411=ORIENTED_EDGE('',*,*,#4694,.T.);
#6412=ORIENTED_EDGE('',*,*,#4695,.T.);
#6413=ORIENTED_EDGE('',*,*,#4696,.T.);
#6414=ORIENTED_EDGE('',*,*,#4691,.T.);
#6415=ORIENTED_EDGE('',*,*,#4697,.F.);
#6416=ORIENTED_EDGE('',*,*,#4698,.T.);
#6417=ORIENTED_EDGE('',*,*,#4699,.T.);
#6418=ORIENTED_EDGE('',*,*,#4700,.T.);
#6419=ORIENTED_EDGE('',*,*,#4701,.T.);
#6420=ORIENTED_EDGE('',*,*,#4702,.T.);
#6421=ORIENTED_EDGE('',*,*,#4697,.T.);
#6422=ORIENTED_EDGE('',*,*,#4702,.F.);
#6423=ORIENTED_EDGE('',*,*,#4703,.T.);
#6424=ORIENTED_EDGE('',*,*,#4704,.T.);
#6425=ORIENTED_EDGE('',*,*,#4705,.T.);
#6426=ORIENTED_EDGE('',*,*,#4706,.T.);
#6427=ORIENTED_EDGE('',*,*,#4701,.F.);
#6428=ORIENTED_EDGE('',*,*,#4700,.F.);
#6429=ORIENTED_EDGE('',*,*,#4707,.T.);
#6430=ORIENTED_EDGE('',*,*,#4708,.T.);
#6431=ORIENTED_EDGE('',*,*,#4709,.T.);
#6432=ORIENTED_EDGE('',*,*,#4710,.T.);
#6433=ORIENTED_EDGE('',*,*,#4711,.T.);
#6434=ORIENTED_EDGE('',*,*,#4708,.F.);
#6435=ORIENTED_EDGE('',*,*,#4712,.T.);
#6436=ORIENTED_EDGE('',*,*,#4692,.F.);
#6437=ORIENTED_EDGE('',*,*,#4696,.F.);
#6438=ORIENTED_EDGE('',*,*,#4713,.T.);
#6439=ORIENTED_EDGE('',*,*,#4710,.F.);
#6440=ORIENTED_EDGE('',*,*,#4714,.T.);
#6441=ORIENTED_EDGE('',*,*,#4695,.F.);
#6442=ORIENTED_EDGE('',*,*,#4715,.T.);
#6443=ORIENTED_EDGE('',*,*,#4716,.T.);
#6444=ORIENTED_EDGE('',*,*,#4717,.F.);
#6445=ORIENTED_EDGE('',*,*,#4718,.T.);
#6446=ORIENTED_EDGE('',*,*,#4705,.F.);
#6447=ORIENTED_EDGE('',*,*,#4719,.F.);
#6448=ORIENTED_EDGE('',*,*,#4720,.F.);
#6449=ORIENTED_EDGE('',*,*,#4721,.F.);
#6450=ORIENTED_EDGE('',*,*,#4722,.T.);
#6451=ORIENTED_EDGE('',*,*,#4723,.T.);
#6452=ORIENTED_EDGE('',*,*,#4724,.T.);
#6453=ORIENTED_EDGE('',*,*,#4725,.T.);
#6454=ORIENTED_EDGE('',*,*,#4726,.T.);
#6455=ORIENTED_EDGE('',*,*,#4727,.T.);
#6456=ORIENTED_EDGE('',*,*,#4728,.T.);
#6457=ORIENTED_EDGE('',*,*,#4703,.F.);
#6458=ORIENTED_EDGE('',*,*,#4709,.F.);
#6459=ORIENTED_EDGE('',*,*,#4729,.T.);
#6460=ORIENTED_EDGE('',*,*,#4730,.F.);
#6461=ORIENTED_EDGE('',*,*,#4721,.T.);
#6462=ORIENTED_EDGE('',*,*,#4711,.F.);
#6463=ORIENTED_EDGE('',*,*,#4731,.F.);
#6464=ORIENTED_EDGE('',*,*,#4732,.F.);
#6465=ORIENTED_EDGE('',*,*,#4729,.F.);
#6466=ORIENTED_EDGE('',*,*,#4713,.F.);
#6467=ORIENTED_EDGE('',*,*,#4718,.F.);
#6468=ORIENTED_EDGE('',*,*,#4733,.F.);
#6469=ORIENTED_EDGE('',*,*,#4734,.F.);
#6470=ORIENTED_EDGE('',*,*,#4735,.F.);
#6471=ORIENTED_EDGE('',*,*,#4731,.T.);
#6472=ORIENTED_EDGE('',*,*,#4722,.F.);
#6473=ORIENTED_EDGE('',*,*,#4730,.T.);
#6474=ORIENTED_EDGE('',*,*,#4736,.T.);
#6475=ORIENTED_EDGE('',*,*,#4737,.T.);
#6476=ORIENTED_EDGE('',*,*,#4738,.T.);
#6477=ORIENTED_EDGE('',*,*,#4739,.T.);
#6478=ORIENTED_EDGE('',*,*,#4740,.T.);
#6479=ORIENTED_EDGE('',*,*,#4736,.F.);
#6480=ORIENTED_EDGE('',*,*,#4732,.T.);
#6481=ORIENTED_EDGE('',*,*,#4741,.F.);
#6482=ORIENTED_EDGE('',*,*,#4742,.T.);
#6483=ORIENTED_EDGE('',*,*,#4739,.F.);
#6484=ORIENTED_EDGE('',*,*,#4735,.T.);
#6485=ORIENTED_EDGE('',*,*,#4743,.T.);
#6486=ORIENTED_EDGE('',*,*,#4744,.T.);
#6487=ORIENTED_EDGE('',*,*,#4745,.T.);
#6488=ORIENTED_EDGE('',*,*,#4725,.F.);
#6489=ORIENTED_EDGE('',*,*,#4746,.T.);
#6490=ORIENTED_EDGE('',*,*,#4716,.F.);
#6491=ORIENTED_EDGE('',*,*,#4747,.T.);
#6492=ORIENTED_EDGE('',*,*,#4748,.T.);
#6493=ORIENTED_EDGE('',*,*,#4744,.F.);
#6494=ORIENTED_EDGE('',*,*,#4749,.T.);
#6495=ORIENTED_EDGE('',*,*,#4750,.F.);
#6496=ORIENTED_EDGE('',*,*,#4743,.F.);
#6497=ORIENTED_EDGE('',*,*,#4734,.T.);
#6498=ORIENTED_EDGE('',*,*,#4751,.F.);
#6499=ORIENTED_EDGE('',*,*,#4752,.F.);
#6500=ORIENTED_EDGE('',*,*,#4749,.F.);
#6501=ORIENTED_EDGE('',*,*,#4746,.F.);
#6502=ORIENTED_EDGE('',*,*,#4724,.F.);
#6503=ORIENTED_EDGE('',*,*,#4723,.F.);
#6504=ORIENTED_EDGE('',*,*,#4738,.F.);
#6505=ORIENTED_EDGE('',*,*,#4753,.T.);
#6506=ORIENTED_EDGE('',*,*,#4741,.T.);
#6507=ORIENTED_EDGE('',*,*,#4750,.T.);
#6508=ORIENTED_EDGE('',*,*,#4733,.T.);
#6509=ORIENTED_EDGE('',*,*,#4717,.T.);
#6510=ORIENTED_EDGE('',*,*,#4752,.T.);
#6511=ORIENTED_EDGE('',*,*,#4751,.T.);
#6512=ORIENTED_EDGE('',*,*,#4694,.F.);
#6513=ORIENTED_EDGE('',*,*,#4754,.F.);
#6514=ORIENTED_EDGE('',*,*,#4755,.F.);
#6515=ORIENTED_EDGE('',*,*,#4756,.F.);
#6516=ORIENTED_EDGE('',*,*,#4747,.F.);
#6517=ORIENTED_EDGE('',*,*,#4715,.F.);
#6518=ORIENTED_EDGE('',*,*,#4707,.F.);
#6519=ORIENTED_EDGE('',*,*,#4757,.F.);
#6520=ORIENTED_EDGE('',*,*,#4758,.F.);
#6521=ORIENTED_EDGE('',*,*,#4759,.F.);
#6522=ORIENTED_EDGE('',*,*,#4714,.F.);
#6523=ORIENTED_EDGE('',*,*,#4712,.F.);
#6524=ORIENTED_EDGE('',*,*,#4699,.F.);
#6525=ORIENTED_EDGE('',*,*,#4760,.T.);
#6526=ORIENTED_EDGE('',*,*,#4761,.T.);
#6527=ORIENTED_EDGE('',*,*,#4757,.T.);
#6528=ORIENTED_EDGE('',*,*,#4706,.F.);
#6529=ORIENTED_EDGE('',*,*,#4727,.F.);
#6530=ORIENTED_EDGE('',*,*,#4762,.F.);
#6531=ORIENTED_EDGE('',*,*,#4763,.F.);
#6532=ORIENTED_EDGE('',*,*,#4760,.F.);
#6533=ORIENTED_EDGE('',*,*,#4698,.F.);
#6534=ORIENTED_EDGE('',*,*,#4728,.F.);
#6535=ORIENTED_EDGE('',*,*,#4720,.T.);
#6536=ORIENTED_EDGE('',*,*,#4719,.T.);
#6537=ORIENTED_EDGE('',*,*,#4704,.F.);
#6538=ORIENTED_EDGE('',*,*,#4626,.F.);
#6539=ORIENTED_EDGE('',*,*,#4540,.T.);
#6540=ORIENTED_EDGE('',*,*,#4764,.T.);
#6541=ORIENTED_EDGE('',*,*,#4765,.T.);
#6542=ORIENTED_EDGE('',*,*,#4766,.T.);
#6543=ORIENTED_EDGE('',*,*,#4767,.T.);
#6544=ORIENTED_EDGE('',*,*,#4768,.T.);
#6545=ORIENTED_EDGE('',*,*,#4769,.T.);
#6546=ORIENTED_EDGE('',*,*,#4624,.F.);
#6547=ORIENTED_EDGE('',*,*,#4769,.F.);
#6548=ORIENTED_EDGE('',*,*,#4770,.T.);
#6549=ORIENTED_EDGE('',*,*,#4658,.F.);
#6550=ORIENTED_EDGE('',*,*,#4768,.F.);
#6551=ORIENTED_EDGE('',*,*,#4771,.F.);
#6552=ORIENTED_EDGE('',*,*,#4772,.F.);
#6553=ORIENTED_EDGE('',*,*,#4773,.T.);
#6554=ORIENTED_EDGE('',*,*,#4661,.F.);
#6555=ORIENTED_EDGE('',*,*,#4774,.T.);
#6556=ORIENTED_EDGE('',*,*,#4659,.F.);
#6557=ORIENTED_EDGE('',*,*,#4770,.F.);
#6558=ORIENTED_EDGE('',*,*,#4668,.F.);
#6559=ORIENTED_EDGE('',*,*,#4775,.T.);
#6560=ORIENTED_EDGE('',*,*,#4772,.T.);
#6561=ORIENTED_EDGE('',*,*,#4776,.T.);
#6562=ORIENTED_EDGE('',*,*,#4777,.T.);
#6563=ORIENTED_EDGE('',*,*,#4778,.T.);
#6564=ORIENTED_EDGE('',*,*,#4779,.T.);
#6565=ORIENTED_EDGE('',*,*,#4534,.T.);
#6566=ORIENTED_EDGE('',*,*,#4765,.F.);
#6567=ORIENTED_EDGE('',*,*,#4780,.T.);
#6568=ORIENTED_EDGE('',*,*,#4778,.F.);
#6569=ORIENTED_EDGE('',*,*,#4781,.T.);
#6570=ORIENTED_EDGE('',*,*,#4776,.F.);
#6571=ORIENTED_EDGE('',*,*,#4771,.T.);
#6572=ORIENTED_EDGE('',*,*,#4767,.F.);
#6573=ORIENTED_EDGE('',*,*,#4782,.T.);
#6574=ORIENTED_EDGE('',*,*,#4673,.F.);
#6575=ORIENTED_EDGE('',*,*,#4662,.F.);
#6576=ORIENTED_EDGE('',*,*,#4773,.F.);
#6577=ORIENTED_EDGE('',*,*,#4775,.F.);
#6578=ORIENTED_EDGE('',*,*,#4631,.F.);
#6579=ORIENTED_EDGE('',*,*,#4635,.T.);
#6580=ORIENTED_EDGE('',*,*,#4783,.T.);
#6581=ORIENTED_EDGE('',*,*,#4784,.T.);
#6582=ORIENTED_EDGE('',*,*,#4634,.T.);
#6583=ORIENTED_EDGE('',*,*,#4642,.T.);
#6584=ORIENTED_EDGE('',*,*,#4785,.T.);
#6585=ORIENTED_EDGE('',*,*,#4786,.T.);
#6586=ORIENTED_EDGE('',*,*,#4787,.T.);
#6587=ORIENTED_EDGE('',*,*,#4783,.F.);
#6588=ORIENTED_EDGE('',*,*,#4632,.T.);
#6589=ORIENTED_EDGE('',*,*,#4784,.F.);
#6590=ORIENTED_EDGE('',*,*,#4787,.F.);
#6591=ORIENTED_EDGE('',*,*,#4788,.F.);
#6592=ORIENTED_EDGE('',*,*,#4789,.F.);
#6593=ORIENTED_EDGE('',*,*,#4786,.F.);
#6594=ORIENTED_EDGE('',*,*,#4790,.T.);
#6595=ORIENTED_EDGE('',*,*,#4791,.F.);
#6596=ORIENTED_EDGE('',*,*,#4788,.T.);
#6597=ORIENTED_EDGE('',*,*,#4792,.T.);
#6598=ORIENTED_EDGE('',*,*,#4793,.F.);
#6599=ORIENTED_EDGE('',*,*,#4794,.F.);
#6600=ORIENTED_EDGE('',*,*,#4681,.T.);
#6601=ORIENTED_EDGE('',*,*,#4688,.T.);
#6602=ORIENTED_EDGE('',*,*,#4690,.T.);
#6603=ORIENTED_EDGE('',*,*,#4792,.F.);
#6604=ORIENTED_EDGE('',*,*,#4689,.T.);
#6605=ORIENTED_EDGE('',*,*,#4597,.T.);
#6606=ORIENTED_EDGE('',*,*,#4795,.T.);
#6607=ORIENTED_EDGE('',*,*,#4796,.T.);
#6608=ORIENTED_EDGE('',*,*,#4537,.T.);
#6609=ORIENTED_EDGE('',*,*,#4764,.F.);
#6610=ORIENTED_EDGE('',*,*,#4539,.T.);
#6611=ORIENTED_EDGE('',*,*,#4797,.T.);
#6612=ORIENTED_EDGE('',*,*,#4535,.F.);
#6613=ORIENTED_EDGE('',*,*,#4779,.F.);
#6614=ORIENTED_EDGE('',*,*,#4780,.F.);
#6615=ORIENTED_EDGE('',*,*,#4796,.F.);
#6616=ORIENTED_EDGE('',*,*,#4536,.F.);
#6617=ORIENTED_EDGE('',*,*,#4797,.F.);
#6618=ORIENTED_EDGE('',*,*,#4538,.T.);
#6619=ORIENTED_EDGE('',*,*,#4660,.F.);
#6620=ORIENTED_EDGE('',*,*,#4774,.F.);
#6621=ORIENTED_EDGE('',*,*,#4644,.F.);
#6622=ORIENTED_EDGE('',*,*,#4657,.F.);
#6623=ORIENTED_EDGE('',*,*,#4798,.F.);
#6624=ORIENTED_EDGE('',*,*,#4799,.F.);
#6625=ORIENTED_EDGE('',*,*,#4656,.T.);
#6626=ORIENTED_EDGE('',*,*,#4800,.T.);
#6627=ORIENTED_EDGE('',*,*,#4801,.T.);
#6628=ORIENTED_EDGE('',*,*,#4798,.T.);
#6629=ORIENTED_EDGE('',*,*,#4800,.F.);
#6630=ORIENTED_EDGE('',*,*,#4655,.F.);
#6631=ORIENTED_EDGE('',*,*,#4802,.F.);
#6632=ORIENTED_EDGE('',*,*,#4803,.F.);
#6633=ORIENTED_EDGE('',*,*,#4804,.F.);
#6634=ORIENTED_EDGE('',*,*,#4802,.T.);
#6635=ORIENTED_EDGE('',*,*,#4654,.T.);
#6636=ORIENTED_EDGE('',*,*,#4805,.T.);
#6637=ORIENTED_EDGE('',*,*,#4804,.T.);
#6638=ORIENTED_EDGE('',*,*,#4806,.T.);
#6639=ORIENTED_EDGE('',*,*,#4807,.T.);
#6640=ORIENTED_EDGE('',*,*,#4808,.T.);
#6641=ORIENTED_EDGE('',*,*,#4809,.F.);
#6642=ORIENTED_EDGE('',*,*,#4810,.T.);
#6643=ORIENTED_EDGE('',*,*,#4811,.F.);
#6644=ORIENTED_EDGE('',*,*,#4812,.F.);
#6645=ORIENTED_EDGE('',*,*,#4793,.T.);
#6646=ORIENTED_EDGE('',*,*,#4795,.F.);
#6647=ORIENTED_EDGE('',*,*,#4596,.F.);
#6648=ORIENTED_EDGE('',*,*,#4813,.F.);
#6649=ORIENTED_EDGE('',*,*,#4814,.F.);
#6650=ORIENTED_EDGE('',*,*,#4815,.F.);
#6651=ORIENTED_EDGE('',*,*,#4816,.F.);
#6652=ORIENTED_EDGE('',*,*,#4753,.F.);
#6653=ORIENTED_EDGE('',*,*,#4817,.F.);
#6654=ORIENTED_EDGE('',*,*,#4818,.F.);
#6655=ORIENTED_EDGE('',*,*,#4819,.F.);
#6656=ORIENTED_EDGE('',*,*,#4820,.F.);
#6657=ORIENTED_EDGE('',*,*,#4821,.F.);
#6658=ORIENTED_EDGE('',*,*,#4822,.F.);
#6659=ORIENTED_EDGE('',*,*,#4790,.F.);
#6660=ORIENTED_EDGE('',*,*,#4785,.F.);
#6661=ORIENTED_EDGE('',*,*,#4641,.T.);
#6662=ORIENTED_EDGE('',*,*,#4645,.F.);
#6663=ORIENTED_EDGE('',*,*,#4799,.T.);
#6664=ORIENTED_EDGE('',*,*,#4801,.F.);
#6665=ORIENTED_EDGE('',*,*,#4803,.T.);
#6666=ORIENTED_EDGE('',*,*,#4823,.T.);
#6667=ORIENTED_EDGE('',*,*,#4824,.T.);
#6668=ORIENTED_EDGE('',*,*,#4805,.F.);
#6669=ORIENTED_EDGE('',*,*,#4653,.F.);
#6670=ORIENTED_EDGE('',*,*,#4825,.F.);
#6671=ORIENTED_EDGE('',*,*,#4806,.F.);
#6672=ORIENTED_EDGE('',*,*,#4807,.F.);
#6673=ORIENTED_EDGE('',*,*,#4825,.T.);
#6674=ORIENTED_EDGE('',*,*,#4652,.T.);
#6675=ORIENTED_EDGE('',*,*,#4826,.T.);
#6676=ORIENTED_EDGE('',*,*,#4650,.T.);
#6677=ORIENTED_EDGE('',*,*,#4827,.T.);
#6678=ORIENTED_EDGE('',*,*,#4809,.T.);
#6679=ORIENTED_EDGE('',*,*,#4828,.T.);
#6680=ORIENTED_EDGE('',*,*,#4827,.F.);
#6681=ORIENTED_EDGE('',*,*,#4649,.F.);
#6682=ORIENTED_EDGE('',*,*,#4829,.F.);
#6683=ORIENTED_EDGE('',*,*,#4810,.F.);
#6684=ORIENTED_EDGE('',*,*,#4677,.F.);
#6685=ORIENTED_EDGE('',*,*,#4830,.T.);
#6686=ORIENTED_EDGE('',*,*,#4811,.T.);
#6687=ORIENTED_EDGE('',*,*,#4829,.T.);
#6688=ORIENTED_EDGE('',*,*,#4648,.T.);
#6689=ORIENTED_EDGE('',*,*,#4679,.F.);
#6690=ORIENTED_EDGE('',*,*,#4682,.T.);
#6691=ORIENTED_EDGE('',*,*,#4794,.T.);
#6692=ORIENTED_EDGE('',*,*,#4812,.T.);
#6693=ORIENTED_EDGE('',*,*,#4830,.F.);
#6694=ORIENTED_EDGE('',*,*,#4748,.F.);
#6695=ORIENTED_EDGE('',*,*,#4756,.T.);
#6696=ORIENTED_EDGE('',*,*,#4831,.T.);
#6697=ORIENTED_EDGE('',*,*,#4832,.T.);
#6698=ORIENTED_EDGE('',*,*,#4693,.F.);
#6699=ORIENTED_EDGE('',*,*,#4759,.T.);
#6700=ORIENTED_EDGE('',*,*,#4833,.T.);
#6701=ORIENTED_EDGE('',*,*,#4754,.T.);
#6702=ORIENTED_EDGE('',*,*,#4726,.F.);
#6703=ORIENTED_EDGE('',*,*,#4834,.T.);
#6704=ORIENTED_EDGE('',*,*,#4835,.T.);
#6705=ORIENTED_EDGE('',*,*,#4762,.T.);
#6706=ORIENTED_EDGE('',*,*,#4745,.F.);
#6707=ORIENTED_EDGE('',*,*,#4832,.F.);
#6708=ORIENTED_EDGE('',*,*,#4836,.F.);
#6709=ORIENTED_EDGE('',*,*,#4834,.F.);
#6710=ORIENTED_EDGE('',*,*,#4837,.T.);
#6711=ORIENTED_EDGE('',*,*,#4838,.T.);
#6712=ORIENTED_EDGE('',*,*,#4839,.T.);
#6713=ORIENTED_EDGE('',*,*,#4686,.T.);
#6714=ORIENTED_EDGE('',*,*,#4838,.F.);
#6715=ORIENTED_EDGE('',*,*,#4840,.T.);
#6716=ORIENTED_EDGE('',*,*,#4841,.F.);
#6717=ORIENTED_EDGE('',*,*,#4842,.F.);
#6718=ORIENTED_EDGE('',*,*,#4843,.T.);
#6719=ORIENTED_EDGE('',*,*,#4841,.T.);
#6720=ORIENTED_EDGE('',*,*,#4844,.T.);
#6721=ORIENTED_EDGE('',*,*,#4639,.T.);
#6722=ORIENTED_EDGE('',*,*,#4777,.F.);
#6723=ORIENTED_EDGE('',*,*,#4781,.F.);
#6724=ORIENTED_EDGE('',*,*,#4766,.F.);
#6725=ORIENTED_EDGE('',*,*,#4782,.F.);
#6726=ORIENTED_EDGE('',*,*,#4831,.F.);
#6727=ORIENTED_EDGE('',*,*,#4755,.T.);
#6728=ORIENTED_EDGE('',*,*,#4833,.F.);
#6729=ORIENTED_EDGE('',*,*,#4758,.T.);
#6730=ORIENTED_EDGE('',*,*,#4761,.F.);
#6731=ORIENTED_EDGE('',*,*,#4763,.T.);
#6732=ORIENTED_EDGE('',*,*,#4835,.F.);
#6733=ORIENTED_EDGE('',*,*,#4836,.T.);
#6734=ORIENTED_EDGE('',*,*,#4742,.F.);
#6735=ORIENTED_EDGE('',*,*,#4816,.T.);
#6736=ORIENTED_EDGE('',*,*,#4845,.T.);
#6737=ORIENTED_EDGE('',*,*,#4846,.T.);
#6738=ORIENTED_EDGE('',*,*,#4847,.F.);
#6739=ORIENTED_EDGE('',*,*,#4817,.T.);
#6740=ORIENTED_EDGE('',*,*,#4737,.F.);
#6741=ORIENTED_EDGE('',*,*,#4740,.F.);
#6742=ORIENTED_EDGE('',*,*,#4683,.F.);
#6743=ORIENTED_EDGE('',*,*,#4839,.F.);
#6744=ORIENTED_EDGE('',*,*,#4842,.T.);
#6745=ORIENTED_EDGE('',*,*,#4843,.F.);
#6746=ORIENTED_EDGE('',*,*,#4638,.F.);
#6747=ORIENTED_EDGE('',*,*,#4848,.F.);
#6748=ORIENTED_EDGE('',*,*,#4685,.F.);
#6749=ORIENTED_EDGE('',*,*,#4849,.T.);
#6750=ORIENTED_EDGE('',*,*,#4636,.F.);
#6751=ORIENTED_EDGE('',*,*,#4844,.F.);
#6752=ORIENTED_EDGE('',*,*,#4840,.F.);
#6753=ORIENTED_EDGE('',*,*,#4837,.F.);
#6754=ORIENTED_EDGE('',*,*,#4684,.F.);
#6755=ORIENTED_EDGE('',*,*,#4848,.T.);
#6756=ORIENTED_EDGE('',*,*,#4637,.F.);
#6757=ORIENTED_EDGE('',*,*,#4849,.F.);
#6758=ORIENTED_EDGE('',*,*,#4850,.T.);
#6759=ORIENTED_EDGE('',*,*,#4851,.T.);
#6760=ORIENTED_EDGE('',*,*,#4820,.T.);
#6761=ORIENTED_EDGE('',*,*,#4852,.F.);
#6762=ORIENTED_EDGE('',*,*,#4853,.T.);
#6763=ORIENTED_EDGE('',*,*,#4854,.F.);
#6764=ORIENTED_EDGE('',*,*,#4821,.T.);
#6765=ORIENTED_EDGE('',*,*,#4851,.F.);
#6766=ORIENTED_EDGE('',*,*,#4850,.F.);
#6767=ORIENTED_EDGE('',*,*,#4855,.T.);
#6768=ORIENTED_EDGE('',*,*,#4856,.T.);
#6769=ORIENTED_EDGE('',*,*,#4857,.T.);
#6770=ORIENTED_EDGE('',*,*,#4858,.T.);
#6771=ORIENTED_EDGE('',*,*,#4859,.F.);
#6772=ORIENTED_EDGE('',*,*,#4813,.T.);
#6773=ORIENTED_EDGE('',*,*,#4595,.F.);
#6774=ORIENTED_EDGE('',*,*,#4860,.T.);
#6775=ORIENTED_EDGE('',*,*,#4857,.F.);
#6776=ORIENTED_EDGE('',*,*,#4856,.F.);
#6777=ORIENTED_EDGE('',*,*,#4861,.T.);
#6778=ORIENTED_EDGE('',*,*,#4564,.T.);
#6779=ORIENTED_EDGE('',*,*,#4862,.T.);
#6780=ORIENTED_EDGE('',*,*,#4863,.T.);
#6781=ORIENTED_EDGE('',*,*,#4864,.T.);
#6782=ORIENTED_EDGE('',*,*,#4865,.T.);
#6783=ORIENTED_EDGE('',*,*,#4862,.F.);
#6784=ORIENTED_EDGE('',*,*,#4565,.T.);
#6785=ORIENTED_EDGE('',*,*,#4864,.F.);
#6786=ORIENTED_EDGE('',*,*,#4865,.F.);
#6787=ORIENTED_EDGE('',*,*,#4866,.T.);
#6788=ORIENTED_EDGE('',*,*,#4823,.F.);
#6789=ORIENTED_EDGE('',*,*,#4867,.F.);
#6790=ORIENTED_EDGE('',*,*,#4868,.T.);
#6791=ORIENTED_EDGE('',*,*,#4791,.T.);
#6792=ORIENTED_EDGE('',*,*,#4822,.T.);
#6793=ORIENTED_EDGE('',*,*,#4854,.T.);
#6794=ORIENTED_EDGE('',*,*,#4630,.F.);
#6795=ORIENTED_EDGE('',*,*,#4789,.T.);
#6796=ORIENTED_EDGE('',*,*,#4868,.F.);
#6797=ORIENTED_EDGE('',*,*,#4869,.F.);
#6798=ORIENTED_EDGE('',*,*,#4543,.T.);
#6799=ORIENTED_EDGE('',*,*,#4870,.T.);
#6800=ORIENTED_EDGE('',*,*,#4605,.T.);
#6801=ORIENTED_EDGE('',*,*,#4871,.T.);
#6802=ORIENTED_EDGE('',*,*,#4818,.T.);
#6803=ORIENTED_EDGE('',*,*,#4847,.T.);
#6804=ORIENTED_EDGE('',*,*,#4872,.T.);
#6805=ORIENTED_EDGE('',*,*,#4873,.T.);
#6806=ORIENTED_EDGE('',*,*,#4814,.T.);
#6807=ORIENTED_EDGE('',*,*,#4859,.T.);
#6808=ORIENTED_EDGE('',*,*,#4815,.T.);
#6809=ORIENTED_EDGE('',*,*,#4873,.F.);
#6810=ORIENTED_EDGE('',*,*,#4874,.T.);
#6811=ORIENTED_EDGE('',*,*,#4845,.F.);
#6812=ORIENTED_EDGE('',*,*,#4589,.T.);
#6813=ORIENTED_EDGE('',*,*,#4603,.T.);
#6814=ORIENTED_EDGE('',*,*,#4607,.T.);
#6815=ORIENTED_EDGE('',*,*,#4852,.T.);
#6816=ORIENTED_EDGE('',*,*,#4819,.T.);
#6817=ORIENTED_EDGE('',*,*,#4871,.F.);
#6818=ORIENTED_EDGE('',*,*,#4604,.T.);
#6819=ORIENTED_EDGE('',*,*,#4574,.F.);
#6820=ORIENTED_EDGE('',*,*,#4870,.F.);
#6821=ORIENTED_EDGE('',*,*,#4875,.F.);
#6822=ORIENTED_EDGE('',*,*,#4551,.T.);
#6823=ORIENTED_EDGE('',*,*,#4846,.F.);
#6824=ORIENTED_EDGE('',*,*,#4876,.F.);
#6825=ORIENTED_EDGE('',*,*,#4552,.T.);
#6826=ORIENTED_EDGE('',*,*,#4875,.T.);
#6827=ORIENTED_EDGE('',*,*,#4874,.F.);
#6828=ORIENTED_EDGE('',*,*,#4877,.F.);
#6829=ORIENTED_EDGE('',*,*,#4553,.T.);
#6830=ORIENTED_EDGE('',*,*,#4876,.T.);
#6831=ORIENTED_EDGE('',*,*,#4872,.F.);
#6832=ORIENTED_EDGE('',*,*,#4878,.F.);
#6833=ORIENTED_EDGE('',*,*,#4554,.T.);
#6834=ORIENTED_EDGE('',*,*,#4877,.T.);
#6835=ORIENTED_EDGE('',*,*,#4826,.F.);
#6836=ORIENTED_EDGE('',*,*,#4651,.F.);
#6837=ORIENTED_EDGE('',*,*,#4828,.F.);
#6838=ORIENTED_EDGE('',*,*,#4808,.F.);
#6839=ORIENTED_EDGE('',*,*,#4879,.F.);
#6840=ORIENTED_EDGE('',*,*,#4880,.T.);
#6841=ORIENTED_EDGE('',*,*,#4855,.F.);
#6842=ORIENTED_EDGE('',*,*,#4881,.T.);
#6843=ORIENTED_EDGE('',*,*,#4880,.F.);
#6844=ORIENTED_EDGE('',*,*,#4881,.F.);
#6845=ORIENTED_EDGE('',*,*,#4853,.F.);
#6846=ORIENTED_EDGE('',*,*,#4606,.F.);
#6847=ORIENTED_EDGE('',*,*,#4544,.T.);
#6848=ORIENTED_EDGE('',*,*,#4869,.T.);
#6849=ORIENTED_EDGE('',*,*,#4882,.F.);
#6850=ORIENTED_EDGE('',*,*,#4883,.T.);
#6851=ORIENTED_EDGE('',*,*,#4861,.F.);
#6852=ORIENTED_EDGE('',*,*,#4884,.T.);
#6853=ORIENTED_EDGE('',*,*,#4883,.F.);
#6854=ORIENTED_EDGE('',*,*,#4884,.F.);
#6855=ORIENTED_EDGE('',*,*,#4863,.F.);
#6856=ORIENTED_EDGE('',*,*,#4867,.T.);
#6857=ORIENTED_EDGE('',*,*,#4824,.F.);
#6858=ORIENTED_EDGE('',*,*,#4866,.F.);
#6859=ORIENTED_EDGE('',*,*,#4882,.T.);
#6860=ORIENTED_EDGE('',*,*,#4885,.T.);
#6861=ORIENTED_EDGE('',*,*,#4562,.T.);
#6862=ORIENTED_EDGE('',*,*,#4885,.F.);
#6863=ORIENTED_EDGE('',*,*,#4879,.T.);
#6864=ORIENTED_EDGE('',*,*,#4886,.T.);
#6865=ORIENTED_EDGE('',*,*,#4563,.T.);
#6866=ORIENTED_EDGE('',*,*,#4886,.F.);
#6867=ORIENTED_EDGE('',*,*,#4860,.F.);
#6868=ORIENTED_EDGE('',*,*,#4611,.F.);
#6869=ORIENTED_EDGE('',*,*,#4555,.T.);
#6870=ORIENTED_EDGE('',*,*,#4878,.T.);
#6871=ORIENTED_EDGE('',*,*,#4858,.F.);
#6872=ORIENTED_EDGE('',*,*,#4887,.F.);
#6873=ORIENTED_EDGE('',*,*,#4888,.T.);
#6874=ORIENTED_EDGE('',*,*,#4889,.T.);
#6875=ORIENTED_EDGE('',*,*,#4890,.T.);
#6876=ORIENTED_EDGE('',*,*,#4888,.F.);
#6877=ORIENTED_EDGE('',*,*,#4891,.F.);
#6878=ORIENTED_EDGE('',*,*,#4892,.F.);
#6879=ORIENTED_EDGE('',*,*,#4893,.T.);
#6880=ORIENTED_EDGE('',*,*,#4894,.T.);
#6881=ORIENTED_EDGE('',*,*,#4895,.T.);
#6882=ORIENTED_EDGE('',*,*,#4896,.T.);
#6883=ORIENTED_EDGE('',*,*,#4897,.T.);
#6884=ORIENTED_EDGE('',*,*,#4897,.F.);
#6885=ORIENTED_EDGE('',*,*,#4898,.T.);
#6886=ORIENTED_EDGE('',*,*,#4899,.T.);
#6887=ORIENTED_EDGE('',*,*,#4900,.F.);
#6888=ORIENTED_EDGE('',*,*,#4901,.T.);
#6889=ORIENTED_EDGE('',*,*,#4902,.T.);
#6890=ORIENTED_EDGE('',*,*,#4903,.F.);
#6891=ORIENTED_EDGE('',*,*,#4904,.T.);
#6892=ORIENTED_EDGE('',*,*,#4904,.F.);
#6893=ORIENTED_EDGE('',*,*,#4905,.T.);
#6894=ORIENTED_EDGE('',*,*,#4906,.T.);
#6895=ORIENTED_EDGE('',*,*,#4907,.T.);
#6896=ORIENTED_EDGE('',*,*,#4908,.F.);
#6897=ORIENTED_EDGE('',*,*,#4909,.F.);
#6898=ORIENTED_EDGE('',*,*,#4910,.T.);
#6899=ORIENTED_EDGE('',*,*,#4911,.T.);
#6900=ORIENTED_EDGE('',*,*,#4912,.T.);
#6901=ORIENTED_EDGE('',*,*,#4910,.F.);
#6902=ORIENTED_EDGE('',*,*,#4913,.F.);
#6903=ORIENTED_EDGE('',*,*,#4914,.F.);
#6904=ORIENTED_EDGE('',*,*,#4915,.F.);
#6905=ORIENTED_EDGE('',*,*,#4916,.F.);
#6906=ORIENTED_EDGE('',*,*,#4917,.T.);
#6907=ORIENTED_EDGE('',*,*,#4918,.F.);
#6908=ORIENTED_EDGE('',*,*,#4917,.F.);
#6909=ORIENTED_EDGE('',*,*,#4919,.F.);
#6910=ORIENTED_EDGE('',*,*,#4892,.T.);
#6911=ORIENTED_EDGE('',*,*,#4920,.F.);
#6912=ORIENTED_EDGE('',*,*,#4899,.F.);
#6913=ORIENTED_EDGE('',*,*,#4921,.F.);
#6914=ORIENTED_EDGE('',*,*,#4922,.F.);
#6915=ORIENTED_EDGE('',*,*,#4923,.F.);
#6916=ORIENTED_EDGE('',*,*,#4894,.F.);
#6917=ORIENTED_EDGE('',*,*,#4900,.T.);
#6918=ORIENTED_EDGE('',*,*,#4920,.T.);
#6919=ORIENTED_EDGE('',*,*,#4891,.T.);
#6920=ORIENTED_EDGE('',*,*,#4887,.T.);
#6921=ORIENTED_EDGE('',*,*,#4916,.T.);
#6922=ORIENTED_EDGE('',*,*,#4890,.F.);
#6923=ORIENTED_EDGE('',*,*,#4924,.F.);
#6924=ORIENTED_EDGE('',*,*,#4925,.T.);
#6925=ORIENTED_EDGE('',*,*,#4926,.F.);
#6926=ORIENTED_EDGE('',*,*,#4927,.F.);
#6927=ORIENTED_EDGE('',*,*,#4928,.T.);
#6928=ORIENTED_EDGE('',*,*,#4929,.F.);
#6929=ORIENTED_EDGE('',*,*,#4928,.F.);
#6930=ORIENTED_EDGE('',*,*,#4930,.F.);
#6931=ORIENTED_EDGE('',*,*,#4914,.T.);
#6932=ORIENTED_EDGE('',*,*,#4931,.F.);
#6933=ORIENTED_EDGE('',*,*,#4907,.F.);
#6934=ORIENTED_EDGE('',*,*,#4932,.F.);
#6935=ORIENTED_EDGE('',*,*,#4933,.F.);
#6936=ORIENTED_EDGE('',*,*,#4901,.F.);
#6937=ORIENTED_EDGE('',*,*,#4908,.T.);
#6938=ORIENTED_EDGE('',*,*,#4931,.T.);
#6939=ORIENTED_EDGE('',*,*,#4913,.T.);
#6940=ORIENTED_EDGE('',*,*,#4909,.T.);
#6941=ORIENTED_EDGE('',*,*,#4927,.T.);
#6942=ORIENTED_EDGE('',*,*,#4912,.F.);
#6943=ORIENTED_EDGE('',*,*,#4934,.F.);
#6944=ORIENTED_EDGE('',*,*,#4935,.T.);
#6945=ORIENTED_EDGE('',*,*,#4936,.F.);
#6946=ORIENTED_EDGE('',*,*,#4937,.T.);
#6947=ORIENTED_EDGE('',*,*,#4938,.T.);
#6948=ORIENTED_EDGE('',*,*,#4939,.T.);
#6949=ORIENTED_EDGE('',*,*,#4940,.T.);
#6950=ORIENTED_EDGE('',*,*,#4941,.T.);
#6951=ORIENTED_EDGE('',*,*,#4937,.F.);
#6952=ORIENTED_EDGE('',*,*,#4942,.T.);
#6953=ORIENTED_EDGE('',*,*,#4943,.T.);
#6954=ORIENTED_EDGE('',*,*,#4944,.T.);
#6955=ORIENTED_EDGE('',*,*,#4945,.T.);
#6956=ORIENTED_EDGE('',*,*,#4946,.T.);
#6957=ORIENTED_EDGE('',*,*,#4947,.T.);
#6958=ORIENTED_EDGE('',*,*,#4948,.T.);
#6959=ORIENTED_EDGE('',*,*,#4949,.T.);
#6960=ORIENTED_EDGE('',*,*,#4950,.T.);
#6961=ORIENTED_EDGE('',*,*,#4945,.F.);
#6962=ORIENTED_EDGE('',*,*,#4951,.T.);
#6963=ORIENTED_EDGE('',*,*,#4952,.T.);
#6964=ORIENTED_EDGE('',*,*,#4949,.F.);
#6965=ORIENTED_EDGE('',*,*,#4953,.T.);
#6966=ORIENTED_EDGE('',*,*,#4954,.T.);
#6967=ORIENTED_EDGE('',*,*,#4943,.F.);
#6968=ORIENTED_EDGE('',*,*,#4955,.T.);
#6969=ORIENTED_EDGE('',*,*,#4939,.F.);
#6970=ORIENTED_EDGE('',*,*,#4956,.T.);
#6971=ORIENTED_EDGE('',*,*,#4947,.F.);
#6972=ORIENTED_EDGE('',*,*,#4953,.F.);
#6973=ORIENTED_EDGE('',*,*,#4951,.F.);
#6974=ORIENTED_EDGE('',*,*,#4944,.F.);
#6975=ORIENTED_EDGE('',*,*,#4957,.T.);
#6976=ORIENTED_EDGE('',*,*,#4958,.T.);
#6977=ORIENTED_EDGE('',*,*,#4959,.T.);
#6978=ORIENTED_EDGE('',*,*,#4923,.T.);
#6979=ORIENTED_EDGE('',*,*,#4960,.F.);
#6980=ORIENTED_EDGE('',*,*,#4961,.T.);
#6981=ORIENTED_EDGE('',*,*,#4940,.F.);
#6982=ORIENTED_EDGE('',*,*,#4962,.F.);
#6983=ORIENTED_EDGE('',*,*,#4963,.F.);
#6984=ORIENTED_EDGE('',*,*,#4964,.F.);
#6985=ORIENTED_EDGE('',*,*,#4955,.F.);
#6986=ORIENTED_EDGE('',*,*,#4946,.F.);
#6987=ORIENTED_EDGE('',*,*,#4965,.T.);
#6988=ORIENTED_EDGE('',*,*,#4966,.T.);
#6989=ORIENTED_EDGE('',*,*,#4962,.T.);
#6990=ORIENTED_EDGE('',*,*,#4967,.F.);
#6991=ORIENTED_EDGE('',*,*,#4963,.T.);
#6992=ORIENTED_EDGE('',*,*,#4966,.F.);
#6993=ORIENTED_EDGE('',*,*,#4968,.T.);
#6994=ORIENTED_EDGE('',*,*,#4942,.F.);
#6995=ORIENTED_EDGE('',*,*,#4964,.T.);
#6996=ORIENTED_EDGE('',*,*,#4967,.T.);
#6997=ORIENTED_EDGE('',*,*,#4969,.T.);
#6998=ORIENTED_EDGE('',*,*,#4952,.F.);
#6999=ORIENTED_EDGE('',*,*,#4950,.F.);
#7000=ORIENTED_EDGE('',*,*,#4969,.F.);
#7001=ORIENTED_EDGE('',*,*,#4968,.F.);
#7002=ORIENTED_EDGE('',*,*,#4965,.F.);
#7003=ORIENTED_EDGE('',*,*,#4970,.T.);
#7004=ORIENTED_EDGE('',*,*,#4971,.T.);
#7005=ORIENTED_EDGE('',*,*,#4972,.T.);
#7006=ORIENTED_EDGE('',*,*,#4973,.T.);
#7007=ORIENTED_EDGE('',*,*,#4974,.T.);
#7008=ORIENTED_EDGE('',*,*,#4971,.F.);
#7009=ORIENTED_EDGE('',*,*,#4975,.T.);
#7010=ORIENTED_EDGE('',*,*,#4976,.F.);
#7011=ORIENTED_EDGE('',*,*,#4977,.T.);
#7012=ORIENTED_EDGE('',*,*,#4970,.F.);
#7013=ORIENTED_EDGE('',*,*,#4978,.F.);
#7014=ORIENTED_EDGE('',*,*,#4979,.T.);
#7015=ORIENTED_EDGE('',*,*,#4980,.F.);
#7016=ORIENTED_EDGE('',*,*,#4981,.F.);
#7017=ORIENTED_EDGE('',*,*,#4975,.F.);
#7018=ORIENTED_EDGE('',*,*,#4974,.F.);
#7019=ORIENTED_EDGE('',*,*,#4982,.T.);
#7020=ORIENTED_EDGE('',*,*,#4983,.T.);
#7021=ORIENTED_EDGE('',*,*,#4978,.T.);
#7022=ORIENTED_EDGE('',*,*,#4984,.T.);
#7023=ORIENTED_EDGE('',*,*,#4976,.T.);
#7024=ORIENTED_EDGE('',*,*,#4981,.T.);
#7025=ORIENTED_EDGE('',*,*,#4985,.T.);
#7026=ORIENTED_EDGE('',*,*,#4986,.T.);
#7027=ORIENTED_EDGE('',*,*,#4972,.F.);
#7028=ORIENTED_EDGE('',*,*,#4977,.F.);
#7029=ORIENTED_EDGE('',*,*,#4984,.F.);
#7030=ORIENTED_EDGE('',*,*,#4987,.F.);
#7031=ORIENTED_EDGE('',*,*,#4988,.T.);
#7032=ORIENTED_EDGE('',*,*,#4989,.F.);
#7033=ORIENTED_EDGE('',*,*,#4986,.F.);
#7034=ORIENTED_EDGE('',*,*,#4990,.F.);
#7035=ORIENTED_EDGE('',*,*,#4991,.F.);
#7036=ORIENTED_EDGE('',*,*,#4992,.F.);
#7037=ORIENTED_EDGE('',*,*,#4993,.F.);
#7038=ORIENTED_EDGE('',*,*,#4994,.F.);
#7039=ORIENTED_EDGE('',*,*,#4995,.F.);
#7040=ORIENTED_EDGE('',*,*,#4996,.F.);
#7041=ORIENTED_EDGE('',*,*,#4997,.F.);
#7042=ORIENTED_EDGE('',*,*,#4998,.T.);
#7043=ORIENTED_EDGE('',*,*,#4987,.T.);
#7044=ORIENTED_EDGE('',*,*,#4999,.T.);
#7045=ORIENTED_EDGE('',*,*,#5000,.T.);
#7046=ORIENTED_EDGE('',*,*,#5001,.T.);
#7047=ORIENTED_EDGE('',*,*,#5002,.F.);
#7048=ORIENTED_EDGE('',*,*,#4985,.F.);
#7049=ORIENTED_EDGE('',*,*,#4980,.T.);
#7050=ORIENTED_EDGE('',*,*,#5003,.T.);
#7051=ORIENTED_EDGE('',*,*,#4990,.T.);
#7052=ORIENTED_EDGE('',*,*,#4983,.F.);
#7053=ORIENTED_EDGE('',*,*,#5004,.T.);
#7054=ORIENTED_EDGE('',*,*,#5005,.F.);
#7055=ORIENTED_EDGE('',*,*,#5006,.T.);
#7056=ORIENTED_EDGE('',*,*,#4973,.F.);
#7057=ORIENTED_EDGE('',*,*,#4989,.T.);
#7058=ORIENTED_EDGE('',*,*,#5007,.T.);
#7059=ORIENTED_EDGE('',*,*,#5008,.F.);
#7060=ORIENTED_EDGE('',*,*,#5009,.F.);
#7061=ORIENTED_EDGE('',*,*,#5010,.F.);
#7062=ORIENTED_EDGE('',*,*,#5011,.F.);
#7063=ORIENTED_EDGE('',*,*,#5012,.F.);
#7064=ORIENTED_EDGE('',*,*,#5013,.F.);
#7065=ORIENTED_EDGE('',*,*,#5004,.F.);
#7066=ORIENTED_EDGE('',*,*,#4982,.F.);
#7067=ORIENTED_EDGE('',*,*,#5014,.T.);
#7068=ORIENTED_EDGE('',*,*,#5015,.T.);
#7069=ORIENTED_EDGE('',*,*,#5016,.T.);
#7070=ORIENTED_EDGE('',*,*,#5017,.F.);
#7071=ORIENTED_EDGE('',*,*,#5018,.T.);
#7072=ORIENTED_EDGE('',*,*,#4997,.T.);
#7073=ORIENTED_EDGE('',*,*,#5019,.T.);
#7074=ORIENTED_EDGE('',*,*,#5020,.T.);
#7075=ORIENTED_EDGE('',*,*,#5021,.T.);
#7076=ORIENTED_EDGE('',*,*,#5022,.F.);
#7077=ORIENTED_EDGE('',*,*,#5003,.F.);
#7078=ORIENTED_EDGE('',*,*,#5023,.T.);
#7079=ORIENTED_EDGE('',*,*,#5024,.F.);
#7080=ORIENTED_EDGE('',*,*,#4991,.T.);
#7081=ORIENTED_EDGE('',*,*,#4979,.F.);
#7082=ORIENTED_EDGE('',*,*,#5006,.F.);
#7083=ORIENTED_EDGE('',*,*,#5025,.F.);
#7084=ORIENTED_EDGE('',*,*,#5023,.F.);
#7085=ORIENTED_EDGE('',*,*,#5026,.T.);
#7086=ORIENTED_EDGE('',*,*,#5027,.T.);
#7087=ORIENTED_EDGE('',*,*,#5005,.T.);
#7088=ORIENTED_EDGE('',*,*,#5013,.T.);
#7089=ORIENTED_EDGE('',*,*,#5026,.F.);
#7090=ORIENTED_EDGE('',*,*,#5012,.T.);
#7091=ORIENTED_EDGE('',*,*,#5028,.T.);
#7092=ORIENTED_EDGE('',*,*,#5029,.T.);
#7093=ORIENTED_EDGE('',*,*,#5030,.T.);
#7094=ORIENTED_EDGE('',*,*,#5031,.T.);
#7095=ORIENTED_EDGE('',*,*,#5028,.F.);
#7096=ORIENTED_EDGE('',*,*,#5011,.T.);
#7097=ORIENTED_EDGE('',*,*,#5030,.F.);
#7098=ORIENTED_EDGE('',*,*,#5010,.T.);
#7099=ORIENTED_EDGE('',*,*,#5032,.T.);
#7100=ORIENTED_EDGE('',*,*,#5033,.T.);
#7101=ORIENTED_EDGE('',*,*,#5034,.T.);
#7102=ORIENTED_EDGE('',*,*,#5035,.T.);
#7103=ORIENTED_EDGE('',*,*,#5032,.F.);
#7104=ORIENTED_EDGE('',*,*,#5036,.T.);
#7105=ORIENTED_EDGE('',*,*,#5037,.F.);
#7106=ORIENTED_EDGE('',*,*,#5027,.F.);
#7107=ORIENTED_EDGE('',*,*,#5038,.T.);
#7108=ORIENTED_EDGE('',*,*,#5039,.T.);
#7109=ORIENTED_EDGE('',*,*,#5040,.T.);
#7110=ORIENTED_EDGE('',*,*,#5041,.T.);
#7111=ORIENTED_EDGE('',*,*,#5042,.T.);
#7112=ORIENTED_EDGE('',*,*,#5043,.F.);
#7113=ORIENTED_EDGE('',*,*,#5025,.T.);
#7114=ORIENTED_EDGE('',*,*,#5044,.T.);
#7115=ORIENTED_EDGE('',*,*,#4995,.T.);
#7116=ORIENTED_EDGE('',*,*,#5045,.T.);
#7117=ORIENTED_EDGE('',*,*,#5046,.T.);
#7118=ORIENTED_EDGE('',*,*,#5047,.T.);
#7119=ORIENTED_EDGE('',*,*,#5048,.T.);
#7120=ORIENTED_EDGE('',*,*,#5045,.F.);
#7121=ORIENTED_EDGE('',*,*,#4994,.T.);
#7122=ORIENTED_EDGE('',*,*,#5049,.F.);
#7123=ORIENTED_EDGE('',*,*,#5050,.T.);
#7124=ORIENTED_EDGE('',*,*,#5044,.F.);
#7125=ORIENTED_EDGE('',*,*,#5051,.T.);
#7126=ORIENTED_EDGE('',*,*,#4905,.F.);
#7127=ORIENTED_EDGE('',*,*,#4903,.T.);
#7128=ORIENTED_EDGE('',*,*,#5052,.T.);
#7129=ORIENTED_EDGE('',*,*,#5053,.T.);
#7130=ORIENTED_EDGE('',*,*,#5047,.F.);
#7131=ORIENTED_EDGE('',*,*,#4993,.T.);
#7132=ORIENTED_EDGE('',*,*,#5024,.T.);
#7133=ORIENTED_EDGE('',*,*,#5043,.T.);
#7134=ORIENTED_EDGE('',*,*,#5052,.F.);
#7135=ORIENTED_EDGE('',*,*,#4992,.T.);
#7136=ORIENTED_EDGE('',*,*,#5050,.F.);
#7137=ORIENTED_EDGE('',*,*,#5054,.T.);
#7138=ORIENTED_EDGE('',*,*,#5019,.F.);
#7139=ORIENTED_EDGE('',*,*,#4996,.T.);
#7140=ORIENTED_EDGE('',*,*,#4902,.F.);
#7141=ORIENTED_EDGE('',*,*,#5055,.F.);
#7142=ORIENTED_EDGE('',*,*,#5020,.F.);
#7143=ORIENTED_EDGE('',*,*,#5054,.F.);
#7144=ORIENTED_EDGE('',*,*,#5049,.T.);
#7145=ORIENTED_EDGE('',*,*,#5035,.F.);
#7146=ORIENTED_EDGE('',*,*,#5056,.F.);
#7147=ORIENTED_EDGE('',*,*,#5057,.F.);
#7148=ORIENTED_EDGE('',*,*,#4924,.T.);
#7149=ORIENTED_EDGE('',*,*,#4889,.F.);
#7150=ORIENTED_EDGE('',*,*,#4893,.F.);
#7151=ORIENTED_EDGE('',*,*,#4919,.T.);
#7152=ORIENTED_EDGE('',*,*,#4898,.F.);
#7153=ORIENTED_EDGE('',*,*,#4896,.F.);
#7154=ORIENTED_EDGE('',*,*,#5058,.F.);
#7155=ORIENTED_EDGE('',*,*,#5059,.F.);
#7156=ORIENTED_EDGE('',*,*,#5060,.F.);
#7157=ORIENTED_EDGE('',*,*,#5061,.F.);
#7158=ORIENTED_EDGE('',*,*,#4934,.T.);
#7159=ORIENTED_EDGE('',*,*,#4911,.F.);
#7160=ORIENTED_EDGE('',*,*,#4915,.T.);
#7161=ORIENTED_EDGE('',*,*,#4930,.T.);
#7162=ORIENTED_EDGE('',*,*,#4906,.F.);
#7163=ORIENTED_EDGE('',*,*,#5051,.F.);
#7164=ORIENTED_EDGE('',*,*,#5046,.F.);
#7165=ORIENTED_EDGE('',*,*,#5062,.F.);
#7166=ORIENTED_EDGE('',*,*,#5063,.T.);
#7167=ORIENTED_EDGE('',*,*,#5064,.T.);
#7168=ORIENTED_EDGE('',*,*,#5065,.F.);
#7169=ORIENTED_EDGE('',*,*,#5066,.F.);
#7170=ORIENTED_EDGE('',*,*,#5067,.F.);
#7171=ORIENTED_EDGE('',*,*,#5068,.F.);
#7172=ORIENTED_EDGE('',*,*,#5033,.F.);
#7173=ORIENTED_EDGE('',*,*,#4918,.T.);
#7174=ORIENTED_EDGE('',*,*,#4929,.T.);
#7175=ORIENTED_EDGE('',*,*,#5069,.F.);
#7176=ORIENTED_EDGE('',*,*,#5070,.F.);
#7177=ORIENTED_EDGE('',*,*,#5071,.F.);
#7178=ORIENTED_EDGE('',*,*,#5072,.F.);
#7179=ORIENTED_EDGE('',*,*,#5031,.F.);
#7180=ORIENTED_EDGE('',*,*,#5068,.T.);
#7181=ORIENTED_EDGE('',*,*,#5073,.T.);
#7182=ORIENTED_EDGE('',*,*,#5074,.T.);
#7183=ORIENTED_EDGE('',*,*,#5075,.T.);
#7184=ORIENTED_EDGE('',*,*,#5076,.T.);
#7185=ORIENTED_EDGE('',*,*,#5077,.T.);
#7186=ORIENTED_EDGE('',*,*,#5078,.T.);
#7187=ORIENTED_EDGE('',*,*,#5029,.F.);
#7188=ORIENTED_EDGE('',*,*,#5078,.F.);
#7189=ORIENTED_EDGE('',*,*,#5079,.T.);
#7190=ORIENTED_EDGE('',*,*,#5038,.F.);
#7191=ORIENTED_EDGE('',*,*,#5077,.F.);
#7192=ORIENTED_EDGE('',*,*,#5080,.F.);
#7193=ORIENTED_EDGE('',*,*,#5081,.F.);
#7194=ORIENTED_EDGE('',*,*,#5082,.T.);
#7195=ORIENTED_EDGE('',*,*,#5041,.F.);
#7196=ORIENTED_EDGE('',*,*,#5083,.T.);
#7197=ORIENTED_EDGE('',*,*,#5039,.F.);
#7198=ORIENTED_EDGE('',*,*,#5079,.F.);
#7199=ORIENTED_EDGE('',*,*,#5048,.F.);
#7200=ORIENTED_EDGE('',*,*,#5084,.T.);
#7201=ORIENTED_EDGE('',*,*,#5081,.T.);
#7202=ORIENTED_EDGE('',*,*,#5085,.T.);
#7203=ORIENTED_EDGE('',*,*,#5086,.T.);
#7204=ORIENTED_EDGE('',*,*,#5087,.T.);
#7205=ORIENTED_EDGE('',*,*,#5088,.T.);
#7206=ORIENTED_EDGE('',*,*,#5062,.T.);
#7207=ORIENTED_EDGE('',*,*,#5074,.F.);
#7208=ORIENTED_EDGE('',*,*,#5089,.T.);
#7209=ORIENTED_EDGE('',*,*,#5087,.F.);
#7210=ORIENTED_EDGE('',*,*,#5090,.T.);
#7211=ORIENTED_EDGE('',*,*,#5085,.F.);
#7212=ORIENTED_EDGE('',*,*,#5080,.T.);
#7213=ORIENTED_EDGE('',*,*,#5076,.F.);
#7214=ORIENTED_EDGE('',*,*,#5091,.T.);
#7215=ORIENTED_EDGE('',*,*,#5053,.F.);
#7216=ORIENTED_EDGE('',*,*,#5042,.F.);
#7217=ORIENTED_EDGE('',*,*,#5082,.F.);
#7218=ORIENTED_EDGE('',*,*,#5084,.F.);
#7219=ORIENTED_EDGE('',*,*,#5036,.F.);
#7220=ORIENTED_EDGE('',*,*,#5009,.T.);
#7221=ORIENTED_EDGE('',*,*,#5092,.T.);
#7222=ORIENTED_EDGE('',*,*,#5093,.T.);
#7223=ORIENTED_EDGE('',*,*,#5094,.T.);
#7224=ORIENTED_EDGE('',*,*,#5095,.T.);
#7225=ORIENTED_EDGE('',*,*,#5096,.T.);
#7226=ORIENTED_EDGE('',*,*,#5097,.T.);
#7227=ORIENTED_EDGE('',*,*,#5092,.F.);
#7228=ORIENTED_EDGE('',*,*,#5008,.T.);
#7229=ORIENTED_EDGE('',*,*,#5037,.T.);
#7230=ORIENTED_EDGE('',*,*,#5093,.F.);
#7231=ORIENTED_EDGE('',*,*,#5097,.F.);
#7232=ORIENTED_EDGE('',*,*,#5098,.F.);
#7233=ORIENTED_EDGE('',*,*,#5099,.F.);
#7234=ORIENTED_EDGE('',*,*,#5096,.F.);
#7235=ORIENTED_EDGE('',*,*,#5100,.T.);
#7236=ORIENTED_EDGE('',*,*,#5101,.F.);
#7237=ORIENTED_EDGE('',*,*,#5098,.T.);
#7238=ORIENTED_EDGE('',*,*,#5021,.F.);
#7239=ORIENTED_EDGE('',*,*,#5055,.T.);
#7240=ORIENTED_EDGE('',*,*,#4933,.T.);
#7241=ORIENTED_EDGE('',*,*,#5102,.T.);
#7242=ORIENTED_EDGE('',*,*,#5103,.T.);
#7243=ORIENTED_EDGE('',*,*,#5104,.T.);
#7244=ORIENTED_EDGE('',*,*,#5065,.T.);
#7245=ORIENTED_EDGE('',*,*,#5073,.F.);
#7246=ORIENTED_EDGE('',*,*,#5067,.T.);
#7247=ORIENTED_EDGE('',*,*,#5105,.T.);
#7248=ORIENTED_EDGE('',*,*,#5063,.F.);
#7249=ORIENTED_EDGE('',*,*,#5088,.F.);
#7250=ORIENTED_EDGE('',*,*,#5089,.F.);
#7251=ORIENTED_EDGE('',*,*,#5104,.F.);
#7252=ORIENTED_EDGE('',*,*,#5064,.F.);
#7253=ORIENTED_EDGE('',*,*,#5105,.F.);
#7254=ORIENTED_EDGE('',*,*,#5066,.T.);
#7255=ORIENTED_EDGE('',*,*,#5040,.F.);
#7256=ORIENTED_EDGE('',*,*,#5083,.F.);
#7257=ORIENTED_EDGE('',*,*,#4941,.F.);
#7258=ORIENTED_EDGE('',*,*,#4954,.F.);
#7259=ORIENTED_EDGE('',*,*,#4961,.F.);
#7260=ORIENTED_EDGE('',*,*,#5106,.F.);
#7261=ORIENTED_EDGE('',*,*,#5107,.F.);
#7262=ORIENTED_EDGE('',*,*,#5108,.F.);
#7263=ORIENTED_EDGE('',*,*,#5109,.F.);
#7264=ORIENTED_EDGE('',*,*,#5110,.F.);
#7265=ORIENTED_EDGE('',*,*,#5100,.F.);
#7266=ORIENTED_EDGE('',*,*,#5095,.F.);
#7267=ORIENTED_EDGE('',*,*,#5094,.F.);
#7268=ORIENTED_EDGE('',*,*,#5007,.F.);
#7269=ORIENTED_EDGE('',*,*,#4988,.F.);
#7270=ORIENTED_EDGE('',*,*,#4998,.F.);
#7271=ORIENTED_EDGE('',*,*,#5018,.F.);
#7272=ORIENTED_EDGE('',*,*,#5022,.T.);
#7273=ORIENTED_EDGE('',*,*,#5103,.F.);
#7274=ORIENTED_EDGE('',*,*,#5111,.F.);
#7275=ORIENTED_EDGE('',*,*,#5112,.F.);
#7276=ORIENTED_EDGE('',*,*,#5113,.F.);
#7277=ORIENTED_EDGE('',*,*,#5114,.F.);
#7278=ORIENTED_EDGE('',*,*,#4957,.F.);
#7279=ORIENTED_EDGE('',*,*,#4948,.F.);
#7280=ORIENTED_EDGE('',*,*,#4956,.F.);
#7281=ORIENTED_EDGE('',*,*,#5115,.T.);
#7282=ORIENTED_EDGE('',*,*,#5116,.T.);
#7283=ORIENTED_EDGE('',*,*,#5117,.T.);
#7284=ORIENTED_EDGE('',*,*,#5118,.T.);
#7285=ORIENTED_EDGE('',*,*,#5119,.T.);
#7286=ORIENTED_EDGE('',*,*,#5120,.T.);
#7287=ORIENTED_EDGE('',*,*,#5002,.T.);
#7288=ORIENTED_EDGE('',*,*,#5119,.F.);
#7289=ORIENTED_EDGE('',*,*,#5121,.T.);
#7290=ORIENTED_EDGE('',*,*,#5122,.F.);
#7291=ORIENTED_EDGE('',*,*,#5123,.F.);
#7292=ORIENTED_EDGE('',*,*,#5124,.T.);
#7293=ORIENTED_EDGE('',*,*,#5122,.T.);
#7294=ORIENTED_EDGE('',*,*,#5125,.T.);
#7295=ORIENTED_EDGE('',*,*,#5017,.T.);
#7296=ORIENTED_EDGE('',*,*,#5086,.F.);
#7297=ORIENTED_EDGE('',*,*,#5090,.F.);
#7298=ORIENTED_EDGE('',*,*,#5075,.F.);
#7299=ORIENTED_EDGE('',*,*,#5091,.F.);
#7300=ORIENTED_EDGE('',*,*,#4999,.F.);
#7301=ORIENTED_EDGE('',*,*,#5120,.F.);
#7302=ORIENTED_EDGE('',*,*,#5123,.T.);
#7303=ORIENTED_EDGE('',*,*,#5124,.F.);
#7304=ORIENTED_EDGE('',*,*,#5016,.F.);
#7305=ORIENTED_EDGE('',*,*,#5126,.F.);
#7306=ORIENTED_EDGE('',*,*,#5001,.F.);
#7307=ORIENTED_EDGE('',*,*,#5127,.T.);
#7308=ORIENTED_EDGE('',*,*,#5014,.F.);
#7309=ORIENTED_EDGE('',*,*,#5125,.F.);
#7310=ORIENTED_EDGE('',*,*,#5121,.F.);
#7311=ORIENTED_EDGE('',*,*,#5118,.F.);
#7312=ORIENTED_EDGE('',*,*,#5000,.F.);
#7313=ORIENTED_EDGE('',*,*,#5126,.T.);
#7314=ORIENTED_EDGE('',*,*,#5015,.F.);
#7315=ORIENTED_EDGE('',*,*,#5127,.F.);
#7316=ORIENTED_EDGE('',*,*,#5128,.T.);
#7317=ORIENTED_EDGE('',*,*,#5129,.T.);
#7318=ORIENTED_EDGE('',*,*,#5108,.T.);
#7319=ORIENTED_EDGE('',*,*,#5130,.F.);
#7320=ORIENTED_EDGE('',*,*,#5131,.T.);
#7321=ORIENTED_EDGE('',*,*,#5132,.F.);
#7322=ORIENTED_EDGE('',*,*,#5109,.T.);
#7323=ORIENTED_EDGE('',*,*,#5129,.F.);
#7324=ORIENTED_EDGE('',*,*,#5128,.F.);
#7325=ORIENTED_EDGE('',*,*,#5133,.T.);
#7326=ORIENTED_EDGE('',*,*,#5134,.T.);
#7327=ORIENTED_EDGE('',*,*,#5135,.T.);
#7328=ORIENTED_EDGE('',*,*,#5136,.T.);
#7329=ORIENTED_EDGE('',*,*,#5137,.F.);
#7330=ORIENTED_EDGE('',*,*,#5112,.T.);
#7331=ORIENTED_EDGE('',*,*,#5138,.F.);
#7332=ORIENTED_EDGE('',*,*,#5139,.T.);
#7333=ORIENTED_EDGE('',*,*,#5135,.F.);
#7334=ORIENTED_EDGE('',*,*,#5134,.F.);
#7335=ORIENTED_EDGE('',*,*,#5140,.T.);
#7336=ORIENTED_EDGE('',*,*,#5069,.T.);
#7337=ORIENTED_EDGE('',*,*,#5141,.T.);
#7338=ORIENTED_EDGE('',*,*,#5142,.T.);
#7339=ORIENTED_EDGE('',*,*,#5143,.T.);
#7340=ORIENTED_EDGE('',*,*,#5144,.T.);
#7341=ORIENTED_EDGE('',*,*,#5141,.F.);
#7342=ORIENTED_EDGE('',*,*,#5070,.T.);
#7343=ORIENTED_EDGE('',*,*,#5143,.F.);
#7344=ORIENTED_EDGE('',*,*,#5144,.F.);
#7345=ORIENTED_EDGE('',*,*,#5145,.T.);
#7346=ORIENTED_EDGE('',*,*,#5115,.F.);
#7347=ORIENTED_EDGE('',*,*,#4938,.F.);
#7348=ORIENTED_EDGE('',*,*,#5117,.F.);
#7349=ORIENTED_EDGE('',*,*,#5146,.F.);
#7350=ORIENTED_EDGE('',*,*,#5147,.T.);
#7351=ORIENTED_EDGE('',*,*,#5101,.T.);
#7352=ORIENTED_EDGE('',*,*,#5110,.T.);
#7353=ORIENTED_EDGE('',*,*,#5132,.T.);
#7354=ORIENTED_EDGE('',*,*,#5034,.F.);
#7355=ORIENTED_EDGE('',*,*,#5099,.T.);
#7356=ORIENTED_EDGE('',*,*,#5147,.F.);
#7357=ORIENTED_EDGE('',*,*,#5148,.F.);
#7358=ORIENTED_EDGE('',*,*,#5056,.T.);
#7359=ORIENTED_EDGE('',*,*,#5111,.T.);
#7360=ORIENTED_EDGE('',*,*,#5102,.F.);
#7361=ORIENTED_EDGE('',*,*,#4932,.T.);
#7362=ORIENTED_EDGE('',*,*,#4936,.T.);
#7363=ORIENTED_EDGE('',*,*,#5138,.T.);
#7364=ORIENTED_EDGE('',*,*,#4922,.T.);
#7365=ORIENTED_EDGE('',*,*,#5149,.T.);
#7366=ORIENTED_EDGE('',*,*,#5106,.T.);
#7367=ORIENTED_EDGE('',*,*,#4960,.T.);
#7368=ORIENTED_EDGE('',*,*,#5150,.T.);
#7369=ORIENTED_EDGE('',*,*,#5151,.T.);
#7370=ORIENTED_EDGE('',*,*,#5113,.T.);
#7371=ORIENTED_EDGE('',*,*,#5137,.T.);
#7372=ORIENTED_EDGE('',*,*,#5114,.T.);
#7373=ORIENTED_EDGE('',*,*,#5151,.F.);
#7374=ORIENTED_EDGE('',*,*,#5152,.T.);
#7375=ORIENTED_EDGE('',*,*,#4958,.F.);
#7376=ORIENTED_EDGE('',*,*,#5107,.T.);
#7377=ORIENTED_EDGE('',*,*,#5149,.F.);
#7378=ORIENTED_EDGE('',*,*,#4921,.T.);
#7379=ORIENTED_EDGE('',*,*,#4926,.T.);
#7380=ORIENTED_EDGE('',*,*,#5130,.T.);
#7381=ORIENTED_EDGE('',*,*,#4895,.F.);
#7382=ORIENTED_EDGE('',*,*,#4959,.F.);
#7383=ORIENTED_EDGE('',*,*,#5153,.F.);
#7384=ORIENTED_EDGE('',*,*,#5058,.T.);
#7385=ORIENTED_EDGE('',*,*,#5152,.F.);
#7386=ORIENTED_EDGE('',*,*,#5154,.F.);
#7387=ORIENTED_EDGE('',*,*,#5059,.T.);
#7388=ORIENTED_EDGE('',*,*,#5153,.T.);
#7389=ORIENTED_EDGE('',*,*,#5150,.F.);
#7390=ORIENTED_EDGE('',*,*,#5155,.F.);
#7391=ORIENTED_EDGE('',*,*,#5060,.T.);
#7392=ORIENTED_EDGE('',*,*,#5154,.T.);
#7393=ORIENTED_EDGE('',*,*,#5156,.F.);
#7394=ORIENTED_EDGE('',*,*,#5157,.T.);
#7395=ORIENTED_EDGE('',*,*,#5133,.F.);
#7396=ORIENTED_EDGE('',*,*,#5158,.T.);
#7397=ORIENTED_EDGE('',*,*,#5157,.F.);
#7398=ORIENTED_EDGE('',*,*,#5158,.F.);
#7399=ORIENTED_EDGE('',*,*,#5131,.F.);
#7400=ORIENTED_EDGE('',*,*,#4925,.F.);
#7401=ORIENTED_EDGE('',*,*,#5057,.T.);
#7402=ORIENTED_EDGE('',*,*,#5148,.T.);
#7403=ORIENTED_EDGE('',*,*,#5159,.F.);
#7404=ORIENTED_EDGE('',*,*,#5160,.T.);
#7405=ORIENTED_EDGE('',*,*,#5140,.F.);
#7406=ORIENTED_EDGE('',*,*,#5161,.T.);
#7407=ORIENTED_EDGE('',*,*,#5160,.F.);
#7408=ORIENTED_EDGE('',*,*,#5161,.F.);
#7409=ORIENTED_EDGE('',*,*,#5142,.F.);
#7410=ORIENTED_EDGE('',*,*,#5146,.T.);
#7411=ORIENTED_EDGE('',*,*,#5116,.F.);
#7412=ORIENTED_EDGE('',*,*,#5145,.F.);
#7413=ORIENTED_EDGE('',*,*,#5159,.T.);
#7414=ORIENTED_EDGE('',*,*,#5162,.T.);
#7415=ORIENTED_EDGE('',*,*,#5072,.T.);
#7416=ORIENTED_EDGE('',*,*,#5162,.F.);
#7417=ORIENTED_EDGE('',*,*,#5156,.T.);
#7418=ORIENTED_EDGE('',*,*,#5163,.T.);
#7419=ORIENTED_EDGE('',*,*,#5071,.T.);
#7420=ORIENTED_EDGE('',*,*,#5163,.F.);
#7421=ORIENTED_EDGE('',*,*,#5139,.F.);
#7422=ORIENTED_EDGE('',*,*,#4935,.F.);
#7423=ORIENTED_EDGE('',*,*,#5061,.T.);
#7424=ORIENTED_EDGE('',*,*,#5155,.T.);
#7425=ORIENTED_EDGE('',*,*,#5136,.F.);
#7426=ORIENTED_EDGE('',*,*,#5164,.F.);
#7427=ORIENTED_EDGE('',*,*,#5165,.T.);
#7428=ORIENTED_EDGE('',*,*,#5164,.T.);
#7429=ORIENTED_EDGE('',*,*,#5166,.T.);
#7430=ORIENTED_EDGE('',*,*,#5167,.T.);
#7431=ORIENTED_EDGE('',*,*,#5168,.T.);
#7432=ORIENTED_EDGE('',*,*,#5169,.T.);
#7433=ORIENTED_EDGE('',*,*,#5170,.F.);
#7434=ORIENTED_EDGE('',*,*,#5171,.T.);
#7435=ORIENTED_EDGE('',*,*,#5172,.F.);
#7436=ORIENTED_EDGE('',*,*,#5173,.F.);
#7437=ORIENTED_EDGE('',*,*,#5174,.F.);
#7438=ORIENTED_EDGE('',*,*,#5175,.T.);
#7439=ORIENTED_EDGE('',*,*,#5176,.T.);
#7440=ORIENTED_EDGE('',*,*,#5177,.F.);
#7441=ORIENTED_EDGE('',*,*,#5178,.F.);
#7442=ORIENTED_EDGE('',*,*,#5179,.F.);
#7443=ORIENTED_EDGE('',*,*,#5180,.F.);
#7444=ORIENTED_EDGE('',*,*,#5181,.F.);
#7445=ORIENTED_EDGE('',*,*,#5182,.F.);
#7446=ORIENTED_EDGE('',*,*,#5183,.F.);
#7447=ORIENTED_EDGE('',*,*,#5184,.F.);
#7448=ORIENTED_EDGE('',*,*,#5185,.T.);
#7449=ORIENTED_EDGE('',*,*,#5186,.F.);
#7450=ORIENTED_EDGE('',*,*,#5187,.F.);
#7451=ORIENTED_EDGE('',*,*,#5188,.T.);
#7452=ORIENTED_EDGE('',*,*,#5189,.T.);
#7453=ORIENTED_EDGE('',*,*,#5190,.F.);
#7454=ORIENTED_EDGE('',*,*,#5191,.F.);
#7455=ORIENTED_EDGE('',*,*,#5192,.F.);
#7456=ORIENTED_EDGE('',*,*,#5193,.F.);
#7457=ORIENTED_EDGE('',*,*,#5194,.F.);
#7458=ORIENTED_EDGE('',*,*,#5195,.F.);
#7459=ORIENTED_EDGE('',*,*,#5196,.T.);
#7460=ORIENTED_EDGE('',*,*,#5197,.F.);
#7461=ORIENTED_EDGE('',*,*,#5198,.F.);
#7462=ORIENTED_EDGE('',*,*,#5199,.T.);
#7463=ORIENTED_EDGE('',*,*,#5200,.T.);
#7464=ORIENTED_EDGE('',*,*,#5201,.T.);
#7465=ORIENTED_EDGE('',*,*,#5202,.F.);
#7466=ORIENTED_EDGE('',*,*,#5203,.F.);
#7467=ORIENTED_EDGE('',*,*,#5204,.F.);
#7468=ORIENTED_EDGE('',*,*,#5205,.F.);
#7469=ORIENTED_EDGE('',*,*,#5206,.F.);
#7470=ORIENTED_EDGE('',*,*,#5207,.T.);
#7471=ORIENTED_EDGE('',*,*,#5208,.T.);
#7472=ORIENTED_EDGE('',*,*,#5209,.T.);
#7473=ORIENTED_EDGE('',*,*,#5190,.T.);
#7474=ORIENTED_EDGE('',*,*,#5210,.T.);
#7475=ORIENTED_EDGE('',*,*,#5210,.F.);
#7476=ORIENTED_EDGE('',*,*,#5189,.F.);
#7477=ORIENTED_EDGE('',*,*,#5211,.T.);
#7478=ORIENTED_EDGE('',*,*,#5212,.F.);
#7479=ORIENTED_EDGE('',*,*,#5213,.F.);
#7480=ORIENTED_EDGE('',*,*,#5214,.T.);
#7481=ORIENTED_EDGE('',*,*,#5186,.T.);
#7482=ORIENTED_EDGE('',*,*,#5215,.T.);
#7483=ORIENTED_EDGE('',*,*,#5214,.F.);
#7484=ORIENTED_EDGE('',*,*,#5216,.F.);
#7485=ORIENTED_EDGE('',*,*,#5217,.F.);
#7486=ORIENTED_EDGE('',*,*,#5187,.T.);
#7487=ORIENTED_EDGE('',*,*,#5218,.T.);
#7488=ORIENTED_EDGE('',*,*,#5219,.T.);
#7489=ORIENTED_EDGE('',*,*,#5220,.T.);
#7490=ORIENTED_EDGE('',*,*,#5201,.F.);
#7491=ORIENTED_EDGE('',*,*,#5221,.T.);
#7492=ORIENTED_EDGE('',*,*,#5221,.F.);
#7493=ORIENTED_EDGE('',*,*,#5200,.F.);
#7494=ORIENTED_EDGE('',*,*,#5222,.T.);
#7495=ORIENTED_EDGE('',*,*,#5223,.F.);
#7496=ORIENTED_EDGE('',*,*,#5224,.F.);
#7497=ORIENTED_EDGE('',*,*,#5225,.T.);
#7498=ORIENTED_EDGE('',*,*,#5197,.T.);
#7499=ORIENTED_EDGE('',*,*,#5226,.T.);
#7500=ORIENTED_EDGE('',*,*,#5225,.F.);
#7501=ORIENTED_EDGE('',*,*,#5227,.F.);
#7502=ORIENTED_EDGE('',*,*,#5228,.F.);
#7503=ORIENTED_EDGE('',*,*,#5198,.T.);
#7504=ORIENTED_EDGE('',*,*,#5229,.F.);
#7505=ORIENTED_EDGE('',*,*,#5230,.T.);
#7506=ORIENTED_EDGE('',*,*,#5207,.F.);
#7507=ORIENTED_EDGE('',*,*,#5230,.F.);
#7508=ORIENTED_EDGE('',*,*,#5188,.F.);
#7509=ORIENTED_EDGE('',*,*,#5217,.T.);
#7510=ORIENTED_EDGE('',*,*,#5231,.F.);
#7511=ORIENTED_EDGE('',*,*,#5211,.F.);
#7512=ORIENTED_EDGE('',*,*,#5231,.T.);
#7513=ORIENTED_EDGE('',*,*,#5216,.T.);
#7514=ORIENTED_EDGE('',*,*,#5213,.T.);
#7515=ORIENTED_EDGE('',*,*,#5232,.F.);
#7516=ORIENTED_EDGE('',*,*,#5233,.F.);
#7517=ORIENTED_EDGE('',*,*,#5208,.F.);
#7518=ORIENTED_EDGE('',*,*,#5212,.T.);
#7519=ORIENTED_EDGE('',*,*,#5229,.T.);
#7520=ORIENTED_EDGE('',*,*,#5215,.F.);
#7521=ORIENTED_EDGE('',*,*,#5185,.F.);
#7522=ORIENTED_EDGE('',*,*,#5234,.T.);
#7523=ORIENTED_EDGE('',*,*,#5235,.F.);
#7524=ORIENTED_EDGE('',*,*,#5236,.F.);
#7525=ORIENTED_EDGE('',*,*,#5237,.T.);
#7526=ORIENTED_EDGE('',*,*,#5206,.T.);
#7527=ORIENTED_EDGE('',*,*,#5237,.F.);
#7528=ORIENTED_EDGE('',*,*,#5199,.F.);
#7529=ORIENTED_EDGE('',*,*,#5228,.T.);
#7530=ORIENTED_EDGE('',*,*,#5238,.F.);
#7531=ORIENTED_EDGE('',*,*,#5222,.F.);
#7532=ORIENTED_EDGE('',*,*,#5171,.F.);
#7533=ORIENTED_EDGE('',*,*,#5239,.F.);
#7534=ORIENTED_EDGE('',*,*,#5218,.F.);
#7535=ORIENTED_EDGE('',*,*,#5223,.T.);
#7536=ORIENTED_EDGE('',*,*,#5238,.T.);
#7537=ORIENTED_EDGE('',*,*,#5227,.T.);
#7538=ORIENTED_EDGE('',*,*,#5224,.T.);
#7539=ORIENTED_EDGE('',*,*,#5166,.F.);
#7540=ORIENTED_EDGE('',*,*,#5165,.F.);
#7541=ORIENTED_EDGE('',*,*,#5236,.T.);
#7542=ORIENTED_EDGE('',*,*,#5226,.F.);
#7543=ORIENTED_EDGE('',*,*,#5196,.F.);
#7544=ORIENTED_EDGE('',*,*,#5240,.T.);
#7545=ORIENTED_EDGE('',*,*,#5167,.F.);
#7546=ORIENTED_EDGE('',*,*,#5241,.T.);
#7547=ORIENTED_EDGE('',*,*,#5242,.T.);
#7548=ORIENTED_EDGE('',*,*,#5243,.T.);
#7549=ORIENTED_EDGE('',*,*,#5244,.T.);
#7550=ORIENTED_EDGE('',*,*,#5245,.T.);
#7551=ORIENTED_EDGE('',*,*,#5241,.F.);
#7552=ORIENTED_EDGE('',*,*,#5246,.T.);
#7553=ORIENTED_EDGE('',*,*,#5247,.T.);
#7554=ORIENTED_EDGE('',*,*,#5248,.T.);
#7555=ORIENTED_EDGE('',*,*,#5249,.T.);
#7556=ORIENTED_EDGE('',*,*,#5250,.T.);
#7557=ORIENTED_EDGE('',*,*,#5251,.T.);
#7558=ORIENTED_EDGE('',*,*,#5252,.T.);
#7559=ORIENTED_EDGE('',*,*,#5253,.T.);
#7560=ORIENTED_EDGE('',*,*,#5254,.T.);
#7561=ORIENTED_EDGE('',*,*,#5249,.F.);
#7562=ORIENTED_EDGE('',*,*,#5255,.T.);
#7563=ORIENTED_EDGE('',*,*,#5256,.T.);
#7564=ORIENTED_EDGE('',*,*,#5253,.F.);
#7565=ORIENTED_EDGE('',*,*,#5257,.T.);
#7566=ORIENTED_EDGE('',*,*,#5258,.T.);
#7567=ORIENTED_EDGE('',*,*,#5247,.F.);
#7568=ORIENTED_EDGE('',*,*,#5259,.T.);
#7569=ORIENTED_EDGE('',*,*,#5243,.F.);
#7570=ORIENTED_EDGE('',*,*,#5260,.T.);
#7571=ORIENTED_EDGE('',*,*,#5251,.F.);
#7572=ORIENTED_EDGE('',*,*,#5257,.F.);
#7573=ORIENTED_EDGE('',*,*,#5255,.F.);
#7574=ORIENTED_EDGE('',*,*,#5248,.F.);
#7575=ORIENTED_EDGE('',*,*,#5261,.T.);
#7576=ORIENTED_EDGE('',*,*,#5262,.T.);
#7577=ORIENTED_EDGE('',*,*,#5263,.T.);
#7578=ORIENTED_EDGE('',*,*,#5264,.F.);
#7579=ORIENTED_EDGE('',*,*,#5265,.T.);
#7580=ORIENTED_EDGE('',*,*,#5244,.F.);
#7581=ORIENTED_EDGE('',*,*,#5266,.F.);
#7582=ORIENTED_EDGE('',*,*,#5267,.F.);
#7583=ORIENTED_EDGE('',*,*,#5268,.F.);
#7584=ORIENTED_EDGE('',*,*,#5259,.F.);
#7585=ORIENTED_EDGE('',*,*,#5250,.F.);
#7586=ORIENTED_EDGE('',*,*,#5269,.T.);
#7587=ORIENTED_EDGE('',*,*,#5270,.T.);
#7588=ORIENTED_EDGE('',*,*,#5266,.T.);
#7589=ORIENTED_EDGE('',*,*,#5271,.F.);
#7590=ORIENTED_EDGE('',*,*,#5267,.T.);
#7591=ORIENTED_EDGE('',*,*,#5270,.F.);
#7592=ORIENTED_EDGE('',*,*,#5272,.T.);
#7593=ORIENTED_EDGE('',*,*,#5246,.F.);
#7594=ORIENTED_EDGE('',*,*,#5268,.T.);
#7595=ORIENTED_EDGE('',*,*,#5271,.T.);
#7596=ORIENTED_EDGE('',*,*,#5273,.T.);
#7597=ORIENTED_EDGE('',*,*,#5256,.F.);
#7598=ORIENTED_EDGE('',*,*,#5254,.F.);
#7599=ORIENTED_EDGE('',*,*,#5273,.F.);
#7600=ORIENTED_EDGE('',*,*,#5272,.F.);
#7601=ORIENTED_EDGE('',*,*,#5269,.F.);
#7602=ORIENTED_EDGE('',*,*,#5274,.T.);
#7603=ORIENTED_EDGE('',*,*,#5275,.T.);
#7604=ORIENTED_EDGE('',*,*,#5276,.T.);
#7605=ORIENTED_EDGE('',*,*,#5277,.T.);
#7606=ORIENTED_EDGE('',*,*,#5278,.T.);
#7607=ORIENTED_EDGE('',*,*,#5275,.F.);
#7608=ORIENTED_EDGE('',*,*,#5279,.T.);
#7609=ORIENTED_EDGE('',*,*,#5280,.F.);
#7610=ORIENTED_EDGE('',*,*,#5281,.T.);
#7611=ORIENTED_EDGE('',*,*,#5274,.F.);
#7612=ORIENTED_EDGE('',*,*,#5282,.F.);
#7613=ORIENTED_EDGE('',*,*,#5283,.T.);
#7614=ORIENTED_EDGE('',*,*,#5284,.F.);
#7615=ORIENTED_EDGE('',*,*,#5285,.F.);
#7616=ORIENTED_EDGE('',*,*,#5279,.F.);
#7617=ORIENTED_EDGE('',*,*,#5278,.F.);
#7618=ORIENTED_EDGE('',*,*,#5286,.T.);
#7619=ORIENTED_EDGE('',*,*,#5287,.T.);
#7620=ORIENTED_EDGE('',*,*,#5282,.T.);
#7621=ORIENTED_EDGE('',*,*,#5288,.T.);
#7622=ORIENTED_EDGE('',*,*,#5280,.T.);
#7623=ORIENTED_EDGE('',*,*,#5285,.T.);
#7624=ORIENTED_EDGE('',*,*,#5289,.T.);
#7625=ORIENTED_EDGE('',*,*,#5290,.T.);
#7626=ORIENTED_EDGE('',*,*,#5276,.F.);
#7627=ORIENTED_EDGE('',*,*,#5281,.F.);
#7628=ORIENTED_EDGE('',*,*,#5288,.F.);
#7629=ORIENTED_EDGE('',*,*,#5291,.F.);
#7630=ORIENTED_EDGE('',*,*,#5292,.T.);
#7631=ORIENTED_EDGE('',*,*,#5293,.F.);
#7632=ORIENTED_EDGE('',*,*,#5290,.F.);
#7633=ORIENTED_EDGE('',*,*,#5294,.F.);
#7634=ORIENTED_EDGE('',*,*,#5295,.F.);
#7635=ORIENTED_EDGE('',*,*,#5296,.F.);
#7636=ORIENTED_EDGE('',*,*,#5297,.F.);
#7637=ORIENTED_EDGE('',*,*,#5298,.F.);
#7638=ORIENTED_EDGE('',*,*,#5299,.F.);
#7639=ORIENTED_EDGE('',*,*,#5300,.F.);
#7640=ORIENTED_EDGE('',*,*,#5301,.F.);
#7641=ORIENTED_EDGE('',*,*,#5302,.T.);
#7642=ORIENTED_EDGE('',*,*,#5291,.T.);
#7643=ORIENTED_EDGE('',*,*,#5303,.T.);
#7644=ORIENTED_EDGE('',*,*,#5304,.T.);
#7645=ORIENTED_EDGE('',*,*,#5305,.T.);
#7646=ORIENTED_EDGE('',*,*,#5306,.F.);
#7647=ORIENTED_EDGE('',*,*,#5289,.F.);
#7648=ORIENTED_EDGE('',*,*,#5284,.T.);
#7649=ORIENTED_EDGE('',*,*,#5307,.T.);
#7650=ORIENTED_EDGE('',*,*,#5294,.T.);
#7651=ORIENTED_EDGE('',*,*,#5287,.F.);
#7652=ORIENTED_EDGE('',*,*,#5308,.T.);
#7653=ORIENTED_EDGE('',*,*,#5309,.F.);
#7654=ORIENTED_EDGE('',*,*,#5310,.T.);
#7655=ORIENTED_EDGE('',*,*,#5277,.F.);
#7656=ORIENTED_EDGE('',*,*,#5293,.T.);
#7657=ORIENTED_EDGE('',*,*,#5311,.T.);
#7658=ORIENTED_EDGE('',*,*,#5312,.F.);
#7659=ORIENTED_EDGE('',*,*,#5313,.F.);
#7660=ORIENTED_EDGE('',*,*,#5314,.F.);
#7661=ORIENTED_EDGE('',*,*,#5315,.F.);
#7662=ORIENTED_EDGE('',*,*,#5316,.F.);
#7663=ORIENTED_EDGE('',*,*,#5317,.F.);
#7664=ORIENTED_EDGE('',*,*,#5308,.F.);
#7665=ORIENTED_EDGE('',*,*,#5286,.F.);
#7666=ORIENTED_EDGE('',*,*,#5318,.T.);
#7667=ORIENTED_EDGE('',*,*,#5319,.T.);
#7668=ORIENTED_EDGE('',*,*,#5320,.T.);
#7669=ORIENTED_EDGE('',*,*,#5321,.F.);
#7670=ORIENTED_EDGE('',*,*,#5322,.T.);
#7671=ORIENTED_EDGE('',*,*,#5301,.T.);
#7672=ORIENTED_EDGE('',*,*,#5323,.T.);
#7673=ORIENTED_EDGE('',*,*,#5324,.T.);
#7674=ORIENTED_EDGE('',*,*,#5325,.T.);
#7675=ORIENTED_EDGE('',*,*,#5326,.F.);
#7676=ORIENTED_EDGE('',*,*,#5307,.F.);
#7677=ORIENTED_EDGE('',*,*,#5327,.T.);
#7678=ORIENTED_EDGE('',*,*,#5328,.F.);
#7679=ORIENTED_EDGE('',*,*,#5295,.T.);
#7680=ORIENTED_EDGE('',*,*,#5283,.F.);
#7681=ORIENTED_EDGE('',*,*,#5310,.F.);
#7682=ORIENTED_EDGE('',*,*,#5329,.F.);
#7683=ORIENTED_EDGE('',*,*,#5327,.F.);
#7684=ORIENTED_EDGE('',*,*,#5330,.T.);
#7685=ORIENTED_EDGE('',*,*,#5331,.T.);
#7686=ORIENTED_EDGE('',*,*,#5309,.T.);
#7687=ORIENTED_EDGE('',*,*,#5317,.T.);
#7688=ORIENTED_EDGE('',*,*,#5330,.F.);
#7689=ORIENTED_EDGE('',*,*,#5316,.T.);
#7690=ORIENTED_EDGE('',*,*,#5332,.T.);
#7691=ORIENTED_EDGE('',*,*,#5333,.T.);
#7692=ORIENTED_EDGE('',*,*,#5334,.T.);
#7693=ORIENTED_EDGE('',*,*,#5335,.T.);
#7694=ORIENTED_EDGE('',*,*,#5332,.F.);
#7695=ORIENTED_EDGE('',*,*,#5315,.T.);
#7696=ORIENTED_EDGE('',*,*,#5334,.F.);
#7697=ORIENTED_EDGE('',*,*,#5314,.T.);
#7698=ORIENTED_EDGE('',*,*,#5336,.T.);
#7699=ORIENTED_EDGE('',*,*,#5181,.T.);
#7700=ORIENTED_EDGE('',*,*,#5337,.T.);
#7701=ORIENTED_EDGE('',*,*,#5182,.T.);
#7702=ORIENTED_EDGE('',*,*,#5336,.F.);
#7703=ORIENTED_EDGE('',*,*,#5338,.T.);
#7704=ORIENTED_EDGE('',*,*,#5339,.F.);
#7705=ORIENTED_EDGE('',*,*,#5331,.F.);
#7706=ORIENTED_EDGE('',*,*,#5340,.T.);
#7707=ORIENTED_EDGE('',*,*,#5341,.T.);
#7708=ORIENTED_EDGE('',*,*,#5342,.T.);
#7709=ORIENTED_EDGE('',*,*,#5343,.T.);
#7710=ORIENTED_EDGE('',*,*,#5344,.T.);
#7711=ORIENTED_EDGE('',*,*,#5345,.F.);
#7712=ORIENTED_EDGE('',*,*,#5329,.T.);
#7713=ORIENTED_EDGE('',*,*,#5346,.T.);
#7714=ORIENTED_EDGE('',*,*,#5299,.T.);
#7715=ORIENTED_EDGE('',*,*,#5347,.T.);
#7716=ORIENTED_EDGE('',*,*,#5173,.T.);
#7717=ORIENTED_EDGE('',*,*,#5348,.T.);
#7718=ORIENTED_EDGE('',*,*,#5349,.T.);
#7719=ORIENTED_EDGE('',*,*,#5347,.F.);
#7720=ORIENTED_EDGE('',*,*,#5298,.T.);
#7721=ORIENTED_EDGE('',*,*,#5350,.F.);
#7722=ORIENTED_EDGE('',*,*,#5351,.T.);
#7723=ORIENTED_EDGE('',*,*,#5346,.F.);
#7724=ORIENTED_EDGE('',*,*,#5172,.T.);
#7725=ORIENTED_EDGE('',*,*,#5220,.F.);
#7726=ORIENTED_EDGE('',*,*,#5352,.T.);
#7727=ORIENTED_EDGE('',*,*,#5353,.T.);
#7728=ORIENTED_EDGE('',*,*,#5348,.F.);
#7729=ORIENTED_EDGE('',*,*,#5297,.T.);
#7730=ORIENTED_EDGE('',*,*,#5328,.T.);
#7731=ORIENTED_EDGE('',*,*,#5345,.T.);
#7732=ORIENTED_EDGE('',*,*,#5352,.F.);
#7733=ORIENTED_EDGE('',*,*,#5296,.T.);
#7734=ORIENTED_EDGE('',*,*,#5351,.F.);
#7735=ORIENTED_EDGE('',*,*,#5354,.T.);
#7736=ORIENTED_EDGE('',*,*,#5323,.F.);
#7737=ORIENTED_EDGE('',*,*,#5300,.T.);
#7738=ORIENTED_EDGE('',*,*,#5219,.F.);
#7739=ORIENTED_EDGE('',*,*,#5355,.F.);
#7740=ORIENTED_EDGE('',*,*,#5324,.F.);
#7741=ORIENTED_EDGE('',*,*,#5354,.F.);
#7742=ORIENTED_EDGE('',*,*,#5350,.T.);
#7743=ORIENTED_EDGE('',*,*,#5335,.F.);
#7744=ORIENTED_EDGE('',*,*,#5180,.T.);
#7745=ORIENTED_EDGE('',*,*,#5356,.T.);
#7746=ORIENTED_EDGE('',*,*,#5357,.T.);
#7747=ORIENTED_EDGE('',*,*,#5358,.T.);
#7748=ORIENTED_EDGE('',*,*,#5359,.T.);
#7749=ORIENTED_EDGE('',*,*,#5360,.T.);
#7750=ORIENTED_EDGE('',*,*,#5361,.T.);
#7751=ORIENTED_EDGE('',*,*,#5333,.F.);
#7752=ORIENTED_EDGE('',*,*,#5361,.F.);
#7753=ORIENTED_EDGE('',*,*,#5362,.T.);
#7754=ORIENTED_EDGE('',*,*,#5340,.F.);
#7755=ORIENTED_EDGE('',*,*,#5360,.F.);
#7756=ORIENTED_EDGE('',*,*,#5363,.F.);
#7757=ORIENTED_EDGE('',*,*,#5364,.F.);
#7758=ORIENTED_EDGE('',*,*,#5365,.T.);
#7759=ORIENTED_EDGE('',*,*,#5343,.F.);
#7760=ORIENTED_EDGE('',*,*,#5366,.T.);
#7761=ORIENTED_EDGE('',*,*,#5341,.F.);
#7762=ORIENTED_EDGE('',*,*,#5362,.F.);
#7763=ORIENTED_EDGE('',*,*,#5349,.F.);
#7764=ORIENTED_EDGE('',*,*,#5367,.T.);
#7765=ORIENTED_EDGE('',*,*,#5364,.T.);
#7766=ORIENTED_EDGE('',*,*,#5368,.T.);
#7767=ORIENTED_EDGE('',*,*,#5369,.T.);
#7768=ORIENTED_EDGE('',*,*,#5370,.T.);
#7769=ORIENTED_EDGE('',*,*,#5371,.T.);
#7770=ORIENTED_EDGE('',*,*,#5174,.T.);
#7771=ORIENTED_EDGE('',*,*,#5357,.F.);
#7772=ORIENTED_EDGE('',*,*,#5372,.T.);
#7773=ORIENTED_EDGE('',*,*,#5370,.F.);
#7774=ORIENTED_EDGE('',*,*,#5373,.T.);
#7775=ORIENTED_EDGE('',*,*,#5368,.F.);
#7776=ORIENTED_EDGE('',*,*,#5363,.T.);
#7777=ORIENTED_EDGE('',*,*,#5359,.F.);
#7778=ORIENTED_EDGE('',*,*,#5374,.T.);
#7779=ORIENTED_EDGE('',*,*,#5353,.F.);
#7780=ORIENTED_EDGE('',*,*,#5344,.F.);
#7781=ORIENTED_EDGE('',*,*,#5365,.F.);
#7782=ORIENTED_EDGE('',*,*,#5367,.F.);
#7783=ORIENTED_EDGE('',*,*,#5338,.F.);
#7784=ORIENTED_EDGE('',*,*,#5313,.T.);
#7785=ORIENTED_EDGE('',*,*,#5375,.T.);
#7786=ORIENTED_EDGE('',*,*,#5376,.T.);
#7787=ORIENTED_EDGE('',*,*,#5377,.T.);
#7788=ORIENTED_EDGE('',*,*,#5378,.T.);
#7789=ORIENTED_EDGE('',*,*,#5379,.T.);
#7790=ORIENTED_EDGE('',*,*,#5380,.T.);
#7791=ORIENTED_EDGE('',*,*,#5375,.F.);
#7792=ORIENTED_EDGE('',*,*,#5312,.T.);
#7793=ORIENTED_EDGE('',*,*,#5339,.T.);
#7794=ORIENTED_EDGE('',*,*,#5376,.F.);
#7795=ORIENTED_EDGE('',*,*,#5380,.F.);
#7796=ORIENTED_EDGE('',*,*,#5381,.F.);
#7797=ORIENTED_EDGE('',*,*,#5382,.F.);
#7798=ORIENTED_EDGE('',*,*,#5379,.F.);
#7799=ORIENTED_EDGE('',*,*,#5383,.T.);
#7800=ORIENTED_EDGE('',*,*,#5384,.F.);
#7801=ORIENTED_EDGE('',*,*,#5381,.T.);
#7802=ORIENTED_EDGE('',*,*,#5325,.F.);
#7803=ORIENTED_EDGE('',*,*,#5355,.T.);
#7804=ORIENTED_EDGE('',*,*,#5239,.T.);
#7805=ORIENTED_EDGE('',*,*,#5170,.T.);
#7806=ORIENTED_EDGE('',*,*,#5385,.T.);
#7807=ORIENTED_EDGE('',*,*,#5386,.T.);
#7808=ORIENTED_EDGE('',*,*,#5177,.T.);
#7809=ORIENTED_EDGE('',*,*,#5356,.F.);
#7810=ORIENTED_EDGE('',*,*,#5179,.T.);
#7811=ORIENTED_EDGE('',*,*,#5387,.T.);
#7812=ORIENTED_EDGE('',*,*,#5175,.F.);
#7813=ORIENTED_EDGE('',*,*,#5371,.F.);
#7814=ORIENTED_EDGE('',*,*,#5372,.F.);
#7815=ORIENTED_EDGE('',*,*,#5386,.F.);
#7816=ORIENTED_EDGE('',*,*,#5176,.F.);
#7817=ORIENTED_EDGE('',*,*,#5387,.F.);
#7818=ORIENTED_EDGE('',*,*,#5178,.T.);
#7819=ORIENTED_EDGE('',*,*,#5342,.F.);
#7820=ORIENTED_EDGE('',*,*,#5366,.F.);
#7821=ORIENTED_EDGE('',*,*,#5245,.F.);
#7822=ORIENTED_EDGE('',*,*,#5258,.F.);
#7823=ORIENTED_EDGE('',*,*,#5265,.F.);
#7824=ORIENTED_EDGE('',*,*,#5388,.F.);
#7825=ORIENTED_EDGE('',*,*,#5389,.F.);
#7826=ORIENTED_EDGE('',*,*,#5390,.F.);
#7827=ORIENTED_EDGE('',*,*,#5391,.F.);
#7828=ORIENTED_EDGE('',*,*,#5392,.F.);
#7829=ORIENTED_EDGE('',*,*,#5383,.F.);
#7830=ORIENTED_EDGE('',*,*,#5378,.F.);
#7831=ORIENTED_EDGE('',*,*,#5377,.F.);
#7832=ORIENTED_EDGE('',*,*,#5311,.F.);
#7833=ORIENTED_EDGE('',*,*,#5292,.F.);
#7834=ORIENTED_EDGE('',*,*,#5302,.F.);
#7835=ORIENTED_EDGE('',*,*,#5322,.F.);
#7836=ORIENTED_EDGE('',*,*,#5326,.T.);
#7837=ORIENTED_EDGE('',*,*,#5385,.F.);
#7838=ORIENTED_EDGE('',*,*,#5169,.F.);
#7839=ORIENTED_EDGE('',*,*,#5393,.F.);
#7840=ORIENTED_EDGE('',*,*,#5394,.F.);
#7841=ORIENTED_EDGE('',*,*,#5395,.F.);
#7842=ORIENTED_EDGE('',*,*,#5261,.F.);
#7843=ORIENTED_EDGE('',*,*,#5252,.F.);
#7844=ORIENTED_EDGE('',*,*,#5260,.F.);
#7845=ORIENTED_EDGE('',*,*,#5396,.T.);
#7846=ORIENTED_EDGE('',*,*,#5397,.T.);
#7847=ORIENTED_EDGE('',*,*,#5398,.T.);
#7848=ORIENTED_EDGE('',*,*,#5399,.T.);
#7849=ORIENTED_EDGE('',*,*,#5400,.T.);
#7850=ORIENTED_EDGE('',*,*,#5401,.T.);
#7851=ORIENTED_EDGE('',*,*,#5306,.T.);
#7852=ORIENTED_EDGE('',*,*,#5400,.F.);
#7853=ORIENTED_EDGE('',*,*,#5402,.T.);
#7854=ORIENTED_EDGE('',*,*,#5403,.F.);
#7855=ORIENTED_EDGE('',*,*,#5404,.F.);
#7856=ORIENTED_EDGE('',*,*,#5405,.T.);
#7857=ORIENTED_EDGE('',*,*,#5403,.T.);
#7858=ORIENTED_EDGE('',*,*,#5406,.T.);
#7859=ORIENTED_EDGE('',*,*,#5321,.T.);
#7860=ORIENTED_EDGE('',*,*,#5369,.F.);
#7861=ORIENTED_EDGE('',*,*,#5373,.F.);
#7862=ORIENTED_EDGE('',*,*,#5358,.F.);
#7863=ORIENTED_EDGE('',*,*,#5374,.F.);
#7864=ORIENTED_EDGE('',*,*,#5303,.F.);
#7865=ORIENTED_EDGE('',*,*,#5401,.F.);
#7866=ORIENTED_EDGE('',*,*,#5404,.T.);
#7867=ORIENTED_EDGE('',*,*,#5405,.F.);
#7868=ORIENTED_EDGE('',*,*,#5320,.F.);
#7869=ORIENTED_EDGE('',*,*,#5407,.F.);
#7870=ORIENTED_EDGE('',*,*,#5305,.F.);
#7871=ORIENTED_EDGE('',*,*,#5408,.T.);
#7872=ORIENTED_EDGE('',*,*,#5318,.F.);
#7873=ORIENTED_EDGE('',*,*,#5406,.F.);
#7874=ORIENTED_EDGE('',*,*,#5402,.F.);
#7875=ORIENTED_EDGE('',*,*,#5399,.F.);
#7876=ORIENTED_EDGE('',*,*,#5304,.F.);
#7877=ORIENTED_EDGE('',*,*,#5407,.T.);
#7878=ORIENTED_EDGE('',*,*,#5319,.F.);
#7879=ORIENTED_EDGE('',*,*,#5408,.F.);
#7880=ORIENTED_EDGE('',*,*,#5409,.T.);
#7881=ORIENTED_EDGE('',*,*,#5410,.T.);
#7882=ORIENTED_EDGE('',*,*,#5390,.T.);
#7883=ORIENTED_EDGE('',*,*,#5411,.F.);
#7884=ORIENTED_EDGE('',*,*,#5412,.T.);
#7885=ORIENTED_EDGE('',*,*,#5413,.F.);
#7886=ORIENTED_EDGE('',*,*,#5391,.T.);
#7887=ORIENTED_EDGE('',*,*,#5410,.F.);
#7888=ORIENTED_EDGE('',*,*,#5409,.F.);
#7889=ORIENTED_EDGE('',*,*,#5414,.T.);
#7890=ORIENTED_EDGE('',*,*,#5415,.T.);
#7891=ORIENTED_EDGE('',*,*,#5416,.T.);
#7892=ORIENTED_EDGE('',*,*,#5417,.T.);
#7893=ORIENTED_EDGE('',*,*,#5418,.F.);
#7894=ORIENTED_EDGE('',*,*,#5393,.T.);
#7895=ORIENTED_EDGE('',*,*,#5168,.F.);
#7896=ORIENTED_EDGE('',*,*,#5419,.T.);
#7897=ORIENTED_EDGE('',*,*,#5416,.F.);
#7898=ORIENTED_EDGE('',*,*,#5415,.F.);
#7899=ORIENTED_EDGE('',*,*,#5420,.T.);
#7900=ORIENTED_EDGE('',*,*,#5204,.T.);
#7901=ORIENTED_EDGE('',*,*,#5421,.T.);
#7902=ORIENTED_EDGE('',*,*,#5422,.T.);
#7903=ORIENTED_EDGE('',*,*,#5423,.T.);
#7904=ORIENTED_EDGE('',*,*,#5424,.T.);
#7905=ORIENTED_EDGE('',*,*,#5421,.F.);
#7906=ORIENTED_EDGE('',*,*,#5205,.T.);
#7907=ORIENTED_EDGE('',*,*,#5423,.F.);
#7908=ORIENTED_EDGE('',*,*,#5424,.F.);
#7909=ORIENTED_EDGE('',*,*,#5425,.T.);
#7910=ORIENTED_EDGE('',*,*,#5396,.F.);
#7911=ORIENTED_EDGE('',*,*,#5242,.F.);
#7912=ORIENTED_EDGE('',*,*,#5398,.F.);
#7913=ORIENTED_EDGE('',*,*,#5426,.F.);
#7914=ORIENTED_EDGE('',*,*,#5427,.T.);
#7915=ORIENTED_EDGE('',*,*,#5384,.T.);
#7916=ORIENTED_EDGE('',*,*,#5392,.T.);
#7917=ORIENTED_EDGE('',*,*,#5413,.T.);
#7918=ORIENTED_EDGE('',*,*,#5337,.F.);
#7919=ORIENTED_EDGE('',*,*,#5382,.T.);
#7920=ORIENTED_EDGE('',*,*,#5427,.F.);
#7921=ORIENTED_EDGE('',*,*,#5428,.F.);
#7922=ORIENTED_EDGE('',*,*,#5183,.T.);
#7923=ORIENTED_EDGE('',*,*,#5429,.T.);
#7924=ORIENTED_EDGE('',*,*,#5233,.T.);
#7925=ORIENTED_EDGE('',*,*,#5430,.T.);
#7926=ORIENTED_EDGE('',*,*,#5388,.T.);
#7927=ORIENTED_EDGE('',*,*,#5264,.T.);
#7928=ORIENTED_EDGE('',*,*,#5431,.T.);
#7929=ORIENTED_EDGE('',*,*,#5432,.T.);
#7930=ORIENTED_EDGE('',*,*,#5394,.T.);
#7931=ORIENTED_EDGE('',*,*,#5418,.T.);
#7932=ORIENTED_EDGE('',*,*,#5395,.T.);
#7933=ORIENTED_EDGE('',*,*,#5432,.F.);
#7934=ORIENTED_EDGE('',*,*,#5433,.T.);
#7935=ORIENTED_EDGE('',*,*,#5262,.F.);
#7936=ORIENTED_EDGE('',*,*,#5389,.T.);
#7937=ORIENTED_EDGE('',*,*,#5430,.F.);
#7938=ORIENTED_EDGE('',*,*,#5232,.T.);
#7939=ORIENTED_EDGE('',*,*,#5235,.T.);
#7940=ORIENTED_EDGE('',*,*,#5411,.T.);
#7941=ORIENTED_EDGE('',*,*,#5209,.F.);
#7942=ORIENTED_EDGE('',*,*,#5429,.F.);
#7943=ORIENTED_EDGE('',*,*,#5434,.F.);
#7944=ORIENTED_EDGE('',*,*,#5191,.T.);
#7945=ORIENTED_EDGE('',*,*,#5263,.F.);
#7946=ORIENTED_EDGE('',*,*,#5435,.F.);
#7947=ORIENTED_EDGE('',*,*,#5192,.T.);
#7948=ORIENTED_EDGE('',*,*,#5434,.T.);
#7949=ORIENTED_EDGE('',*,*,#5433,.F.);
#7950=ORIENTED_EDGE('',*,*,#5436,.F.);
#7951=ORIENTED_EDGE('',*,*,#5193,.T.);
#7952=ORIENTED_EDGE('',*,*,#5435,.T.);
#7953=ORIENTED_EDGE('',*,*,#5431,.F.);
#7954=ORIENTED_EDGE('',*,*,#5437,.F.);
#7955=ORIENTED_EDGE('',*,*,#5194,.T.);
#7956=ORIENTED_EDGE('',*,*,#5436,.T.);
#7957=ORIENTED_EDGE('',*,*,#5438,.F.);
#7958=ORIENTED_EDGE('',*,*,#5439,.T.);
#7959=ORIENTED_EDGE('',*,*,#5414,.F.);
#7960=ORIENTED_EDGE('',*,*,#5440,.T.);
#7961=ORIENTED_EDGE('',*,*,#5439,.F.);
#7962=ORIENTED_EDGE('',*,*,#5440,.F.);
#7963=ORIENTED_EDGE('',*,*,#5412,.F.);
#7964=ORIENTED_EDGE('',*,*,#5234,.F.);
#7965=ORIENTED_EDGE('',*,*,#5184,.T.);
#7966=ORIENTED_EDGE('',*,*,#5428,.T.);
#7967=ORIENTED_EDGE('',*,*,#5441,.F.);
#7968=ORIENTED_EDGE('',*,*,#5442,.T.);
#7969=ORIENTED_EDGE('',*,*,#5420,.F.);
#7970=ORIENTED_EDGE('',*,*,#5443,.T.);
#7971=ORIENTED_EDGE('',*,*,#5442,.F.);
#7972=ORIENTED_EDGE('',*,*,#5443,.F.);
#7973=ORIENTED_EDGE('',*,*,#5422,.F.);
#7974=ORIENTED_EDGE('',*,*,#5426,.T.);
#7975=ORIENTED_EDGE('',*,*,#5397,.F.);
#7976=ORIENTED_EDGE('',*,*,#5425,.F.);
#7977=ORIENTED_EDGE('',*,*,#5441,.T.);
#7978=ORIENTED_EDGE('',*,*,#5444,.T.);
#7979=ORIENTED_EDGE('',*,*,#5202,.T.);
#7980=ORIENTED_EDGE('',*,*,#5444,.F.);
#7981=ORIENTED_EDGE('',*,*,#5438,.T.);
#7982=ORIENTED_EDGE('',*,*,#5445,.T.);
#7983=ORIENTED_EDGE('',*,*,#5203,.T.);
#7984=ORIENTED_EDGE('',*,*,#5445,.F.);
#7985=ORIENTED_EDGE('',*,*,#5419,.F.);
#7986=ORIENTED_EDGE('',*,*,#5240,.F.);
#7987=ORIENTED_EDGE('',*,*,#5195,.T.);
#7988=ORIENTED_EDGE('',*,*,#5437,.T.);
#7989=ORIENTED_EDGE('',*,*,#5417,.F.);
#7990=CYLINDRICAL_SURFACE('',#8672,2.);
#7991=CYLINDRICAL_SURFACE('',#8676,2.);
#7992=CYLINDRICAL_SURFACE('',#8680,2.);
#7993=CYLINDRICAL_SURFACE('',#8684,2.);
#7994=CYLINDRICAL_SURFACE('',#8687,1.75);
#7995=CYLINDRICAL_SURFACE('',#8690,3.75);
#7996=CYLINDRICAL_SURFACE('',#8696,1.75);
#7997=CYLINDRICAL_SURFACE('',#8699,3.75);
#7998=CYLINDRICAL_SURFACE('',#8706,1.75);
#7999=CYLINDRICAL_SURFACE('',#8710,3.75);
#8000=CYLINDRICAL_SURFACE('',#8731,0.8);
#8001=CYLINDRICAL_SURFACE('',#8741,3.);
#8002=CYLINDRICAL_SURFACE('',#8756,5.);
#8003=CYLINDRICAL_SURFACE('',#8757,18.38);
#8004=CYLINDRICAL_SURFACE('',#8769,1.);
#8005=CYLINDRICAL_SURFACE('',#8775,1.);
#8006=CYLINDRICAL_SURFACE('',#8780,3.);
#8007=CYLINDRICAL_SURFACE('',#8784,3.);
#8008=CYLINDRICAL_SURFACE('',#8789,1.);
#8009=CYLINDRICAL_SURFACE('',#8792,1.);
#8010=CYLINDRICAL_SURFACE('',#8799,18.2);
#8011=CYLINDRICAL_SURFACE('',#8801,0.6);
#8012=CYLINDRICAL_SURFACE('',#8805,3.);
#8013=CYLINDRICAL_SURFACE('',#8811,3.);
#8014=CYLINDRICAL_SURFACE('',#8818,5.);
#8015=CYLINDRICAL_SURFACE('',#8819,18.38);
#8016=CYLINDRICAL_SURFACE('',#8829,3.);
#8017=CYLINDRICAL_SURFACE('',#8830,3.);
#8018=CYLINDRICAL_SURFACE('',#8832,0.8);
#8019=CYLINDRICAL_SURFACE('',#8835,0.8);
#8020=CYLINDRICAL_SURFACE('',#8848,18.2);
#8021=CYLINDRICAL_SURFACE('',#8849,0.8);
#8022=CYLINDRICAL_SURFACE('',#8850,0.8);
#8023=CYLINDRICAL_SURFACE('',#8852,0.8);
#8024=CYLINDRICAL_SURFACE('',#8854,0.6);
#8025=CYLINDRICAL_SURFACE('',#8856,0.6);
#8026=CYLINDRICAL_SURFACE('',#8858,0.6);
#8027=CYLINDRICAL_SURFACE('',#8903,1.75);
#8028=CYLINDRICAL_SURFACE('',#8904,4.25);
#8029=CYLINDRICAL_SURFACE('',#8908,1.75);
#8030=CYLINDRICAL_SURFACE('',#8909,13.38);
#8031=CYLINDRICAL_SURFACE('',#8910,2.25);
#8032=CYLINDRICAL_SURFACE('',#8911,2.25);
#8033=CYLINDRICAL_SURFACE('',#8912,4.25);
#8034=CYLINDRICAL_SURFACE('',#8932,2.);
#8035=CYLINDRICAL_SURFACE('',#8935,2.);
#8036=CYLINDRICAL_SURFACE('',#8938,2.);
#8037=CYLINDRICAL_SURFACE('',#8941,2.);
#8038=CYLINDRICAL_SURFACE('',#8944,3.75);
#8039=CYLINDRICAL_SURFACE('',#8947,3.75);
#8040=CYLINDRICAL_SURFACE('',#8952,1.75);
#8041=CYLINDRICAL_SURFACE('',#8954,3.75);
#8042=CYLINDRICAL_SURFACE('',#8959,1.75);
#8043=CYLINDRICAL_SURFACE('',#8961,3.75);
#8044=CYLINDRICAL_SURFACE('',#8980,0.8);
#8045=CYLINDRICAL_SURFACE('',#8990,3.);
#8046=CYLINDRICAL_SURFACE('',#9004,5.);
#8047=CYLINDRICAL_SURFACE('',#9005,18.38);
#8048=CYLINDRICAL_SURFACE('',#9011,1.);
#8049=CYLINDRICAL_SURFACE('',#9017,1.);
#8050=CYLINDRICAL_SURFACE('',#9022,3.);
#8051=CYLINDRICAL_SURFACE('',#9026,3.);
#8052=CYLINDRICAL_SURFACE('',#9031,1.);
#8053=CYLINDRICAL_SURFACE('',#9034,1.);
#8054=CYLINDRICAL_SURFACE('',#9041,18.2);
#8055=CYLINDRICAL_SURFACE('',#9043,0.6);
#8056=CYLINDRICAL_SURFACE('',#9047,3.);
#8057=CYLINDRICAL_SURFACE('',#9053,3.);
#8058=CYLINDRICAL_SURFACE('',#9060,5.);
#8059=CYLINDRICAL_SURFACE('',#9061,18.38);
#8060=CYLINDRICAL_SURFACE('',#9071,3.);
#8061=CYLINDRICAL_SURFACE('',#9072,3.);
#8062=CYLINDRICAL_SURFACE('',#9074,0.8);
#8063=CYLINDRICAL_SURFACE('',#9077,0.8);
#8064=CYLINDRICAL_SURFACE('',#9090,18.2);
#8065=CYLINDRICAL_SURFACE('',#9091,0.8);
#8066=CYLINDRICAL_SURFACE('',#9092,0.8);
#8067=CYLINDRICAL_SURFACE('',#9094,0.8);
#8068=CYLINDRICAL_SURFACE('',#9096,0.6);
#8069=CYLINDRICAL_SURFACE('',#9098,0.6);
#8070=CYLINDRICAL_SURFACE('',#9100,0.6);
#8071=CYLINDRICAL_SURFACE('',#9139,18.38);
#8072=CYLINDRICAL_SURFACE('',#9141,18.38);
#8073=CYLINDRICAL_SURFACE('',#9147,1.75);
#8074=CYLINDRICAL_SURFACE('',#9148,4.25);
#8075=CYLINDRICAL_SURFACE('',#9152,1.75);
#8076=CYLINDRICAL_SURFACE('',#9153,13.38);
#8077=CYLINDRICAL_SURFACE('',#9154,2.25);
#8078=CYLINDRICAL_SURFACE('',#9155,2.25);
#8079=CYLINDRICAL_SURFACE('',#9156,4.25);
#8080=CYLINDRICAL_SURFACE('',#9158,3.);
#8081=CYLINDRICAL_SURFACE('',#9162,3.);
#8082=CYLINDRICAL_SURFACE('',#9166,3.);
#8083=CYLINDRICAL_SURFACE('',#9169,3.);
#8084=CYLINDRICAL_SURFACE('',#9173,1.75);
#8085=CYLINDRICAL_SURFACE('',#9176,3.75);
#8086=CYLINDRICAL_SURFACE('',#9182,1.75);
#8087=CYLINDRICAL_SURFACE('',#9185,3.75);
#8088=CYLINDRICAL_SURFACE('',#9191,2.);
#8089=CYLINDRICAL_SURFACE('',#9200,2.);
#8090=CYLINDRICAL_SURFACE('',#9209,1.);
#8091=CYLINDRICAL_SURFACE('',#9213,1.);
#8092=CYLINDRICAL_SURFACE('',#9240,3.);
#8093=CYLINDRICAL_SURFACE('',#9250,5.);
#8094=CYLINDRICAL_SURFACE('',#9251,18.38);
#8095=CYLINDRICAL_SURFACE('',#9260,3.);
#8096=CYLINDRICAL_SURFACE('',#9266,3.);
#8097=CYLINDRICAL_SURFACE('',#9273,5.);
#8098=CYLINDRICAL_SURFACE('',#9274,18.38);
#8099=CYLINDRICAL_SURFACE('',#9284,3.);
#8100=CYLINDRICAL_SURFACE('',#9285,3.);
#8101=CYLINDRICAL_SURFACE('',#9329,18.38);
#8102=CYLINDRICAL_SURFACE('',#9334,1.75);
#8103=CYLINDRICAL_SURFACE('',#9335,4.25);
#8104=CYLINDRICAL_SURFACE('',#9339,1.75);
#8105=CYLINDRICAL_SURFACE('',#9340,13.38);
#8106=CYLINDRICAL_SURFACE('',#9341,2.25);
#8107=CYLINDRICAL_SURFACE('',#9342,2.25);
#8108=CYLINDRICAL_SURFACE('',#9343,4.25);
#8109=CYLINDRICAL_SURFACE('',#9345,3.75);
#8110=CYLINDRICAL_SURFACE('',#9368,3.);
#8111=CYLINDRICAL_SURFACE('',#9371,3.);
#8112=CYLINDRICAL_SURFACE('',#9374,3.);
#8113=CYLINDRICAL_SURFACE('',#9377,3.);
#8114=CYLINDRICAL_SURFACE('',#9380,1.75);
#8115=CYLINDRICAL_SURFACE('',#9382,3.75);
#8116=CYLINDRICAL_SURFACE('',#9387,1.75);
#8117=CYLINDRICAL_SURFACE('',#9389,3.75);
#8118=CYLINDRICAL_SURFACE('',#9394,2.);
#8119=CYLINDRICAL_SURFACE('',#9403,2.);
#8120=CYLINDRICAL_SURFACE('',#9412,1.);
#8121=CYLINDRICAL_SURFACE('',#9416,1.);
#8122=CYLINDRICAL_SURFACE('',#9442,3.);
#8123=CYLINDRICAL_SURFACE('',#9451,5.);
#8124=CYLINDRICAL_SURFACE('',#9452,18.38);
#8125=CYLINDRICAL_SURFACE('',#9454,3.);
#8126=CYLINDRICAL_SURFACE('',#9460,3.);
#8127=CYLINDRICAL_SURFACE('',#9467,5.);
#8128=CYLINDRICAL_SURFACE('',#9468,18.38);
#8129=CYLINDRICAL_SURFACE('',#9478,3.);
#8130=CYLINDRICAL_SURFACE('',#9479,3.);
#8131=CYLINDRICAL_SURFACE('',#9521,18.38);
#8132=CYLINDRICAL_SURFACE('',#9523,18.38);
#8133=CYLINDRICAL_SURFACE('',#9528,1.75);
#8134=CYLINDRICAL_SURFACE('',#9529,4.25);
#8135=CYLINDRICAL_SURFACE('',#9533,1.75);
#8136=CYLINDRICAL_SURFACE('',#9534,13.38);
#8137=CYLINDRICAL_SURFACE('',#9535,2.25);
#8138=CYLINDRICAL_SURFACE('',#9536,2.25);
#8139=CYLINDRICAL_SURFACE('',#9537,4.25);
#8140=ADVANCED_FACE('',(#700),#7990,.F.);
#8141=ADVANCED_FACE('',(#701),#471,.T.);
#8142=ADVANCED_FACE('',(#702),#7991,.F.);
#8143=ADVANCED_FACE('',(#703),#472,.T.);
#8144=ADVANCED_FACE('',(#704),#7992,.F.);
#8145=ADVANCED_FACE('',(#705),#473,.T.);
#8146=ADVANCED_FACE('',(#706),#7993,.F.);
#8147=ADVANCED_FACE('',(#707),#474,.T.);
#8148=ADVANCED_FACE('',(#708),#7994,.F.);
#8149=ADVANCED_FACE('',(#709),#7995,.T.);
#8150=ADVANCED_FACE('',(#710,#208),#475,.F.);
#8151=ADVANCED_FACE('',(#711),#476,.T.);
#8152=ADVANCED_FACE('',(#712),#7996,.F.);
#8153=ADVANCED_FACE('',(#713),#7997,.T.);
#8154=ADVANCED_FACE('',(#714),#477,.T.);
#8155=ADVANCED_FACE('',(#715,#209),#478,.F.);
#8156=ADVANCED_FACE('',(#716),#479,.T.);
#8157=ADVANCED_FACE('',(#717),#7998,.F.);
#8158=ADVANCED_FACE('',(#718),#480,.T.);
#8159=ADVANCED_FACE('',(#719),#7999,.T.);
#8160=ADVANCED_FACE('',(#720),#481,.T.);
#8161=ADVANCED_FACE('',(#721,#210),#482,.F.);
#8162=ADVANCED_FACE('',(#722),#156,.T.);
#8163=ADVANCED_FACE('',(#723),#483,.T.);
#8164=ADVANCED_FACE('',(#724),#484,.T.);
#8165=ADVANCED_FACE('',(#725),#157,.T.);
#8166=ADVANCED_FACE('',(#726),#485,.T.);
#8167=ADVANCED_FACE('',(#727),#158,.F.);
#8168=ADVANCED_FACE('',(#728,#211),#486,.T.);
#8169=ADVANCED_FACE('',(#729),#487,.T.);
#8170=ADVANCED_FACE('',(#730),#8000,.T.);
#8171=ADVANCED_FACE('',(#731),#488,.T.);
#8172=ADVANCED_FACE('',(#732),#8001,.T.);
#8173=ADVANCED_FACE('',(#733),#489,.T.);
#8174=ADVANCED_FACE('',(#734),#159,.T.);
#8175=ADVANCED_FACE('',(#735),#160,.F.);
#8176=ADVANCED_FACE('',(#736),#490,.T.);
#8177=ADVANCED_FACE('',(#737),#161,.T.);
#8178=ADVANCED_FACE('',(#738),#491,.T.);
#8179=ADVANCED_FACE('',(#739,#212),#492,.T.);
#8180=ADVANCED_FACE('',(#740),#8002,.F.);
#8181=ADVANCED_FACE('',(#741),#8003,.T.);
#8182=ADVANCED_FACE('',(#742,#213,#214,#215,#216,#217,#218),#493,.F.);
#8183=ADVANCED_FACE('',(#743),#59,.F.);
#8184=ADVANCED_FACE('',(#744),#60,.F.);
#8185=ADVANCED_FACE('',(#745),#61,.F.);
#8186=ADVANCED_FACE('',(#746),#62,.F.);
#8187=ADVANCED_FACE('',(#747),#8004,.T.);
#8188=ADVANCED_FACE('',(#748),#63,.F.);
#8189=ADVANCED_FACE('',(#749),#64,.F.);
#8190=ADVANCED_FACE('',(#750),#65,.F.);
#8191=ADVANCED_FACE('',(#751),#8005,.T.);
#8192=ADVANCED_FACE('',(#752),#66,.T.);
#8193=ADVANCED_FACE('',(#753),#8006,.T.);
#8194=ADVANCED_FACE('',(#754),#494,.T.);
#8195=ADVANCED_FACE('',(#755),#8007,.T.);
#8196=ADVANCED_FACE('',(#756),#67,.T.);
#8197=ADVANCED_FACE('',(#757),#8008,.F.);
#8198=ADVANCED_FACE('',(#758),#68,.T.);
#8199=ADVANCED_FACE('',(#759),#8009,.F.);
#8200=ADVANCED_FACE('',(#760),#69,.T.);
#8201=ADVANCED_FACE('',(#761),#495,.T.);
#8202=ADVANCED_FACE('',(#762),#496,.T.);
#8203=ADVANCED_FACE('',(#763),#497,.T.);
#8204=ADVANCED_FACE('',(#764),#8010,.T.);
#8205=ADVANCED_FACE('',(#765),#8011,.T.);
#8206=ADVANCED_FACE('',(#766),#498,.T.);
#8207=ADVANCED_FACE('',(#767),#499,.T.);
#8208=ADVANCED_FACE('',(#768),#8012,.T.);
#8209=ADVANCED_FACE('',(#769),#500,.T.);
#8210=ADVANCED_FACE('',(#770),#43,.F.);
#8211=ADVANCED_FACE('',(#771),#8013,.T.);
#8212=ADVANCED_FACE('',(#772),#44,.F.);
#8213=ADVANCED_FACE('',(#773),#501,.T.);
#8214=ADVANCED_FACE('',(#774),#8014,.F.);
#8215=ADVANCED_FACE('',(#775),#70,.T.);
#8216=ADVANCED_FACE('',(#776),#8015,.T.);
#8217=ADVANCED_FACE('',(#777),#162,.T.);
#8218=ADVANCED_FACE('',(#778),#71,.T.);
#8219=ADVANCED_FACE('',(#779),#163,.T.);
#8220=ADVANCED_FACE('',(#780),#502,.T.);
#8221=ADVANCED_FACE('',(#781),#45,.F.);
#8222=ADVANCED_FACE('',(#782),#8016,.F.);
#8223=ADVANCED_FACE('',(#783),#8017,.F.);
#8224=ADVANCED_FACE('',(#784),#503,.T.);
#8225=ADVANCED_FACE('',(#785),#8018,.T.);
#8226=ADVANCED_FACE('',(#786),#504,.T.);
#8227=ADVANCED_FACE('',(#787),#8019,.F.);
#8228=ADVANCED_FACE('',(#788,#219),#505,.T.);
#8229=ADVANCED_FACE('',(#789),#8020,.F.);
#8230=ADVANCED_FACE('',(#790),#8021,.F.);
#8231=ADVANCED_FACE('',(#791),#8022,.T.);
#8232=ADVANCED_FACE('',(#792),#506,.T.);
#8233=ADVANCED_FACE('',(#793),#8023,.T.);
#8234=ADVANCED_FACE('',(#794),#507,.T.);
#8235=ADVANCED_FACE('',(#795),#8024,.T.);
#8236=ADVANCED_FACE('',(#796),#8025,.T.);
#8237=ADVANCED_FACE('',(#797),#8026,.T.);
#8238=ADVANCED_FACE('',(#798),#508,.T.);
#8239=ADVANCED_FACE('',(#799),#509,.T.);
#8240=ADVANCED_FACE('',(#800),#510,.F.);
#8241=ADVANCED_FACE('',(#801),#511,.T.);
#8242=ADVANCED_FACE('',(#802),#512,.T.);
#8243=ADVANCED_FACE('',(#803),#513,.F.);
#8244=ADVANCED_FACE('',(#804),#514,.T.);
#8245=ADVANCED_FACE('',(#805),#515,.T.);
#8246=ADVANCED_FACE('',(#806),#516,.F.);
#8247=ADVANCED_FACE('',(#807),#517,.F.);
#8248=ADVANCED_FACE('',(#808),#518,.F.);
#8249=ADVANCED_FACE('',(#809),#164,.T.);
#8250=ADVANCED_FACE('',(#810,#220),#519,.T.);
#8251=ADVANCED_FACE('',(#811),#165,.T.);
#8252=ADVANCED_FACE('',(#812,#221),#520,.T.);
#8253=ADVANCED_FACE('',(#813),#166,.F.);
#8254=ADVANCED_FACE('',(#814),#521,.T.);
#8255=ADVANCED_FACE('',(#815),#522,.T.);
#8256=ADVANCED_FACE('',(#816),#523,.T.);
#8257=ADVANCED_FACE('',(#817),#524,.T.);
#8258=ADVANCED_FACE('',(#818),#525,.T.);
#8259=ADVANCED_FACE('',(#819),#167,.T.);
#8260=ADVANCED_FACE('',(#820),#526,.T.);
#8261=ADVANCED_FACE('',(#821),#168,.T.);
#8262=ADVANCED_FACE('',(#822),#527,.T.);
#8263=ADVANCED_FACE('',(#823),#528,.T.);
#8264=ADVANCED_FACE('',(#824),#529,.T.);
#8265=ADVANCED_FACE('',(#825),#530,.T.);
#8266=ADVANCED_FACE('',(#826,#222),#531,.F.);
#8267=ADVANCED_FACE('',(#827),#8027,.F.);
#8268=ADVANCED_FACE('',(#828),#8028,.T.);
#8269=ADVANCED_FACE('',(#829,#223),#532,.F.);
#8270=ADVANCED_FACE('',(#830),#8029,.F.);
#8271=ADVANCED_FACE('',(#831),#8030,.F.);
#8272=ADVANCED_FACE('',(#832),#8031,.F.);
#8273=ADVANCED_FACE('',(#833),#8032,.F.);
#8274=ADVANCED_FACE('',(#834),#8033,.T.);
#8275=ADVANCED_FACE('',(#835,#224,#225,#226,#227,#228),#533,.F.);
#8276=ADVANCED_FACE('',(#836),#8034,.F.);
#8277=ADVANCED_FACE('',(#837),#534,.T.);
#8278=ADVANCED_FACE('',(#838),#8035,.F.);
#8279=ADVANCED_FACE('',(#839),#535,.T.);
#8280=ADVANCED_FACE('',(#840),#8036,.F.);
#8281=ADVANCED_FACE('',(#841),#536,.T.);
#8282=ADVANCED_FACE('',(#842),#8037,.F.);
#8283=ADVANCED_FACE('',(#843),#537,.T.);
#8284=ADVANCED_FACE('',(#844),#8038,.F.);
#8285=ADVANCED_FACE('',(#845),#8039,.F.);
#8286=ADVANCED_FACE('',(#846),#538,.T.);
#8287=ADVANCED_FACE('',(#847),#8040,.F.);
#8288=ADVANCED_FACE('',(#848),#8041,.T.);
#8289=ADVANCED_FACE('',(#849,#229),#539,.F.);
#8290=ADVANCED_FACE('',(#850),#540,.T.);
#8291=ADVANCED_FACE('',(#851),#8042,.F.);
#8292=ADVANCED_FACE('',(#852),#8043,.T.);
#8293=ADVANCED_FACE('',(#853,#230),#541,.F.);
#8294=ADVANCED_FACE('',(#854),#542,.T.);
#8295=ADVANCED_FACE('',(#855),#543,.T.);
#8296=ADVANCED_FACE('',(#856),#169,.T.);
#8297=ADVANCED_FACE('',(#857),#544,.T.);
#8298=ADVANCED_FACE('',(#858),#545,.T.);
#8299=ADVANCED_FACE('',(#859),#170,.T.);
#8300=ADVANCED_FACE('',(#860),#546,.T.);
#8301=ADVANCED_FACE('',(#861),#171,.F.);
#8302=ADVANCED_FACE('',(#862,#231),#547,.T.);
#8303=ADVANCED_FACE('',(#863),#548,.T.);
#8304=ADVANCED_FACE('',(#864),#8044,.T.);
#8305=ADVANCED_FACE('',(#865),#549,.T.);
#8306=ADVANCED_FACE('',(#866),#8045,.T.);
#8307=ADVANCED_FACE('',(#867),#550,.T.);
#8308=ADVANCED_FACE('',(#868),#172,.T.);
#8309=ADVANCED_FACE('',(#869),#173,.F.);
#8310=ADVANCED_FACE('',(#870),#551,.T.);
#8311=ADVANCED_FACE('',(#871),#174,.T.);
#8312=ADVANCED_FACE('',(#872),#552,.T.);
#8313=ADVANCED_FACE('',(#873,#232),#553,.T.);
#8314=ADVANCED_FACE('',(#874),#8046,.F.);
#8315=ADVANCED_FACE('',(#875),#8047,.T.);
#8316=ADVANCED_FACE('',(#876),#72,.F.);
#8317=ADVANCED_FACE('',(#877),#73,.F.);
#8318=ADVANCED_FACE('',(#878),#74,.F.);
#8319=ADVANCED_FACE('',(#879),#75,.F.);
#8320=ADVANCED_FACE('',(#880),#8048,.T.);
#8321=ADVANCED_FACE('',(#881),#76,.F.);
#8322=ADVANCED_FACE('',(#882),#77,.F.);
#8323=ADVANCED_FACE('',(#883),#78,.F.);
#8324=ADVANCED_FACE('',(#884),#8049,.T.);
#8325=ADVANCED_FACE('',(#885),#79,.T.);
#8326=ADVANCED_FACE('',(#886),#8050,.T.);
#8327=ADVANCED_FACE('',(#887),#554,.T.);
#8328=ADVANCED_FACE('',(#888),#8051,.T.);
#8329=ADVANCED_FACE('',(#889),#80,.T.);
#8330=ADVANCED_FACE('',(#890),#8052,.F.);
#8331=ADVANCED_FACE('',(#891),#81,.T.);
#8332=ADVANCED_FACE('',(#892),#8053,.F.);
#8333=ADVANCED_FACE('',(#893),#82,.T.);
#8334=ADVANCED_FACE('',(#894),#555,.T.);
#8335=ADVANCED_FACE('',(#895),#556,.T.);
#8336=ADVANCED_FACE('',(#896),#557,.T.);
#8337=ADVANCED_FACE('',(#897),#8054,.T.);
#8338=ADVANCED_FACE('',(#898),#8055,.T.);
#8339=ADVANCED_FACE('',(#899),#558,.T.);
#8340=ADVANCED_FACE('',(#900),#559,.T.);
#8341=ADVANCED_FACE('',(#901),#8056,.T.);
#8342=ADVANCED_FACE('',(#902),#560,.T.);
#8343=ADVANCED_FACE('',(#903),#46,.F.);
#8344=ADVANCED_FACE('',(#904),#8057,.T.);
#8345=ADVANCED_FACE('',(#905),#47,.F.);
#8346=ADVANCED_FACE('',(#906),#561,.T.);
#8347=ADVANCED_FACE('',(#907),#8058,.F.);
#8348=ADVANCED_FACE('',(#908),#83,.T.);
#8349=ADVANCED_FACE('',(#909),#8059,.T.);
#8350=ADVANCED_FACE('',(#910),#175,.T.);
#8351=ADVANCED_FACE('',(#911),#84,.T.);
#8352=ADVANCED_FACE('',(#912),#176,.T.);
#8353=ADVANCED_FACE('',(#913),#562,.T.);
#8354=ADVANCED_FACE('',(#914),#48,.F.);
#8355=ADVANCED_FACE('',(#915),#8060,.F.);
#8356=ADVANCED_FACE('',(#916),#8061,.F.);
#8357=ADVANCED_FACE('',(#917),#563,.T.);
#8358=ADVANCED_FACE('',(#918),#8062,.T.);
#8359=ADVANCED_FACE('',(#919),#564,.T.);
#8360=ADVANCED_FACE('',(#920),#8063,.F.);
#8361=ADVANCED_FACE('',(#921,#233),#565,.T.);
#8362=ADVANCED_FACE('',(#922),#8064,.F.);
#8363=ADVANCED_FACE('',(#923),#8065,.F.);
#8364=ADVANCED_FACE('',(#924),#8066,.T.);
#8365=ADVANCED_FACE('',(#925),#566,.T.);
#8366=ADVANCED_FACE('',(#926),#8067,.T.);
#8367=ADVANCED_FACE('',(#927),#567,.T.);
#8368=ADVANCED_FACE('',(#928),#8068,.T.);
#8369=ADVANCED_FACE('',(#929),#8069,.T.);
#8370=ADVANCED_FACE('',(#930),#8070,.T.);
#8371=ADVANCED_FACE('',(#931),#568,.T.);
#8372=ADVANCED_FACE('',(#932),#569,.T.);
#8373=ADVANCED_FACE('',(#933),#570,.F.);
#8374=ADVANCED_FACE('',(#934),#571,.T.);
#8375=ADVANCED_FACE('',(#935),#572,.T.);
#8376=ADVANCED_FACE('',(#936),#573,.F.);
#8377=ADVANCED_FACE('',(#937),#574,.T.);
#8378=ADVANCED_FACE('',(#938),#575,.T.);
#8379=ADVANCED_FACE('',(#939),#576,.F.);
#8380=ADVANCED_FACE('',(#940),#577,.F.);
#8381=ADVANCED_FACE('',(#941),#578,.F.);
#8382=ADVANCED_FACE('',(#942),#177,.T.);
#8383=ADVANCED_FACE('',(#943,#234),#579,.T.);
#8384=ADVANCED_FACE('',(#944),#178,.T.);
#8385=ADVANCED_FACE('',(#945,#235),#580,.T.);
#8386=ADVANCED_FACE('',(#946),#179,.F.);
#8387=ADVANCED_FACE('',(#947),#581,.T.);
#8388=ADVANCED_FACE('',(#948),#582,.T.);
#8389=ADVANCED_FACE('',(#949),#583,.T.);
#8390=ADVANCED_FACE('',(#950),#584,.T.);
#8391=ADVANCED_FACE('',(#951),#180,.T.);
#8392=ADVANCED_FACE('',(#952),#585,.T.);
#8393=ADVANCED_FACE('',(#953),#181,.T.);
#8394=ADVANCED_FACE('',(#954),#586,.T.);
#8395=ADVANCED_FACE('',(#955),#8071,.T.);
#8396=ADVANCED_FACE('',(#956),#587,.T.);
#8397=ADVANCED_FACE('',(#957),#8072,.T.);
#8398=ADVANCED_FACE('',(#958),#588,.T.);
#8399=ADVANCED_FACE('',(#959),#589,.T.);
#8400=ADVANCED_FACE('',(#960,#236),#590,.F.);
#8401=ADVANCED_FACE('',(#961),#8073,.F.);
#8402=ADVANCED_FACE('',(#962),#8074,.T.);
#8403=ADVANCED_FACE('',(#963,#237),#591,.F.);
#8404=ADVANCED_FACE('',(#964),#8075,.F.);
#8405=ADVANCED_FACE('',(#965),#8076,.F.);
#8406=ADVANCED_FACE('',(#966),#8077,.F.);
#8407=ADVANCED_FACE('',(#967),#8078,.F.);
#8408=ADVANCED_FACE('',(#968),#8079,.T.);
#8409=ADVANCED_FACE('',(#969),#8080,.F.);
#8410=ADVANCED_FACE('',(#970),#592,.T.);
#8411=ADVANCED_FACE('',(#971),#8081,.F.);
#8412=ADVANCED_FACE('',(#972),#593,.T.);
#8413=ADVANCED_FACE('',(#973),#8082,.F.);
#8414=ADVANCED_FACE('',(#974),#594,.T.);
#8415=ADVANCED_FACE('',(#975),#8083,.F.);
#8416=ADVANCED_FACE('',(#976),#595,.T.);
#8417=ADVANCED_FACE('',(#977),#8084,.F.);
#8418=ADVANCED_FACE('',(#978),#8085,.T.);
#8419=ADVANCED_FACE('',(#979,#238),#596,.F.);
#8420=ADVANCED_FACE('',(#980),#597,.T.);
#8421=ADVANCED_FACE('',(#981),#8086,.F.);
#8422=ADVANCED_FACE('',(#982),#8087,.T.);
#8423=ADVANCED_FACE('',(#983,#239),#598,.F.);
#8424=ADVANCED_FACE('',(#984),#599,.T.);
#8425=ADVANCED_FACE('',(#985),#8088,.F.);
#8426=ADVANCED_FACE('',(#986),#49,.F.);
#8427=ADVANCED_FACE('',(#987),#85,.T.);
#8428=ADVANCED_FACE('',(#988),#8089,.F.);
#8429=ADVANCED_FACE('',(#989),#86,.T.);
#8430=ADVANCED_FACE('',(#990),#50,.F.);
#8431=ADVANCED_FACE('',(#991),#600,.T.);
#8432=ADVANCED_FACE('',(#992),#601,.T.);
#8433=ADVANCED_FACE('',(#993),#8090,.T.);
#8434=ADVANCED_FACE('',(#994),#602,.T.);
#8435=ADVANCED_FACE('',(#995),#8091,.T.);
#8436=ADVANCED_FACE('',(#996),#603,.T.);
#8437=ADVANCED_FACE('',(#997),#604,.T.);
#8438=ADVANCED_FACE('',(#998),#605,.T.);
#8439=ADVANCED_FACE('',(#999),#606,.T.);
#8440=ADVANCED_FACE('',(#1000),#607,.T.);
#8441=ADVANCED_FACE('',(#1001),#608,.T.);
#8442=ADVANCED_FACE('',(#1002),#609,.F.);
#8443=ADVANCED_FACE('',(#1003,#240),#610,.T.);
#8444=ADVANCED_FACE('',(#1004),#611,.T.);
#8445=ADVANCED_FACE('',(#1005),#612,.T.);
#8446=ADVANCED_FACE('',(#1006,#241),#613,.T.);
#8447=ADVANCED_FACE('',(#1007),#87,.T.);
#8448=ADVANCED_FACE('',(#1008),#614,.T.);
#8449=ADVANCED_FACE('',(#1009),#615,.T.);
#8450=ADVANCED_FACE('',(#1010),#182,.T.);
#8451=ADVANCED_FACE('',(#1011),#616,.T.);
#8452=ADVANCED_FACE('',(#1012),#183,.T.);
#8453=ADVANCED_FACE('',(#1013),#617,.T.);
#8454=ADVANCED_FACE('',(#1014),#184,.F.);
#8455=ADVANCED_FACE('',(#1015),#8092,.T.);
#8456=ADVANCED_FACE('',(#1016),#618,.T.);
#8457=ADVANCED_FACE('',(#1017),#185,.T.);
#8458=ADVANCED_FACE('',(#1018),#186,.F.);
#8459=ADVANCED_FACE('',(#1019),#619,.T.);
#8460=ADVANCED_FACE('',(#1020),#187,.T.);
#8461=ADVANCED_FACE('',(#1021),#8093,.F.);
#8462=ADVANCED_FACE('',(#1022),#8094,.T.);
#8463=ADVANCED_FACE('',(#1023,#242,#243,#244,#245,#246),#620,.F.);
#8464=ADVANCED_FACE('',(#1024),#8095,.T.);
#8465=ADVANCED_FACE('',(#1025),#621,.T.);
#8466=ADVANCED_FACE('',(#1026),#51,.F.);
#8467=ADVANCED_FACE('',(#1027),#8096,.T.);
#8468=ADVANCED_FACE('',(#1028),#52,.F.);
#8469=ADVANCED_FACE('',(#1029),#622,.T.);
#8470=ADVANCED_FACE('',(#1030),#8097,.F.);
#8471=ADVANCED_FACE('',(#1031),#88,.T.);
#8472=ADVANCED_FACE('',(#1032),#8098,.T.);
#8473=ADVANCED_FACE('',(#1033),#188,.T.);
#8474=ADVANCED_FACE('',(#1034),#189,.T.);
#8475=ADVANCED_FACE('',(#1035),#623,.T.);
#8476=ADVANCED_FACE('',(#1036),#53,.F.);
#8477=ADVANCED_FACE('',(#1037),#8099,.F.);
#8478=ADVANCED_FACE('',(#1038),#8100,.F.);
#8479=ADVANCED_FACE('',(#1039),#624,.T.);
#8480=ADVANCED_FACE('',(#1040),#625,.T.);
#8481=ADVANCED_FACE('',(#1041),#626,.F.);
#8482=ADVANCED_FACE('',(#1042),#627,.T.);
#8483=ADVANCED_FACE('',(#1043),#628,.T.);
#8484=ADVANCED_FACE('',(#1044),#629,.F.);
#8485=ADVANCED_FACE('',(#1045),#630,.F.);
#8486=ADVANCED_FACE('',(#1046),#631,.F.);
#8487=ADVANCED_FACE('',(#1047),#632,.F.);
#8488=ADVANCED_FACE('',(#1048),#190,.T.);
#8489=ADVANCED_FACE('',(#1049,#247),#633,.T.);
#8490=ADVANCED_FACE('',(#1050),#191,.T.);
#8491=ADVANCED_FACE('',(#1051,#248),#634,.T.);
#8492=ADVANCED_FACE('',(#1052),#192,.F.);
#8493=ADVANCED_FACE('',(#1053),#635,.T.);
#8494=ADVANCED_FACE('',(#1054),#636,.T.);
#8495=ADVANCED_FACE('',(#1055),#637,.T.);
#8496=ADVANCED_FACE('',(#1056),#638,.T.);
#8497=ADVANCED_FACE('',(#1057),#639,.T.);
#8498=ADVANCED_FACE('',(#1058),#193,.T.);
#8499=ADVANCED_FACE('',(#1059),#640,.T.);
#8500=ADVANCED_FACE('',(#1060),#194,.T.);
#8501=ADVANCED_FACE('',(#1061),#641,.T.);
#8502=ADVANCED_FACE('',(#1062),#642,.T.);
#8503=ADVANCED_FACE('',(#1063),#8101,.T.);
#8504=ADVANCED_FACE('',(#1064),#643,.T.);
#8505=ADVANCED_FACE('',(#1065,#249),#644,.F.);
#8506=ADVANCED_FACE('',(#1066),#8102,.F.);
#8507=ADVANCED_FACE('',(#1067),#8103,.T.);
#8508=ADVANCED_FACE('',(#1068,#250),#645,.F.);
#8509=ADVANCED_FACE('',(#1069),#8104,.F.);
#8510=ADVANCED_FACE('',(#1070),#8105,.F.);
#8511=ADVANCED_FACE('',(#1071),#8106,.F.);
#8512=ADVANCED_FACE('',(#1072),#8107,.F.);
#8513=ADVANCED_FACE('',(#1073),#8108,.T.);
#8514=ADVANCED_FACE('',(#1074),#8109,.F.);
#8515=ADVANCED_FACE('',(#1075),#646,.T.);
#8516=ADVANCED_FACE('',(#1076,#251,#252,#253,#254,#255),#647,.F.);
#8517=ADVANCED_FACE('',(#1077),#8110,.F.);
#8518=ADVANCED_FACE('',(#1078),#648,.T.);
#8519=ADVANCED_FACE('',(#1079),#8111,.F.);
#8520=ADVANCED_FACE('',(#1080),#649,.T.);
#8521=ADVANCED_FACE('',(#1081),#8112,.F.);
#8522=ADVANCED_FACE('',(#1082),#650,.T.);
#8523=ADVANCED_FACE('',(#1083),#8113,.F.);
#8524=ADVANCED_FACE('',(#1084),#651,.T.);
#8525=ADVANCED_FACE('',(#1085),#8114,.F.);
#8526=ADVANCED_FACE('',(#1086),#8115,.T.);
#8527=ADVANCED_FACE('',(#1087,#256),#652,.F.);
#8528=ADVANCED_FACE('',(#1088),#653,.T.);
#8529=ADVANCED_FACE('',(#1089),#8116,.F.);
#8530=ADVANCED_FACE('',(#1090),#8117,.T.);
#8531=ADVANCED_FACE('',(#1091,#257),#654,.F.);
#8532=ADVANCED_FACE('',(#1092),#655,.T.);
#8533=ADVANCED_FACE('',(#1093),#8118,.F.);
#8534=ADVANCED_FACE('',(#1094),#54,.F.);
#8535=ADVANCED_FACE('',(#1095),#89,.T.);
#8536=ADVANCED_FACE('',(#1096),#8119,.F.);
#8537=ADVANCED_FACE('',(#1097),#90,.T.);
#8538=ADVANCED_FACE('',(#1098),#55,.F.);
#8539=ADVANCED_FACE('',(#1099),#656,.T.);
#8540=ADVANCED_FACE('',(#1100),#657,.T.);
#8541=ADVANCED_FACE('',(#1101),#8120,.T.);
#8542=ADVANCED_FACE('',(#1102),#658,.T.);
#8543=ADVANCED_FACE('',(#1103),#8121,.T.);
#8544=ADVANCED_FACE('',(#1104),#659,.T.);
#8545=ADVANCED_FACE('',(#1105),#660,.T.);
#8546=ADVANCED_FACE('',(#1106),#661,.T.);
#8547=ADVANCED_FACE('',(#1107),#662,.T.);
#8548=ADVANCED_FACE('',(#1108),#663,.T.);
#8549=ADVANCED_FACE('',(#1109),#664,.T.);
#8550=ADVANCED_FACE('',(#1110),#665,.F.);
#8551=ADVANCED_FACE('',(#1111,#258),#666,.T.);
#8552=ADVANCED_FACE('',(#1112),#667,.T.);
#8553=ADVANCED_FACE('',(#1113),#668,.T.);
#8554=ADVANCED_FACE('',(#1114,#259),#669,.T.);
#8555=ADVANCED_FACE('',(#1115),#91,.T.);
#8556=ADVANCED_FACE('',(#1116),#670,.T.);
#8557=ADVANCED_FACE('',(#1117),#671,.T.);
#8558=ADVANCED_FACE('',(#1118),#195,.T.);
#8559=ADVANCED_FACE('',(#1119),#672,.T.);
#8560=ADVANCED_FACE('',(#1120),#196,.T.);
#8561=ADVANCED_FACE('',(#1121),#673,.T.);
#8562=ADVANCED_FACE('',(#1122),#197,.F.);
#8563=ADVANCED_FACE('',(#1123),#8122,.T.);
#8564=ADVANCED_FACE('',(#1124),#674,.T.);
#8565=ADVANCED_FACE('',(#1125),#198,.T.);
#8566=ADVANCED_FACE('',(#1126),#199,.F.);
#8567=ADVANCED_FACE('',(#1127),#675,.T.);
#8568=ADVANCED_FACE('',(#1128),#200,.T.);
#8569=ADVANCED_FACE('',(#1129),#8123,.F.);
#8570=ADVANCED_FACE('',(#1130),#8124,.T.);
#8571=ADVANCED_FACE('',(#1131),#8125,.T.);
#8572=ADVANCED_FACE('',(#1132),#676,.T.);
#8573=ADVANCED_FACE('',(#1133),#56,.F.);
#8574=ADVANCED_FACE('',(#1134),#8126,.T.);
#8575=ADVANCED_FACE('',(#1135),#57,.F.);
#8576=ADVANCED_FACE('',(#1136),#677,.T.);
#8577=ADVANCED_FACE('',(#1137),#8127,.F.);
#8578=ADVANCED_FACE('',(#1138),#92,.T.);
#8579=ADVANCED_FACE('',(#1139),#8128,.T.);
#8580=ADVANCED_FACE('',(#1140),#201,.T.);
#8581=ADVANCED_FACE('',(#1141),#202,.T.);
#8582=ADVANCED_FACE('',(#1142),#678,.T.);
#8583=ADVANCED_FACE('',(#1143),#58,.F.);
#8584=ADVANCED_FACE('',(#1144),#8129,.F.);
#8585=ADVANCED_FACE('',(#1145),#8130,.F.);
#8586=ADVANCED_FACE('',(#1146),#679,.T.);
#8587=ADVANCED_FACE('',(#1147),#680,.T.);
#8588=ADVANCED_FACE('',(#1148),#681,.F.);
#8589=ADVANCED_FACE('',(#1149),#682,.T.);
#8590=ADVANCED_FACE('',(#1150),#683,.T.);
#8591=ADVANCED_FACE('',(#1151),#684,.F.);
#8592=ADVANCED_FACE('',(#1152),#685,.F.);
#8593=ADVANCED_FACE('',(#1153),#686,.F.);
#8594=ADVANCED_FACE('',(#1154),#687,.F.);
#8595=ADVANCED_FACE('',(#1155),#203,.T.);
#8596=ADVANCED_FACE('',(#1156,#260),#688,.T.);
#8597=ADVANCED_FACE('',(#1157),#204,.T.);
#8598=ADVANCED_FACE('',(#1158,#261),#689,.T.);
#8599=ADVANCED_FACE('',(#1159),#205,.F.);
#8600=ADVANCED_FACE('',(#1160),#690,.T.);
#8601=ADVANCED_FACE('',(#1161),#691,.T.);
#8602=ADVANCED_FACE('',(#1162),#692,.T.);
#8603=ADVANCED_FACE('',(#1163),#693,.T.);
#8604=ADVANCED_FACE('',(#1164),#206,.T.);
#8605=ADVANCED_FACE('',(#1165),#694,.T.);
#8606=ADVANCED_FACE('',(#1166),#207,.T.);
#8607=ADVANCED_FACE('',(#1167),#695,.T.);
#8608=ADVANCED_FACE('',(#1168),#8131,.T.);
#8609=ADVANCED_FACE('',(#1169),#696,.T.);
#8610=ADVANCED_FACE('',(#1170),#8132,.T.);
#8611=ADVANCED_FACE('',(#1171),#697,.T.);
#8612=ADVANCED_FACE('',(#1172,#262),#698,.F.);
#8613=ADVANCED_FACE('',(#1173),#8133,.F.);
#8614=ADVANCED_FACE('',(#1174),#8134,.T.);
#8615=ADVANCED_FACE('',(#1175,#263),#699,.F.);
#8616=ADVANCED_FACE('',(#1176),#8135,.F.);
#8617=ADVANCED_FACE('',(#1177),#8136,.F.);
#8618=ADVANCED_FACE('',(#1178),#8137,.F.);
#8619=ADVANCED_FACE('',(#1179),#8138,.F.);
#8620=ADVANCED_FACE('',(#1180),#8139,.T.);
#8621=CLOSED_SHELL('',(#8140,#8141,#8142,#8143,#8144,#8145,#8146,#8147,
#8148,#8149,#8150,#8151,#8152,#8153,#8154,#8155,#8156,#8157,#8158,#8159,
#8160,#8161,#8162,#8163,#8164,#8165,#8166,#8167,#8168,#8169,#8170,#8171,
#8172,#8173,#8174,#8175,#8176,#8177,#8178,#8179,#8180,#8181,#8182,#8183,
#8184,#8185,#8186,#8187,#8188,#8189,#8190,#8191,#8192,#8193,#8194,#8195,
#8196,#8197,#8198,#8199,#8200,#8201,#8202,#8203,#8204,#8205,#8206,#8207,
#8208,#8209,#8210,#8211,#8212,#8213,#8214,#8215,#8216,#8217,#8218,#8219,
#8220,#8221,#8222,#8223,#8224,#8225,#8226,#8227,#8228,#8229,#8230,#8231,
#8232,#8233,#8234,#8235,#8236,#8237,#8238,#8239,#8240,#8241,#8242,#8243,
#8244,#8245,#8246,#8247,#8248,#8249,#8250,#8251,#8252,#8253,#8254,#8255,
#8256,#8257,#8258,#8259,#8260,#8261,#8262,#8263,#8264,#8265,#8266,#8267,
#8268,#8269,#8270,#8271,#8272,#8273,#8274));
#8622=CLOSED_SHELL('',(#8275,#8276,#8277,#8278,#8279,#8280,#8281,#8282,
#8283,#8284,#8285,#8286,#8287,#8288,#8289,#8290,#8291,#8292,#8293,#8294,
#8295,#8296,#8297,#8298,#8299,#8300,#8301,#8302,#8303,#8304,#8305,#8306,
#8307,#8308,#8309,#8310,#8311,#8312,#8313,#8314,#8315,#8316,#8317,#8318,
#8319,#8320,#8321,#8322,#8323,#8324,#8325,#8326,#8327,#8328,#8329,#8330,
#8331,#8332,#8333,#8334,#8335,#8336,#8337,#8338,#8339,#8340,#8341,#8342,
#8343,#8344,#8345,#8346,#8347,#8348,#8349,#8350,#8351,#8352,#8353,#8354,
#8355,#8356,#8357,#8358,#8359,#8360,#8361,#8362,#8363,#8364,#8365,#8366,
#8367,#8368,#8369,#8370,#8371,#8372,#8373,#8374,#8375,#8376,#8377,#8378,
#8379,#8380,#8381,#8382,#8383,#8384,#8385,#8386,#8387,#8388,#8389,#8390,
#8391,#8392,#8393,#8394,#8395,#8396,#8397,#8398,#8399,#8400,#8401,#8402,
#8403,#8404,#8405,#8406,#8407,#8408));
#8623=CLOSED_SHELL('',(#8409,#8410,#8411,#8412,#8413,#8414,#8415,#8416,
#8417,#8418,#8419,#8420,#8421,#8422,#8423,#8424,#8425,#8426,#8427,#8428,
#8429,#8430,#8431,#8432,#8433,#8434,#8435,#8436,#8437,#8438,#8439,#8440,
#8441,#8442,#8443,#8444,#8445,#8446,#8447,#8448,#8449,#8450,#8451,#8452,
#8453,#8454,#8455,#8456,#8457,#8458,#8459,#8460,#8461,#8462,#8463,#8464,
#8465,#8466,#8467,#8468,#8469,#8470,#8471,#8472,#8473,#8474,#8475,#8476,
#8477,#8478,#8479,#8480,#8481,#8482,#8483,#8484,#8485,#8486,#8487,#8488,
#8489,#8490,#8491,#8492,#8493,#8494,#8495,#8496,#8497,#8498,#8499,#8500,
#8501,#8502,#8503,#8504,#8505,#8506,#8507,#8508,#8509,#8510,#8511,#8512,
#8513));
#8624=CLOSED_SHELL('',(#8514,#8515,#8516,#8517,#8518,#8519,#8520,#8521,
#8522,#8523,#8524,#8525,#8526,#8527,#8528,#8529,#8530,#8531,#8532,#8533,
#8534,#8535,#8536,#8537,#8538,#8539,#8540,#8541,#8542,#8543,#8544,#8545,
#8546,#8547,#8548,#8549,#8550,#8551,#8552,#8553,#8554,#8555,#8556,#8557,
#8558,#8559,#8560,#8561,#8562,#8563,#8564,#8565,#8566,#8567,#8568,#8569,
#8570,#8571,#8572,#8573,#8574,#8575,#8576,#8577,#8578,#8579,#8580,#8581,
#8582,#8583,#8584,#8585,#8586,#8587,#8588,#8589,#8590,#8591,#8592,#8593,
#8594,#8595,#8596,#8597,#8598,#8599,#8600,#8601,#8602,#8603,#8604,#8605,
#8606,#8607,#8608,#8609,#8610,#8611,#8612,#8613,#8614,#8615,#8616,#8617,
#8618,#8619,#8620));
#8625=DERIVED_UNIT_ELEMENT(#8633,1.);
#8626=DERIVED_UNIT_ELEMENT(#16355,-3.);
#8627=DERIVED_UNIT_ELEMENT(#8633,1.);
#8628=DERIVED_UNIT_ELEMENT(#16355,-3.);
#8629=DERIVED_UNIT_ELEMENT(#8633,1.);
#8630=DERIVED_UNIT_ELEMENT(#16355,-3.);
#8631=DERIVED_UNIT_ELEMENT(#8633,1.);
#8632=DERIVED_UNIT_ELEMENT(#16355,-3.);
#8633=(
MASS_UNIT()
NAMED_UNIT(*)
SI_UNIT(.KILO.,.GRAM.)
);
#8634=DERIVED_UNIT((#8625,#8626));
#8635=DERIVED_UNIT((#8627,#8628));
#8636=DERIVED_UNIT((#8629,#8630));
#8637=DERIVED_UNIT((#8631,#8632));
#8638=MEASURE_REPRESENTATION_ITEM('density measure',
POSITIVE_RATIO_MEASURE(7850.),#8634);
#8639=MEASURE_REPRESENTATION_ITEM('density measure',
POSITIVE_RATIO_MEASURE(7850.),#8635);
#8640=MEASURE_REPRESENTATION_ITEM('density measure',
POSITIVE_RATIO_MEASURE(7850.),#8636);
#8641=MEASURE_REPRESENTATION_ITEM('density measure',
POSITIVE_RATIO_MEASURE(7850.),#8637);
#8642=PROPERTY_DEFINITION_REPRESENTATION(#8662,#8650);
#8643=PROPERTY_DEFINITION_REPRESENTATION(#8663,#8651);
#8644=PROPERTY_DEFINITION_REPRESENTATION(#8664,#8652);
#8645=PROPERTY_DEFINITION_REPRESENTATION(#8665,#8653);
#8646=PROPERTY_DEFINITION_REPRESENTATION(#8666,#8654);
#8647=PROPERTY_DEFINITION_REPRESENTATION(#8667,#8655);
#8648=PROPERTY_DEFINITION_REPRESENTATION(#8668,#8656);
#8649=PROPERTY_DEFINITION_REPRESENTATION(#8669,#8657);
#8650=REPRESENTATION('material name',(#8658),#16349);
#8651=REPRESENTATION('density',(#8638),#16349);
#8652=REPRESENTATION('material name',(#8659),#16350);
#8653=REPRESENTATION('density',(#8639),#16350);
#8654=REPRESENTATION('material name',(#8660),#16351);
#8655=REPRESENTATION('density',(#8640),#16351);
#8656=REPRESENTATION('material name',(#8661),#16352);
#8657=REPRESENTATION('density',(#8641),#16352);
#8658=DESCRIPTIVE_REPRESENTATION_ITEM('Stahl','Stahl');
#8659=DESCRIPTIVE_REPRESENTATION_ITEM('Stahl','Stahl');
#8660=DESCRIPTIVE_REPRESENTATION_ITEM('Stahl','Stahl');
#8661=DESCRIPTIVE_REPRESENTATION_ITEM('Stahl','Stahl');
#8662=PROPERTY_DEFINITION('material property','material name',#16379);
#8663=PROPERTY_DEFINITION('material property','density of part',#16379);
#8664=PROPERTY_DEFINITION('material property','material name',#16380);
#8665=PROPERTY_DEFINITION('material property','density of part',#16380);
#8666=PROPERTY_DEFINITION('material property','material name',#16381);
#8667=PROPERTY_DEFINITION('material property','density of part',#16381);
#8668=PROPERTY_DEFINITION('material property','material name',#16382);
#8669=PROPERTY_DEFINITION('material property','density of part',#16382);
#8670=AXIS2_PLACEMENT_3D('',#11935,#9542,#9543);
#8671=AXIS2_PLACEMENT_3D('',#11936,#9544,#9545);
#8672=AXIS2_PLACEMENT_3D('',#11937,#9546,#9547);
#8673=AXIS2_PLACEMENT_3D('',#11940,#9548,#9549);
#8674=AXIS2_PLACEMENT_3D('',#11944,#9551,#9552);
#8675=AXIS2_PLACEMENT_3D('',#11946,#9554,#9555);
#8676=AXIS2_PLACEMENT_3D('',#11952,#9559,#9560);
#8677=AXIS2_PLACEMENT_3D('',#11955,#9561,#9562);
#8678=AXIS2_PLACEMENT_3D('',#11959,#9564,#9565);
#8679=AXIS2_PLACEMENT_3D('',#11961,#9567,#9568);
#8680=AXIS2_PLACEMENT_3D('',#11967,#9572,#9573);
#8681=AXIS2_PLACEMENT_3D('',#11970,#9574,#9575);
#8682=AXIS2_PLACEMENT_3D('',#11974,#9577,#9578);
#8683=AXIS2_PLACEMENT_3D('',#11976,#9580,#9581);
#8684=AXIS2_PLACEMENT_3D('',#11982,#9585,#9586);
#8685=AXIS2_PLACEMENT_3D('',#11985,#9587,#9588);
#8686=AXIS2_PLACEMENT_3D('',#12002,#9591,#9592);
#8687=AXIS2_PLACEMENT_3D('',#12012,#9596,#9597);
#8688=AXIS2_PLACEMENT_3D('',#12014,#9598,#9599);
#8689=AXIS2_PLACEMENT_3D('',#12017,#9601,#9602);
#8690=AXIS2_PLACEMENT_3D('',#12018,#9603,#9604);
#8691=AXIS2_PLACEMENT_3D('',#12019,#9605,#9606);
#8692=AXIS2_PLACEMENT_3D('',#12020,#9607,#9608);
#8693=AXIS2_PLACEMENT_3D('',#12021,#9609,#9610);
#8694=AXIS2_PLACEMENT_3D('',#12024,#9612,#9613);
#8695=AXIS2_PLACEMENT_3D('',#12025,#9614,#9615);
#8696=AXIS2_PLACEMENT_3D('',#12031,#9619,#9620);
#8697=AXIS2_PLACEMENT_3D('',#12033,#9621,#9622);
#8698=AXIS2_PLACEMENT_3D('',#12036,#9624,#9625);
#8699=AXIS2_PLACEMENT_3D('',#12037,#9626,#9627);
#8700=AXIS2_PLACEMENT_3D('',#12039,#9628,#9629);
#8701=AXIS2_PLACEMENT_3D('',#12041,#9630,#9631);
#8702=AXIS2_PLACEMENT_3D('',#12043,#9633,#9634);
#8703=AXIS2_PLACEMENT_3D('',#12049,#9638,#9639);
#8704=AXIS2_PLACEMENT_3D('',#12052,#9641,#9642);
#8705=AXIS2_PLACEMENT_3D('',#12053,#9643,#9644);
#8706=AXIS2_PLACEMENT_3D('',#12059,#9648,#9649);
#8707=AXIS2_PLACEMENT_3D('',#12061,#9650,#9651);
#8708=AXIS2_PLACEMENT_3D('',#12064,#9653,#9654);
#8709=AXIS2_PLACEMENT_3D('',#12065,#9655,#9656);
#8710=AXIS2_PLACEMENT_3D('',#12074,#9661,#9662);
#8711=AXIS2_PLACEMENT_3D('',#12076,#9663,#9664);
#8712=AXIS2_PLACEMENT_3D('',#12078,#9665,#9666);
#8713=AXIS2_PLACEMENT_3D('',#12080,#9668,#9669);
#8714=AXIS2_PLACEMENT_3D('',#12083,#9672,#9673);
#8715=AXIS2_PLACEMENT_3D('',#12085,#9674,#9675);
#8716=AXIS2_PLACEMENT_3D('',#12087,#9677,#9678);
#8717=AXIS2_PLACEMENT_3D('',#12092,#9680,#9681);
#8718=AXIS2_PLACEMENT_3D('',#12095,#9683,#9684);
#8719=AXIS2_PLACEMENT_3D('',#12096,#9685,#9686);
#8720=AXIS2_PLACEMENT_3D('',#12103,#9690,#9691);
#8721=AXIS2_PLACEMENT_3D('',#12104,#9692,#9693);
#8722=AXIS2_PLACEMENT_3D('',#12110,#9697,#9698);
#8723=AXIS2_PLACEMENT_3D('',#12114,#9700,#9701);
#8724=AXIS2_PLACEMENT_3D('',#12115,#9702,#9703);
#8725=AXIS2_PLACEMENT_3D('',#12116,#9704,#9705);
#8726=AXIS2_PLACEMENT_3D('',#12122,#9709,#9710);
#8727=AXIS2_PLACEMENT_3D('',#12128,#9711,#9712);
#8728=AXIS2_PLACEMENT_3D('',#12130,#9713,#9714);
#8729=AXIS2_PLACEMENT_3D('',#12137,#9715,#9716);
#8730=AXIS2_PLACEMENT_3D('',#12154,#9723,#9724);
#8731=AXIS2_PLACEMENT_3D('',#12167,#9727,#9728);
#8732=AXIS2_PLACEMENT_3D('',#12169,#9729,#9730);
#8733=AXIS2_PLACEMENT_3D('',#12172,#9732,#9733);
#8734=AXIS2_PLACEMENT_3D('',#12173,#9734,#9735);
#8735=AXIS2_PLACEMENT_3D('',#12179,#9738,#9739);
#8736=AXIS2_PLACEMENT_3D('',#12183,#9741,#9742);
#8737=AXIS2_PLACEMENT_3D('',#12187,#9744,#9745);
#8738=AXIS2_PLACEMENT_3D('',#12189,#9746,#9747);
#8739=AXIS2_PLACEMENT_3D('',#12191,#9748,#9749);
#8740=AXIS2_PLACEMENT_3D('',#12195,#9751,#9752);
#8741=AXIS2_PLACEMENT_3D('',#12197,#9754,#9755);
#8742=AXIS2_PLACEMENT_3D('',#12239,#9758,#9759);
#8743=AXIS2_PLACEMENT_3D('',#12240,#9760,#9761);
#8744=AXIS2_PLACEMENT_3D('',#12249,#9766,#9767);
#8745=AXIS2_PLACEMENT_3D('',#12253,#9769,#9770);
#8746=AXIS2_PLACEMENT_3D('',#12254,#9771,#9772);
#8747=AXIS2_PLACEMENT_3D('',#12255,#9773,#9774);
#8748=AXIS2_PLACEMENT_3D('',#12263,#9775,#9776);
#8749=AXIS2_PLACEMENT_3D('',#12264,#9777,#9778);
#8750=AXIS2_PLACEMENT_3D('',#12265,#9779,#9780);
#8751=AXIS2_PLACEMENT_3D('',#12270,#9784,#9785);
#8752=AXIS2_PLACEMENT_3D('',#12273,#9787,#9788);
#8753=AXIS2_PLACEMENT_3D('',#12274,#9789,#9790);
#8754=AXIS2_PLACEMENT_3D('',#12276,#9791,#9792);
#8755=AXIS2_PLACEMENT_3D('',#12280,#9795,#9796);
#8756=AXIS2_PLACEMENT_3D('',#12297,#9803,#9804);
#8757=AXIS2_PLACEMENT_3D('',#12310,#9806,#9807);
#8758=AXIS2_PLACEMENT_3D('',#12312,#9808,#9809);
#8759=AXIS2_PLACEMENT_3D('',#12320,#9810,#9811);
#8760=AXIS2_PLACEMENT_3D('',#12323,#9813,#9814);
#8761=AXIS2_PLACEMENT_3D('',#12327,#9817,#9818);
#8762=AXIS2_PLACEMENT_3D('',#12353,#9824,#9825);
#8763=AXIS2_PLACEMENT_3D('',#12356,#9827,#9828);
#8764=AXIS2_PLACEMENT_3D('',#12358,#9829,#9830);
#8765=AXIS2_PLACEMENT_3D('',#12381,#9831,#9832);
#8766=AXIS2_PLACEMENT_3D('',#12388,#9833,#9834);
#8767=AXIS2_PLACEMENT_3D('',#12458,#9835,#9836);
#8768=AXIS2_PLACEMENT_3D('',#12465,#9837,#9838);
#8769=AXIS2_PLACEMENT_3D('',#12513,#9839,#9840);
#8770=AXIS2_PLACEMENT_3D('',#12517,#9842,#9843);
#8771=AXIS2_PLACEMENT_3D('',#12560,#9845,#9846);
#8772=AXIS2_PLACEMENT_3D('',#12588,#9847,#9848);
#8773=AXIS2_PLACEMENT_3D('',#12589,#9849,#9850);
#8774=AXIS2_PLACEMENT_3D('',#12590,#9851,#9852);
#8775=AXIS2_PLACEMENT_3D('',#12626,#9853,#9854);
#8776=AXIS2_PLACEMENT_3D('',#12637,#9856,#9857);
#8777=AXIS2_PLACEMENT_3D('',#12707,#9859,#9860);
#8778=AXIS2_PLACEMENT_3D('',#12709,#9861,#9862);
#8779=AXIS2_PLACEMENT_3D('',#12711,#9863,#9864);
#8780=AXIS2_PLACEMENT_3D('',#12718,#9865,#9866);
#8781=AXIS2_PLACEMENT_3D('',#12719,#9867,#9868);
#8782=AXIS2_PLACEMENT_3D('',#12722,#9870,#9871);
#8783=AXIS2_PLACEMENT_3D('',#12723,#9872,#9873);
#8784=AXIS2_PLACEMENT_3D('',#12727,#9876,#9877);
#8785=AXIS2_PLACEMENT_3D('',#12729,#9878,#9879);
#8786=AXIS2_PLACEMENT_3D('',#12735,#9880,#9881);
#8787=AXIS2_PLACEMENT_3D('',#12767,#9882,#9883);
#8788=AXIS2_PLACEMENT_3D('',#12769,#9884,#9885);
#8789=AXIS2_PLACEMENT_3D('',#12782,#9886,#9887);
#8790=AXIS2_PLACEMENT_3D('',#12784,#9888,#9889);
#8791=AXIS2_PLACEMENT_3D('',#12830,#9891,#9892);
#8792=AXIS2_PLACEMENT_3D('',#12835,#9893,#9894);
#8793=AXIS2_PLACEMENT_3D('',#12838,#9895,#9896);
#8794=AXIS2_PLACEMENT_3D('',#12878,#9899,#9900);
#8795=AXIS2_PLACEMENT_3D('',#12880,#9901,#9902);
#8796=AXIS2_PLACEMENT_3D('',#12894,#9903,#9904);
#8797=AXIS2_PLACEMENT_3D('',#12896,#9906,#9907);
#8798=AXIS2_PLACEMENT_3D('',#12897,#9908,#9909);
#8799=AXIS2_PLACEMENT_3D('',#12903,#9913,#9914);
#8800=AXIS2_PLACEMENT_3D('',#12907,#9916,#9917);
#8801=AXIS2_PLACEMENT_3D('',#12909,#9919,#9920);
#8802=AXIS2_PLACEMENT_3D('',#12912,#9922,#9923);
#8803=AXIS2_PLACEMENT_3D('',#12913,#9924,#9925);
#8804=AXIS2_PLACEMENT_3D('',#12917,#9928,#9929);
#8805=AXIS2_PLACEMENT_3D('',#12918,#9930,#9931);
#8806=AXIS2_PLACEMENT_3D('',#12930,#9932,#9933);
#8807=AXIS2_PLACEMENT_3D('',#12944,#9935,#9936);
#8808=AXIS2_PLACEMENT_3D('',#12951,#9937,#9938);
#8809=AXIS2_PLACEMENT_3D('',#12953,#9939,#9940);
#8810=AXIS2_PLACEMENT_3D('',#12965,#9941,#9942);
#8811=AXIS2_PLACEMENT_3D('',#12966,#9943,#9944);
#8812=AXIS2_PLACEMENT_3D('',#12974,#9946,#9947);
#8813=AXIS2_PLACEMENT_3D('',#12986,#9948,#9949);
#8814=AXIS2_PLACEMENT_3D('',#12987,#9950,#9951);
#8815=AXIS2_PLACEMENT_3D('',#12988,#9952,#9953);
#8816=AXIS2_PLACEMENT_3D('',#12989,#9954,#9955);
#8817=AXIS2_PLACEMENT_3D('',#12990,#9956,#9957);
#8818=AXIS2_PLACEMENT_3D('',#12991,#9958,#9959);
#8819=AXIS2_PLACEMENT_3D('',#13045,#9961,#9962);
#8820=AXIS2_PLACEMENT_3D('',#13047,#9963,#9964);
#8821=AXIS2_PLACEMENT_3D('',#13049,#9966,#9967);
#8822=AXIS2_PLACEMENT_3D('',#13051,#9968,#9969);
#8823=AXIS2_PLACEMENT_3D('',#13095,#9971,#9972);
#8824=AXIS2_PLACEMENT_3D('',#13098,#9974,#9975);
#8825=AXIS2_PLACEMENT_3D('',#13099,#9976,#9977);
#8826=AXIS2_PLACEMENT_3D('',#13100,#9978,#9979);
#8827=AXIS2_PLACEMENT_3D('',#13101,#9980,#9981);
#8828=AXIS2_PLACEMENT_3D('',#13102,#9982,#9983);
#8829=AXIS2_PLACEMENT_3D('',#13103,#9984,#9985);
#8830=AXIS2_PLACEMENT_3D('',#13104,#9986,#9987);
#8831=AXIS2_PLACEMENT_3D('',#13105,#9988,#9989);
#8832=AXIS2_PLACEMENT_3D('',#13109,#9992,#9993);
#8833=AXIS2_PLACEMENT_3D('',#13112,#9995,#9996);
#8834=AXIS2_PLACEMENT_3D('',#13113,#9997,#9998);
#8835=AXIS2_PLACEMENT_3D('',#13117,#10001,#10002);
#8836=AXIS2_PLACEMENT_3D('',#13119,#10003,#10004);
#8837=AXIS2_PLACEMENT_3D('',#13121,#10006,#10007);
#8838=AXIS2_PLACEMENT_3D('',#13123,#10008,#10009);
#8839=AXIS2_PLACEMENT_3D('',#13125,#10010,#10011);
#8840=AXIS2_PLACEMENT_3D('',#13129,#10013,#10014);
#8841=AXIS2_PLACEMENT_3D('',#13133,#10016,#10017);
#8842=AXIS2_PLACEMENT_3D('',#13138,#10020,#10021);
#8843=AXIS2_PLACEMENT_3D('',#13142,#10023,#10024);
#8844=AXIS2_PLACEMENT_3D('',#13147,#10027,#10028);
#8845=AXIS2_PLACEMENT_3D('',#13151,#10030,#10031);
#8846=AXIS2_PLACEMENT_3D('',#13153,#10032,#10033);
#8847=AXIS2_PLACEMENT_3D('',#13158,#10036,#10037);
#8848=AXIS2_PLACEMENT_3D('',#13159,#10038,#10039);
#8849=AXIS2_PLACEMENT_3D('',#13161,#10041,#10042);
#8850=AXIS2_PLACEMENT_3D('',#13163,#10044,#10045);
#8851=AXIS2_PLACEMENT_3D('',#13166,#10048,#10049);
#8852=AXIS2_PLACEMENT_3D('',#13168,#10051,#10052);
#8853=AXIS2_PLACEMENT_3D('',#13170,#10054,#10055);
#8854=AXIS2_PLACEMENT_3D('',#13171,#10056,#10057);
#8855=AXIS2_PLACEMENT_3D('',#13173,#10058,#10059);
#8856=AXIS2_PLACEMENT_3D('',#13175,#10061,#10062);
#8857=AXIS2_PLACEMENT_3D('',#13176,#10063,#10064);
#8858=AXIS2_PLACEMENT_3D('',#13177,#10065,#10066);
#8859=AXIS2_PLACEMENT_3D('',#13180,#10068,#10069);
#8860=AXIS2_PLACEMENT_3D('',#13181,#10070,#10071);
#8861=AXIS2_PLACEMENT_3D('',#13183,#10073,#10074);
#8862=AXIS2_PLACEMENT_3D('',#13189,#10078,#10079);
#8863=AXIS2_PLACEMENT_3D('',#13195,#10083,#10084);
#8864=AXIS2_PLACEMENT_3D('',#13198,#10087,#10088);
#8865=AXIS2_PLACEMENT_3D('',#13199,#10089,#10090);
#8866=AXIS2_PLACEMENT_3D('',#13200,#10091,#10092);
#8867=AXIS2_PLACEMENT_3D('',#13201,#10093,#10094);
#8868=AXIS2_PLACEMENT_3D('',#13211,#10096,#10097);
#8869=AXIS2_PLACEMENT_3D('',#13213,#10099,#10100);
#8870=AXIS2_PLACEMENT_3D('',#13215,#10102,#10103);
#8871=AXIS2_PLACEMENT_3D('',#13216,#10104,#10105);
#8872=AXIS2_PLACEMENT_3D('',#13218,#10106,#10107);
#8873=AXIS2_PLACEMENT_3D('',#13220,#10109,#10110);
#8874=AXIS2_PLACEMENT_3D('',#13222,#10111,#10112);
#8875=AXIS2_PLACEMENT_3D('',#13223,#10113,#10114);
#8876=AXIS2_PLACEMENT_3D('',#13224,#10115,#10116);
#8877=AXIS2_PLACEMENT_3D('',#13226,#10117,#10118);
#8878=AXIS2_PLACEMENT_3D('',#13227,#10119,#10120);
#8879=AXIS2_PLACEMENT_3D('',#13229,#10121,#10122);
#8880=AXIS2_PLACEMENT_3D('',#13233,#10124,#10125);
#8881=AXIS2_PLACEMENT_3D('',#13234,#10126,#10127);
#8882=AXIS2_PLACEMENT_3D('',#13235,#10128,#10129);
#8883=AXIS2_PLACEMENT_3D('',#13236,#10130,#10131);
#8884=AXIS2_PLACEMENT_3D('',#13237,#10132,#10133);
#8885=AXIS2_PLACEMENT_3D('',#13239,#10134,#10135);
#8886=AXIS2_PLACEMENT_3D('',#13240,#10136,#10137);
#8887=AXIS2_PLACEMENT_3D('',#13247,#10138,#10139);
#8888=AXIS2_PLACEMENT_3D('',#13252,#10140,#10141);
#8889=AXIS2_PLACEMENT_3D('',#13254,#10143,#10144);
#8890=AXIS2_PLACEMENT_3D('',#13257,#10147,#10148);
#8891=AXIS2_PLACEMENT_3D('',#13259,#10150,#10151);
#8892=AXIS2_PLACEMENT_3D('',#13261,#10153,#10154);
#8893=AXIS2_PLACEMENT_3D('',#13262,#10155,#10156);
#8894=AXIS2_PLACEMENT_3D('',#13264,#10158,#10159);
#8895=AXIS2_PLACEMENT_3D('',#13267,#10162,#10163);
#8896=AXIS2_PLACEMENT_3D('',#13268,#10164,#10165);
#8897=AXIS2_PLACEMENT_3D('',#13269,#10166,#10167);
#8898=AXIS2_PLACEMENT_3D('',#13270,#10168,#10169);
#8899=AXIS2_PLACEMENT_3D('',#13272,#10171,#10172);
#8900=AXIS2_PLACEMENT_3D('',#13273,#10173,#10174);
#8901=AXIS2_PLACEMENT_3D('',#13275,#10175,#10176);
#8902=AXIS2_PLACEMENT_3D('',#13277,#10177,#10178);
#8903=AXIS2_PLACEMENT_3D('',#13278,#10179,#10180);
#8904=AXIS2_PLACEMENT_3D('',#13280,#10182,#10183);
#8905=AXIS2_PLACEMENT_3D('',#13281,#10184,#10185);
#8906=AXIS2_PLACEMENT_3D('',#13283,#10186,#10187);
#8907=AXIS2_PLACEMENT_3D('',#13285,#10188,#10189);
#8908=AXIS2_PLACEMENT_3D('',#13286,#10190,#10191);
#8909=AXIS2_PLACEMENT_3D('',#13288,#10193,#10194);
#8910=AXIS2_PLACEMENT_3D('',#13289,#10195,#10196);
#8911=AXIS2_PLACEMENT_3D('',#13291,#10198,#10199);
#8912=AXIS2_PLACEMENT_3D('',#13293,#10201,#10202);
#8913=AXIS2_PLACEMENT_3D('',#13294,#10203,#10204);
#8914=AXIS2_PLACEMENT_3D('',#13295,#10205,#10206);
#8915=AXIS2_PLACEMENT_3D('',#13298,#10207,#10208);
#8916=AXIS2_PLACEMENT_3D('',#13328,#10216,#10217);
#8917=AXIS2_PLACEMENT_3D('',#13332,#10219,#10220);
#8918=AXIS2_PLACEMENT_3D('',#13336,#10222,#10223);
#8919=AXIS2_PLACEMENT_3D('',#13340,#10225,#10226);
#8920=AXIS2_PLACEMENT_3D('',#13344,#10228,#10229);
#8921=AXIS2_PLACEMENT_3D('',#13346,#10230,#10231);
#8922=AXIS2_PLACEMENT_3D('',#13350,#10233,#10234);
#8923=AXIS2_PLACEMENT_3D('',#13354,#10236,#10237);
#8924=AXIS2_PLACEMENT_3D('',#13358,#10239,#10240);
#8925=AXIS2_PLACEMENT_3D('',#13362,#10242,#10243);
#8926=AXIS2_PLACEMENT_3D('',#13365,#10245,#10246);
#8927=AXIS2_PLACEMENT_3D('',#13367,#10247,#10248);
#8928=AXIS2_PLACEMENT_3D('',#13369,#10249,#10250);
#8929=AXIS2_PLACEMENT_3D('',#13372,#10251,#10252);
#8930=AXIS2_PLACEMENT_3D('',#13375,#10254,#10255);
#8931=AXIS2_PLACEMENT_3D('',#13377,#10256,#10257);
#8932=AXIS2_PLACEMENT_3D('',#13378,#10258,#10259);
#8933=AXIS2_PLACEMENT_3D('',#13381,#10260,#10261);
#8934=AXIS2_PLACEMENT_3D('',#13384,#10264,#10265);
#8935=AXIS2_PLACEMENT_3D('',#13388,#10268,#10269);
#8936=AXIS2_PLACEMENT_3D('',#13391,#10270,#10271);
#8937=AXIS2_PLACEMENT_3D('',#13394,#10274,#10275);
#8938=AXIS2_PLACEMENT_3D('',#13398,#10278,#10279);
#8939=AXIS2_PLACEMENT_3D('',#13401,#10280,#10281);
#8940=AXIS2_PLACEMENT_3D('',#13409,#10284,#10285);
#8941=AXIS2_PLACEMENT_3D('',#13413,#10288,#10289);
#8942=AXIS2_PLACEMENT_3D('',#13416,#10290,#10291);
#8943=AXIS2_PLACEMENT_3D('',#13419,#10294,#10295);
#8944=AXIS2_PLACEMENT_3D('',#13423,#10298,#10299);
#8945=AXIS2_PLACEMENT_3D('',#13426,#10300,#10301);
#8946=AXIS2_PLACEMENT_3D('',#13427,#10302,#10303);
#8947=AXIS2_PLACEMENT_3D('',#13428,#10304,#10305);
#8948=AXIS2_PLACEMENT_3D('',#13431,#10306,#10307);
#8949=AXIS2_PLACEMENT_3D('',#13432,#10308,#10309);
#8950=AXIS2_PLACEMENT_3D('',#13433,#10310,#10311);
#8951=AXIS2_PLACEMENT_3D('',#13438,#10314,#10315);
#8952=AXIS2_PLACEMENT_3D('',#13445,#10320,#10321);
#8953=AXIS2_PLACEMENT_3D('',#13447,#10322,#10323);
#8954=AXIS2_PLACEMENT_3D('',#13449,#10325,#10326);
#8955=AXIS2_PLACEMENT_3D('',#13450,#10327,#10328);
#8956=AXIS2_PLACEMENT_3D('',#13451,#10329,#10330);
#8957=AXIS2_PLACEMENT_3D('',#13455,#10333,#10334);
#8958=AXIS2_PLACEMENT_3D('',#13456,#10335,#10336);
#8959=AXIS2_PLACEMENT_3D('',#13460,#10339,#10340);
#8960=AXIS2_PLACEMENT_3D('',#13462,#10341,#10342);
#8961=AXIS2_PLACEMENT_3D('',#13464,#10344,#10345);
#8962=AXIS2_PLACEMENT_3D('',#13465,#10346,#10347);
#8963=AXIS2_PLACEMENT_3D('',#13466,#10348,#10349);
#8964=AXIS2_PLACEMENT_3D('',#13467,#10350,#10351);
#8965=AXIS2_PLACEMENT_3D('',#13469,#10353,#10354);
#8966=AXIS2_PLACEMENT_3D('',#13475,#10356,#10357);
#8967=AXIS2_PLACEMENT_3D('',#13480,#10359,#10360);
#8968=AXIS2_PLACEMENT_3D('',#13483,#10362,#10363);
#8969=AXIS2_PLACEMENT_3D('',#13484,#10364,#10365);
#8970=AXIS2_PLACEMENT_3D('',#13491,#10369,#10370);
#8971=AXIS2_PLACEMENT_3D('',#13492,#10371,#10372);
#8972=AXIS2_PLACEMENT_3D('',#13498,#10376,#10377);
#8973=AXIS2_PLACEMENT_3D('',#13501,#10379,#10380);
#8974=AXIS2_PLACEMENT_3D('',#13502,#10381,#10382);
#8975=AXIS2_PLACEMENT_3D('',#13503,#10383,#10384);
#8976=AXIS2_PLACEMENT_3D('',#13507,#10387,#10388);
#8977=AXIS2_PLACEMENT_3D('',#13513,#10389,#10390);
#8978=AXIS2_PLACEMENT_3D('',#13520,#10391,#10392);
#8979=AXIS2_PLACEMENT_3D('',#13537,#10399,#10400);
#8980=AXIS2_PLACEMENT_3D('',#13550,#10403,#10404);
#8981=AXIS2_PLACEMENT_3D('',#13552,#10405,#10406);
#8982=AXIS2_PLACEMENT_3D('',#13555,#10408,#10409);
#8983=AXIS2_PLACEMENT_3D('',#13556,#10410,#10411);
#8984=AXIS2_PLACEMENT_3D('',#13562,#10414,#10415);
#8985=AXIS2_PLACEMENT_3D('',#13566,#10417,#10418);
#8986=AXIS2_PLACEMENT_3D('',#13570,#10420,#10421);
#8987=AXIS2_PLACEMENT_3D('',#13572,#10422,#10423);
#8988=AXIS2_PLACEMENT_3D('',#13574,#10424,#10425);
#8989=AXIS2_PLACEMENT_3D('',#13578,#10427,#10428);
#8990=AXIS2_PLACEMENT_3D('',#13580,#10430,#10431);
#8991=AXIS2_PLACEMENT_3D('',#13622,#10434,#10435);
#8992=AXIS2_PLACEMENT_3D('',#13623,#10436,#10437);
#8993=AXIS2_PLACEMENT_3D('',#13629,#10441,#10442);
#8994=AXIS2_PLACEMENT_3D('',#13633,#10444,#10445);
#8995=AXIS2_PLACEMENT_3D('',#13634,#10446,#10447);
#8996=AXIS2_PLACEMENT_3D('',#13635,#10448,#10449);
#8997=AXIS2_PLACEMENT_3D('',#13643,#10450,#10451);
#8998=AXIS2_PLACEMENT_3D('',#13644,#10452,#10453);
#8999=AXIS2_PLACEMENT_3D('',#13649,#10457,#10458);
#9000=AXIS2_PLACEMENT_3D('',#13652,#10460,#10461);
#9001=AXIS2_PLACEMENT_3D('',#13653,#10462,#10463);
#9002=AXIS2_PLACEMENT_3D('',#13655,#10464,#10465);
#9003=AXIS2_PLACEMENT_3D('',#13659,#10468,#10469);
#9004=AXIS2_PLACEMENT_3D('',#13676,#10476,#10477);
#9005=AXIS2_PLACEMENT_3D('',#13689,#10479,#10480);
#9006=AXIS2_PLACEMENT_3D('',#13691,#10481,#10482);
#9007=AXIS2_PLACEMENT_3D('',#13721,#10483,#10484);
#9008=AXIS2_PLACEMENT_3D('',#13728,#10485,#10486);
#9009=AXIS2_PLACEMENT_3D('',#13798,#10487,#10488);
#9010=AXIS2_PLACEMENT_3D('',#13805,#10489,#10490);
#9011=AXIS2_PLACEMENT_3D('',#13853,#10491,#10492);
#9012=AXIS2_PLACEMENT_3D('',#13857,#10494,#10495);
#9013=AXIS2_PLACEMENT_3D('',#13900,#10497,#10498);
#9014=AXIS2_PLACEMENT_3D('',#13928,#10499,#10500);
#9015=AXIS2_PLACEMENT_3D('',#13929,#10501,#10502);
#9016=AXIS2_PLACEMENT_3D('',#13930,#10503,#10504);
#9017=AXIS2_PLACEMENT_3D('',#13966,#10505,#10506);
#9018=AXIS2_PLACEMENT_3D('',#13977,#10508,#10509);
#9019=AXIS2_PLACEMENT_3D('',#14047,#10511,#10512);
#9020=AXIS2_PLACEMENT_3D('',#14049,#10513,#10514);
#9021=AXIS2_PLACEMENT_3D('',#14051,#10515,#10516);
#9022=AXIS2_PLACEMENT_3D('',#14058,#10517,#10518);
#9023=AXIS2_PLACEMENT_3D('',#14059,#10519,#10520);
#9024=AXIS2_PLACEMENT_3D('',#14062,#10522,#10523);
#9025=AXIS2_PLACEMENT_3D('',#14063,#10524,#10525);
#9026=AXIS2_PLACEMENT_3D('',#14067,#10528,#10529);
#9027=AXIS2_PLACEMENT_3D('',#14069,#10530,#10531);
#9028=AXIS2_PLACEMENT_3D('',#14075,#10532,#10533);
#9029=AXIS2_PLACEMENT_3D('',#14107,#10534,#10535);
#9030=AXIS2_PLACEMENT_3D('',#14109,#10536,#10537);
#9031=AXIS2_PLACEMENT_3D('',#14122,#10538,#10539);
#9032=AXIS2_PLACEMENT_3D('',#14124,#10540,#10541);
#9033=AXIS2_PLACEMENT_3D('',#14170,#10543,#10544);
#9034=AXIS2_PLACEMENT_3D('',#14175,#10545,#10546);
#9035=AXIS2_PLACEMENT_3D('',#14178,#10547,#10548);
#9036=AXIS2_PLACEMENT_3D('',#14218,#10551,#10552);
#9037=AXIS2_PLACEMENT_3D('',#14220,#10553,#10554);
#9038=AXIS2_PLACEMENT_3D('',#14234,#10555,#10556);
#9039=AXIS2_PLACEMENT_3D('',#14236,#10558,#10559);
#9040=AXIS2_PLACEMENT_3D('',#14237,#10560,#10561);
#9041=AXIS2_PLACEMENT_3D('',#14243,#10565,#10566);
#9042=AXIS2_PLACEMENT_3D('',#14247,#10568,#10569);
#9043=AXIS2_PLACEMENT_3D('',#14249,#10571,#10572);
#9044=AXIS2_PLACEMENT_3D('',#14252,#10574,#10575);
#9045=AXIS2_PLACEMENT_3D('',#14253,#10576,#10577);
#9046=AXIS2_PLACEMENT_3D('',#14257,#10580,#10581);
#9047=AXIS2_PLACEMENT_3D('',#14258,#10582,#10583);
#9048=AXIS2_PLACEMENT_3D('',#14270,#10584,#10585);
#9049=AXIS2_PLACEMENT_3D('',#14284,#10587,#10588);
#9050=AXIS2_PLACEMENT_3D('',#14291,#10589,#10590);
#9051=AXIS2_PLACEMENT_3D('',#14293,#10591,#10592);
#9052=AXIS2_PLACEMENT_3D('',#14305,#10593,#10594);
#9053=AXIS2_PLACEMENT_3D('',#14306,#10595,#10596);
#9054=AXIS2_PLACEMENT_3D('',#14314,#10598,#10599);
#9055=AXIS2_PLACEMENT_3D('',#14326,#10600,#10601);
#9056=AXIS2_PLACEMENT_3D('',#14327,#10602,#10603);
#9057=AXIS2_PLACEMENT_3D('',#14328,#10604,#10605);
#9058=AXIS2_PLACEMENT_3D('',#14329,#10606,#10607);
#9059=AXIS2_PLACEMENT_3D('',#14330,#10608,#10609);
#9060=AXIS2_PLACEMENT_3D('',#14331,#10610,#10611);
#9061=AXIS2_PLACEMENT_3D('',#14385,#10613,#10614);
#9062=AXIS2_PLACEMENT_3D('',#14387,#10615,#10616);
#9063=AXIS2_PLACEMENT_3D('',#14389,#10618,#10619);
#9064=AXIS2_PLACEMENT_3D('',#14391,#10620,#10621);
#9065=AXIS2_PLACEMENT_3D('',#14435,#10623,#10624);
#9066=AXIS2_PLACEMENT_3D('',#14436,#10625,#10626);
#9067=AXIS2_PLACEMENT_3D('',#14437,#10627,#10628);
#9068=AXIS2_PLACEMENT_3D('',#14438,#10629,#10630);
#9069=AXIS2_PLACEMENT_3D('',#14439,#10631,#10632);
#9070=AXIS2_PLACEMENT_3D('',#14440,#10633,#10634);
#9071=AXIS2_PLACEMENT_3D('',#14441,#10635,#10636);
#9072=AXIS2_PLACEMENT_3D('',#14442,#10637,#10638);
#9073=AXIS2_PLACEMENT_3D('',#14443,#10639,#10640);
#9074=AXIS2_PLACEMENT_3D('',#14447,#10643,#10644);
#9075=AXIS2_PLACEMENT_3D('',#14450,#10646,#10647);
#9076=AXIS2_PLACEMENT_3D('',#14451,#10648,#10649);
#9077=AXIS2_PLACEMENT_3D('',#14455,#10652,#10653);
#9078=AXIS2_PLACEMENT_3D('',#14457,#10654,#10655);
#9079=AXIS2_PLACEMENT_3D('',#14459,#10657,#10658);
#9080=AXIS2_PLACEMENT_3D('',#14461,#10659,#10660);
#9081=AXIS2_PLACEMENT_3D('',#14463,#10661,#10662);
#9082=AXIS2_PLACEMENT_3D('',#14467,#10664,#10665);
#9083=AXIS2_PLACEMENT_3D('',#14471,#10667,#10668);
#9084=AXIS2_PLACEMENT_3D('',#14474,#10670,#10671);
#9085=AXIS2_PLACEMENT_3D('',#14478,#10673,#10674);
#9086=AXIS2_PLACEMENT_3D('',#14483,#10677,#10678);
#9087=AXIS2_PLACEMENT_3D('',#14487,#10680,#10681);
#9088=AXIS2_PLACEMENT_3D('',#14489,#10682,#10683);
#9089=AXIS2_PLACEMENT_3D('',#14494,#10686,#10687);
#9090=AXIS2_PLACEMENT_3D('',#14495,#10688,#10689);
#9091=AXIS2_PLACEMENT_3D('',#14497,#10691,#10692);
#9092=AXIS2_PLACEMENT_3D('',#14499,#10694,#10695);
#9093=AXIS2_PLACEMENT_3D('',#14502,#10698,#10699);
#9094=AXIS2_PLACEMENT_3D('',#14504,#10701,#10702);
#9095=AXIS2_PLACEMENT_3D('',#14506,#10704,#10705);
#9096=AXIS2_PLACEMENT_3D('',#14507,#10706,#10707);
#9097=AXIS2_PLACEMENT_3D('',#14509,#10708,#10709);
#9098=AXIS2_PLACEMENT_3D('',#14511,#10711,#10712);
#9099=AXIS2_PLACEMENT_3D('',#14512,#10713,#10714);
#9100=AXIS2_PLACEMENT_3D('',#14513,#10715,#10716);
#9101=AXIS2_PLACEMENT_3D('',#14516,#10718,#10719);
#9102=AXIS2_PLACEMENT_3D('',#14517,#10720,#10721);
#9103=AXIS2_PLACEMENT_3D('',#14519,#10723,#10724);
#9104=AXIS2_PLACEMENT_3D('',#14525,#10728,#10729);
#9105=AXIS2_PLACEMENT_3D('',#14531,#10733,#10734);
#9106=AXIS2_PLACEMENT_3D('',#14534,#10737,#10738);
#9107=AXIS2_PLACEMENT_3D('',#14535,#10739,#10740);
#9108=AXIS2_PLACEMENT_3D('',#14536,#10741,#10742);
#9109=AXIS2_PLACEMENT_3D('',#14537,#10743,#10744);
#9110=AXIS2_PLACEMENT_3D('',#14549,#10746,#10747);
#9111=AXIS2_PLACEMENT_3D('',#14551,#10749,#10750);
#9112=AXIS2_PLACEMENT_3D('',#14553,#10752,#10753);
#9113=AXIS2_PLACEMENT_3D('',#14554,#10754,#10755);
#9114=AXIS2_PLACEMENT_3D('',#14556,#10756,#10757);
#9115=AXIS2_PLACEMENT_3D('',#14558,#10759,#10760);
#9116=AXIS2_PLACEMENT_3D('',#14560,#10761,#10762);
#9117=AXIS2_PLACEMENT_3D('',#14561,#10763,#10764);
#9118=AXIS2_PLACEMENT_3D('',#14562,#10765,#10766);
#9119=AXIS2_PLACEMENT_3D('',#14564,#10767,#10768);
#9120=AXIS2_PLACEMENT_3D('',#14565,#10769,#10770);
#9121=AXIS2_PLACEMENT_3D('',#14567,#10771,#10772);
#9122=AXIS2_PLACEMENT_3D('',#14571,#10774,#10775);
#9123=AXIS2_PLACEMENT_3D('',#14572,#10776,#10777);
#9124=AXIS2_PLACEMENT_3D('',#14573,#10778,#10779);
#9125=AXIS2_PLACEMENT_3D('',#14574,#10780,#10781);
#9126=AXIS2_PLACEMENT_3D('',#14576,#10782,#10783);
#9127=AXIS2_PLACEMENT_3D('',#14577,#10784,#10785);
#9128=AXIS2_PLACEMENT_3D('',#14584,#10786,#10787);
#9129=AXIS2_PLACEMENT_3D('',#14589,#10788,#10789);
#9130=AXIS2_PLACEMENT_3D('',#14591,#10791,#10792);
#9131=AXIS2_PLACEMENT_3D('',#14594,#10795,#10796);
#9132=AXIS2_PLACEMENT_3D('',#14596,#10798,#10799);
#9133=AXIS2_PLACEMENT_3D('',#14598,#10801,#10802);
#9134=AXIS2_PLACEMENT_3D('',#14599,#10803,#10804);
#9135=AXIS2_PLACEMENT_3D('',#14601,#10806,#10807);
#9136=AXIS2_PLACEMENT_3D('',#14605,#10810,#10811);
#9137=AXIS2_PLACEMENT_3D('',#14606,#10812,#10813);
#9138=AXIS2_PLACEMENT_3D('',#14607,#10814,#10815);
#9139=AXIS2_PLACEMENT_3D('',#14608,#10816,#10817);
#9140=AXIS2_PLACEMENT_3D('',#14610,#10819,#10820);
#9141=AXIS2_PLACEMENT_3D('',#14612,#10822,#10823);
#9142=AXIS2_PLACEMENT_3D('',#14614,#10825,#10826);
#9143=AXIS2_PLACEMENT_3D('',#14616,#10828,#10829);
#9144=AXIS2_PLACEMENT_3D('',#14617,#10830,#10831);
#9145=AXIS2_PLACEMENT_3D('',#14619,#10832,#10833);
#9146=AXIS2_PLACEMENT_3D('',#14621,#10834,#10835);
#9147=AXIS2_PLACEMENT_3D('',#14622,#10836,#10837);
#9148=AXIS2_PLACEMENT_3D('',#14624,#10839,#10840);
#9149=AXIS2_PLACEMENT_3D('',#14625,#10841,#10842);
#9150=AXIS2_PLACEMENT_3D('',#14627,#10843,#10844);
#9151=AXIS2_PLACEMENT_3D('',#14629,#10845,#10846);
#9152=AXIS2_PLACEMENT_3D('',#14630,#10847,#10848);
#9153=AXIS2_PLACEMENT_3D('',#14632,#10850,#10851);
#9154=AXIS2_PLACEMENT_3D('',#14633,#10852,#10853);
#9155=AXIS2_PLACEMENT_3D('',#14635,#10855,#10856);
#9156=AXIS2_PLACEMENT_3D('',#14637,#10858,#10859);
#9157=AXIS2_PLACEMENT_3D('',#14638,#10860,#10861);
#9158=AXIS2_PLACEMENT_3D('',#14639,#10862,#10863);
#9159=AXIS2_PLACEMENT_3D('',#14642,#10864,#10865);
#9160=AXIS2_PLACEMENT_3D('',#14646,#10867,#10868);
#9161=AXIS2_PLACEMENT_3D('',#14648,#10870,#10871);
#9162=AXIS2_PLACEMENT_3D('',#14654,#10875,#10876);
#9163=AXIS2_PLACEMENT_3D('',#14657,#10877,#10878);
#9164=AXIS2_PLACEMENT_3D('',#14661,#10880,#10881);
#9165=AXIS2_PLACEMENT_3D('',#14663,#10883,#10884);
#9166=AXIS2_PLACEMENT_3D('',#14669,#10888,#10889);
#9167=AXIS2_PLACEMENT_3D('',#14672,#10890,#10891);
#9168=AXIS2_PLACEMENT_3D('',#14687,#10894,#10895);
#9169=AXIS2_PLACEMENT_3D('',#14697,#10899,#10900);
#9170=AXIS2_PLACEMENT_3D('',#14700,#10901,#10902);
#9171=AXIS2_PLACEMENT_3D('',#14704,#10904,#10905);
#9172=AXIS2_PLACEMENT_3D('',#14706,#10907,#10908);
#9173=AXIS2_PLACEMENT_3D('',#14712,#10912,#10913);
#9174=AXIS2_PLACEMENT_3D('',#14714,#10914,#10915);
#9175=AXIS2_PLACEMENT_3D('',#14717,#10917,#10918);
#9176=AXIS2_PLACEMENT_3D('',#14718,#10919,#10920);
#9177=AXIS2_PLACEMENT_3D('',#14719,#10921,#10922);
#9178=AXIS2_PLACEMENT_3D('',#14720,#10923,#10924);
#9179=AXIS2_PLACEMENT_3D('',#14721,#10925,#10926);
#9180=AXIS2_PLACEMENT_3D('',#14725,#10928,#10929);
#9181=AXIS2_PLACEMENT_3D('',#14727,#10931,#10932);
#9182=AXIS2_PLACEMENT_3D('',#14733,#10936,#10937);
#9183=AXIS2_PLACEMENT_3D('',#14735,#10938,#10939);
#9184=AXIS2_PLACEMENT_3D('',#14738,#10941,#10942);
#9185=AXIS2_PLACEMENT_3D('',#14739,#10943,#10944);
#9186=AXIS2_PLACEMENT_3D('',#14740,#10945,#10946);
#9187=AXIS2_PLACEMENT_3D('',#14741,#10947,#10948);
#9188=AXIS2_PLACEMENT_3D('',#14742,#10949,#10950);
#9189=AXIS2_PLACEMENT_3D('',#14745,#10952,#10953);
#9190=AXIS2_PLACEMENT_3D('',#14746,#10954,#10955);
#9191=AXIS2_PLACEMENT_3D('',#14752,#10959,#10960);
#9192=AXIS2_PLACEMENT_3D('',#14755,#10961,#10962);
#9193=AXIS2_PLACEMENT_3D('',#14759,#10964,#10965);
#9194=AXIS2_PLACEMENT_3D('',#14761,#10967,#10968);
#9195=AXIS2_PLACEMENT_3D('',#14763,#10969,#10970);
#9196=AXIS2_PLACEMENT_3D('',#14765,#10971,#10972);
#9197=AXIS2_PLACEMENT_3D('',#14805,#10973,#10974);
#9198=AXIS2_PLACEMENT_3D('',#14807,#10975,#10976);
#9199=AXIS2_PLACEMENT_3D('',#14809,#10977,#10978);
#9200=AXIS2_PLACEMENT_3D('',#14827,#10979,#10980);
#9201=AXIS2_PLACEMENT_3D('',#14830,#10981,#10982);
#9202=AXIS2_PLACEMENT_3D('',#14858,#10985,#10986);
#9203=AXIS2_PLACEMENT_3D('',#14860,#10987,#10988);
#9204=AXIS2_PLACEMENT_3D('',#14865,#10989,#10990);
#9205=AXIS2_PLACEMENT_3D('',#14866,#10991,#10992);
#9206=AXIS2_PLACEMENT_3D('',#14867,#10993,#10994);
#9207=AXIS2_PLACEMENT_3D('',#14868,#10995,#10996);
#9208=AXIS2_PLACEMENT_3D('',#14883,#11000,#11001);
#9209=AXIS2_PLACEMENT_3D('',#14889,#11005,#11006);
#9210=AXIS2_PLACEMENT_3D('',#14892,#11008,#11009);
#9211=AXIS2_PLACEMENT_3D('',#14893,#11010,#11011);
#9212=AXIS2_PLACEMENT_3D('',#14895,#11012,#11013);
#9213=AXIS2_PLACEMENT_3D('',#14897,#11015,#11016);
#9214=AXIS2_PLACEMENT_3D('',#14899,#11018,#11019);
#9215=AXIS2_PLACEMENT_3D('',#14900,#11020,#11021);
#9216=AXIS2_PLACEMENT_3D('',#14911,#11027,#11028);
#9217=AXIS2_PLACEMENT_3D('',#14917,#11032,#11033);
#9218=AXIS2_PLACEMENT_3D('',#14925,#11038,#11039);
#9219=AXIS2_PLACEMENT_3D('',#14929,#11042,#11043);
#9220=AXIS2_PLACEMENT_3D('',#14935,#11047,#11048);
#9221=AXIS2_PLACEMENT_3D('',#14941,#11052,#11053);
#9222=AXIS2_PLACEMENT_3D('',#14947,#11056,#11057);
#9223=AXIS2_PLACEMENT_3D('',#14951,#11059,#11060);
#9224=AXIS2_PLACEMENT_3D('',#14970,#11068,#11069);
#9225=AXIS2_PLACEMENT_3D('',#14972,#11071,#11072);
#9226=AXIS2_PLACEMENT_3D('',#14978,#11076,#11077);
#9227=AXIS2_PLACEMENT_3D('',#14991,#11081,#11082);
#9228=AXIS2_PLACEMENT_3D('',#14994,#11084,#11085);
#9229=AXIS2_PLACEMENT_3D('',#15062,#11090,#11091);
#9230=AXIS2_PLACEMENT_3D('',#15066,#11094,#11095);
#9231=AXIS2_PLACEMENT_3D('',#15068,#11097,#11098);
#9232=AXIS2_PLACEMENT_3D('',#15071,#11100,#11101);
#9233=AXIS2_PLACEMENT_3D('',#15072,#11102,#11103);
#9234=AXIS2_PLACEMENT_3D('',#15076,#11106,#11107);
#9235=AXIS2_PLACEMENT_3D('',#15079,#11109,#11110);
#9236=AXIS2_PLACEMENT_3D('',#15080,#11111,#11112);
#9237=AXIS2_PLACEMENT_3D('',#15084,#11115,#11116);
#9238=AXIS2_PLACEMENT_3D('',#15090,#11117,#11118);
#9239=AXIS2_PLACEMENT_3D('',#15092,#11119,#11120);
#9240=AXIS2_PLACEMENT_3D('',#15099,#11121,#11122);
#9241=AXIS2_PLACEMENT_3D('',#15141,#11125,#11126);
#9242=AXIS2_PLACEMENT_3D('',#15142,#11127,#11128);
#9243=AXIS2_PLACEMENT_3D('',#15148,#11132,#11133);
#9244=AXIS2_PLACEMENT_3D('',#15151,#11135,#11136);
#9245=AXIS2_PLACEMENT_3D('',#15152,#11137,#11138);
#9246=AXIS2_PLACEMENT_3D('',#15158,#11139,#11140);
#9247=AXIS2_PLACEMENT_3D('',#15159,#11141,#11142);
#9248=AXIS2_PLACEMENT_3D('',#15160,#11143,#11144);
#9249=AXIS2_PLACEMENT_3D('',#15163,#11147,#11148);
#9250=AXIS2_PLACEMENT_3D('',#15164,#11149,#11150);
#9251=AXIS2_PLACEMENT_3D('',#15166,#11152,#11153);
#9252=AXIS2_PLACEMENT_3D('',#15167,#11154,#11155);
#9253=AXIS2_PLACEMENT_3D('',#15168,#11156,#11157);
#9254=AXIS2_PLACEMENT_3D('',#15171,#11159,#11160);
#9255=AXIS2_PLACEMENT_3D('',#15175,#11162,#11163);
#9256=AXIS2_PLACEMENT_3D('',#15178,#11165,#11166);
#9257=AXIS2_PLACEMENT_3D('',#15204,#11172,#11173);
#9258=AXIS2_PLACEMENT_3D('',#15207,#11175,#11176);
#9259=AXIS2_PLACEMENT_3D('',#15209,#11177,#11178);
#9260=AXIS2_PLACEMENT_3D('',#15210,#11179,#11180);
#9261=AXIS2_PLACEMENT_3D('',#15222,#11181,#11182);
#9262=AXIS2_PLACEMENT_3D('',#15236,#11184,#11185);
#9263=AXIS2_PLACEMENT_3D('',#15243,#11186,#11187);
#9264=AXIS2_PLACEMENT_3D('',#15245,#11188,#11189);
#9265=AXIS2_PLACEMENT_3D('',#15257,#11190,#11191);
#9266=AXIS2_PLACEMENT_3D('',#15258,#11192,#11193);
#9267=AXIS2_PLACEMENT_3D('',#15266,#11195,#11196);
#9268=AXIS2_PLACEMENT_3D('',#15278,#11197,#11198);
#9269=AXIS2_PLACEMENT_3D('',#15279,#11199,#11200);
#9270=AXIS2_PLACEMENT_3D('',#15280,#11201,#11202);
#9271=AXIS2_PLACEMENT_3D('',#15281,#11203,#11204);
#9272=AXIS2_PLACEMENT_3D('',#15282,#11205,#11206);
#9273=AXIS2_PLACEMENT_3D('',#15283,#11207,#11208);
#9274=AXIS2_PLACEMENT_3D('',#15342,#11210,#11211);
#9275=AXIS2_PLACEMENT_3D('',#15344,#11212,#11213);
#9276=AXIS2_PLACEMENT_3D('',#15346,#11215,#11216);
#9277=AXIS2_PLACEMENT_3D('',#15348,#11217,#11218);
#9278=AXIS2_PLACEMENT_3D('',#15350,#11220,#11221);
#9279=AXIS2_PLACEMENT_3D('',#15353,#11223,#11224);
#9280=AXIS2_PLACEMENT_3D('',#15354,#11225,#11226);
#9281=AXIS2_PLACEMENT_3D('',#15355,#11227,#11228);
#9282=AXIS2_PLACEMENT_3D('',#15356,#11229,#11230);
#9283=AXIS2_PLACEMENT_3D('',#15357,#11231,#11232);
#9284=AXIS2_PLACEMENT_3D('',#15358,#11233,#11234);
#9285=AXIS2_PLACEMENT_3D('',#15359,#11235,#11236);
#9286=AXIS2_PLACEMENT_3D('',#15360,#11237,#11238);
#9287=AXIS2_PLACEMENT_3D('',#15362,#11239,#11240);
#9288=AXIS2_PLACEMENT_3D('',#15366,#11242,#11243);
#9289=AXIS2_PLACEMENT_3D('',#15368,#11244,#11245);
#9290=AXIS2_PLACEMENT_3D('',#15373,#11248,#11249);
#9291=AXIS2_PLACEMENT_3D('',#15376,#11251,#11252);
#9292=AXIS2_PLACEMENT_3D('',#15380,#11254,#11255);
#9293=AXIS2_PLACEMENT_3D('',#15382,#11257,#11258);
#9294=AXIS2_PLACEMENT_3D('',#15388,#11262,#11263);
#9295=AXIS2_PLACEMENT_3D('',#15394,#11267,#11268);
#9296=AXIS2_PLACEMENT_3D('',#15397,#11271,#11272);
#9297=AXIS2_PLACEMENT_3D('',#15398,#11273,#11274);
#9298=AXIS2_PLACEMENT_3D('',#15399,#11275,#11276);
#9299=AXIS2_PLACEMENT_3D('',#15401,#11278,#11279);
#9300=AXIS2_PLACEMENT_3D('',#15403,#11281,#11282);
#9301=AXIS2_PLACEMENT_3D('',#15404,#11283,#11284);
#9302=AXIS2_PLACEMENT_3D('',#15406,#11285,#11286);
#9303=AXIS2_PLACEMENT_3D('',#15408,#11288,#11289);
#9304=AXIS2_PLACEMENT_3D('',#15410,#11290,#11291);
#9305=AXIS2_PLACEMENT_3D('',#15411,#11292,#11293);
#9306=AXIS2_PLACEMENT_3D('',#15412,#11294,#11295);
#9307=AXIS2_PLACEMENT_3D('',#15414,#11296,#11297);
#9308=AXIS2_PLACEMENT_3D('',#15415,#11298,#11299);
#9309=AXIS2_PLACEMENT_3D('',#15417,#11300,#11301);
#9310=AXIS2_PLACEMENT_3D('',#15421,#11303,#11304);
#9311=AXIS2_PLACEMENT_3D('',#15422,#11305,#11306);
#9312=AXIS2_PLACEMENT_3D('',#15423,#11307,#11308);
#9313=AXIS2_PLACEMENT_3D('',#15424,#11309,#11310);
#9314=AXIS2_PLACEMENT_3D('',#15425,#11311,#11312);
#9315=AXIS2_PLACEMENT_3D('',#15427,#11313,#11314);
#9316=AXIS2_PLACEMENT_3D('',#15428,#11315,#11316);
#9317=AXIS2_PLACEMENT_3D('',#15435,#11317,#11318);
#9318=AXIS2_PLACEMENT_3D('',#15440,#11319,#11320);
#9319=AXIS2_PLACEMENT_3D('',#15442,#11322,#11323);
#9320=AXIS2_PLACEMENT_3D('',#15445,#11326,#11327);
#9321=AXIS2_PLACEMENT_3D('',#15447,#11329,#11330);
#9322=AXIS2_PLACEMENT_3D('',#15449,#11332,#11333);
#9323=AXIS2_PLACEMENT_3D('',#15450,#11334,#11335);
#9324=AXIS2_PLACEMENT_3D('',#15452,#11337,#11338);
#9325=AXIS2_PLACEMENT_3D('',#15456,#11341,#11342);
#9326=AXIS2_PLACEMENT_3D('',#15457,#11343,#11344);
#9327=AXIS2_PLACEMENT_3D('',#15458,#11345,#11346);
#9328=AXIS2_PLACEMENT_3D('',#15459,#11347,#11348);
#9329=AXIS2_PLACEMENT_3D('',#15461,#11350,#11351);
#9330=AXIS2_PLACEMENT_3D('',#15463,#11353,#11354);
#9331=AXIS2_PLACEMENT_3D('',#15465,#11356,#11357);
#9332=AXIS2_PLACEMENT_3D('',#15467,#11358,#11359);
#9333=AXIS2_PLACEMENT_3D('',#15469,#11360,#11361);
#9334=AXIS2_PLACEMENT_3D('',#15470,#11362,#11363);
#9335=AXIS2_PLACEMENT_3D('',#15472,#11365,#11366);
#9336=AXIS2_PLACEMENT_3D('',#15473,#11367,#11368);
#9337=AXIS2_PLACEMENT_3D('',#15475,#11369,#11370);
#9338=AXIS2_PLACEMENT_3D('',#15477,#11371,#11372);
#9339=AXIS2_PLACEMENT_3D('',#15478,#11373,#11374);
#9340=AXIS2_PLACEMENT_3D('',#15480,#11376,#11377);
#9341=AXIS2_PLACEMENT_3D('',#15481,#11378,#11379);
#9342=AXIS2_PLACEMENT_3D('',#15483,#11381,#11382);
#9343=AXIS2_PLACEMENT_3D('',#15485,#11384,#11385);
#9344=AXIS2_PLACEMENT_3D('',#15486,#11386,#11387);
#9345=AXIS2_PLACEMENT_3D('',#15487,#11388,#11389);
#9346=AXIS2_PLACEMENT_3D('',#15490,#11390,#11391);
#9347=AXIS2_PLACEMENT_3D('',#15491,#11392,#11393);
#9348=AXIS2_PLACEMENT_3D('',#15492,#11394,#11395);
#9349=AXIS2_PLACEMENT_3D('',#15498,#11398,#11399);
#9350=AXIS2_PLACEMENT_3D('',#15504,#11403,#11404);
#9351=AXIS2_PLACEMENT_3D('',#15507,#11405,#11406);
#9352=AXIS2_PLACEMENT_3D('',#15537,#11414,#11415);
#9353=AXIS2_PLACEMENT_3D('',#15541,#11417,#11418);
#9354=AXIS2_PLACEMENT_3D('',#15545,#11420,#11421);
#9355=AXIS2_PLACEMENT_3D('',#15549,#11423,#11424);
#9356=AXIS2_PLACEMENT_3D('',#15553,#11426,#11427);
#9357=AXIS2_PLACEMENT_3D('',#15555,#11428,#11429);
#9358=AXIS2_PLACEMENT_3D('',#15559,#11431,#11432);
#9359=AXIS2_PLACEMENT_3D('',#15563,#11434,#11435);
#9360=AXIS2_PLACEMENT_3D('',#15567,#11437,#11438);
#9361=AXIS2_PLACEMENT_3D('',#15571,#11440,#11441);
#9362=AXIS2_PLACEMENT_3D('',#15574,#11443,#11444);
#9363=AXIS2_PLACEMENT_3D('',#15576,#11445,#11446);
#9364=AXIS2_PLACEMENT_3D('',#15578,#11447,#11448);
#9365=AXIS2_PLACEMENT_3D('',#15581,#11449,#11450);
#9366=AXIS2_PLACEMENT_3D('',#15584,#11452,#11453);
#9367=AXIS2_PLACEMENT_3D('',#15586,#11454,#11455);
#9368=AXIS2_PLACEMENT_3D('',#15587,#11456,#11457);
#9369=AXIS2_PLACEMENT_3D('',#15590,#11458,#11459);
#9370=AXIS2_PLACEMENT_3D('',#15593,#11462,#11463);
#9371=AXIS2_PLACEMENT_3D('',#15597,#11466,#11467);
#9372=AXIS2_PLACEMENT_3D('',#15600,#11468,#11469);
#9373=AXIS2_PLACEMENT_3D('',#15603,#11472,#11473);
#9374=AXIS2_PLACEMENT_3D('',#15607,#11476,#11477);
#9375=AXIS2_PLACEMENT_3D('',#15610,#11478,#11479);
#9376=AXIS2_PLACEMENT_3D('',#15618,#11482,#11483);
#9377=AXIS2_PLACEMENT_3D('',#15622,#11486,#11487);
#9378=AXIS2_PLACEMENT_3D('',#15624,#11488,#11489);
#9379=AXIS2_PLACEMENT_3D('',#15627,#11492,#11493);
#9380=AXIS2_PLACEMENT_3D('',#15631,#11496,#11497);
#9381=AXIS2_PLACEMENT_3D('',#15633,#11498,#11499);
#9382=AXIS2_PLACEMENT_3D('',#15635,#11501,#11502);
#9383=AXIS2_PLACEMENT_3D('',#15636,#11503,#11504);
#9384=AXIS2_PLACEMENT_3D('',#15637,#11505,#11506);
#9385=AXIS2_PLACEMENT_3D('',#15640,#11508,#11509);
#9386=AXIS2_PLACEMENT_3D('',#15641,#11510,#11511);
#9387=AXIS2_PLACEMENT_3D('',#15645,#11514,#11515);
#9388=AXIS2_PLACEMENT_3D('',#15647,#11516,#11517);
#9389=AXIS2_PLACEMENT_3D('',#15649,#11519,#11520);
#9390=AXIS2_PLACEMENT_3D('',#15650,#11521,#11522);
#9391=AXIS2_PLACEMENT_3D('',#15651,#11523,#11524);
#9392=AXIS2_PLACEMENT_3D('',#15652,#11525,#11526);
#9393=AXIS2_PLACEMENT_3D('',#15653,#11527,#11528);
#9394=AXIS2_PLACEMENT_3D('',#15655,#11530,#11531);
#9395=AXIS2_PLACEMENT_3D('',#15658,#11532,#11533);
#9396=AXIS2_PLACEMENT_3D('',#15662,#11535,#11536);
#9397=AXIS2_PLACEMENT_3D('',#15664,#11538,#11539);
#9398=AXIS2_PLACEMENT_3D('',#15666,#11540,#11541);
#9399=AXIS2_PLACEMENT_3D('',#15668,#11542,#11543);
#9400=AXIS2_PLACEMENT_3D('',#15708,#11544,#11545);
#9401=AXIS2_PLACEMENT_3D('',#15710,#11546,#11547);
#9402=AXIS2_PLACEMENT_3D('',#15712,#11548,#11549);
#9403=AXIS2_PLACEMENT_3D('',#15730,#11550,#11551);
#9404=AXIS2_PLACEMENT_3D('',#15733,#11552,#11553);
#9405=AXIS2_PLACEMENT_3D('',#15761,#11556,#11557);
#9406=AXIS2_PLACEMENT_3D('',#15763,#11558,#11559);
#9407=AXIS2_PLACEMENT_3D('',#15768,#11560,#11561);
#9408=AXIS2_PLACEMENT_3D('',#15769,#11562,#11563);
#9409=AXIS2_PLACEMENT_3D('',#15770,#11564,#11565);
#9410=AXIS2_PLACEMENT_3D('',#15771,#11566,#11567);
#9411=AXIS2_PLACEMENT_3D('',#15787,#11571,#11572);
#9412=AXIS2_PLACEMENT_3D('',#15793,#11576,#11577);
#9413=AXIS2_PLACEMENT_3D('',#15796,#11579,#11580);
#9414=AXIS2_PLACEMENT_3D('',#15797,#11581,#11582);
#9415=AXIS2_PLACEMENT_3D('',#15799,#11583,#11584);
#9416=AXIS2_PLACEMENT_3D('',#15801,#11586,#11587);
#9417=AXIS2_PLACEMENT_3D('',#15803,#11589,#11590);
#9418=AXIS2_PLACEMENT_3D('',#15804,#11591,#11592);
#9419=AXIS2_PLACEMENT_3D('',#15815,#11598,#11599);
#9420=AXIS2_PLACEMENT_3D('',#15821,#11603,#11604);
#9421=AXIS2_PLACEMENT_3D('',#15829,#11609,#11610);
#9422=AXIS2_PLACEMENT_3D('',#15833,#11613,#11614);
#9423=AXIS2_PLACEMENT_3D('',#15839,#11618,#11619);
#9424=AXIS2_PLACEMENT_3D('',#15845,#11623,#11624);
#9425=AXIS2_PLACEMENT_3D('',#15851,#11627,#11628);
#9426=AXIS2_PLACEMENT_3D('',#15855,#11630,#11631);
#9427=AXIS2_PLACEMENT_3D('',#15874,#11639,#11640);
#9428=AXIS2_PLACEMENT_3D('',#15876,#11642,#11643);
#9429=AXIS2_PLACEMENT_3D('',#15882,#11647,#11648);
#9430=AXIS2_PLACEMENT_3D('',#15895,#11652,#11653);
#9431=AXIS2_PLACEMENT_3D('',#15898,#11655,#11656);
#9432=AXIS2_PLACEMENT_3D('',#15966,#11661,#11662);
#9433=AXIS2_PLACEMENT_3D('',#15970,#11665,#11666);
#9434=AXIS2_PLACEMENT_3D('',#15972,#11668,#11669);
#9435=AXIS2_PLACEMENT_3D('',#15975,#11671,#11672);
#9436=AXIS2_PLACEMENT_3D('',#15976,#11673,#11674);
#9437=AXIS2_PLACEMENT_3D('',#15980,#11677,#11678);
#9438=AXIS2_PLACEMENT_3D('',#15982,#11680,#11681);
#9439=AXIS2_PLACEMENT_3D('',#15983,#11682,#11683);
#9440=AXIS2_PLACEMENT_3D('',#15985,#11685,#11686);
#9441=AXIS2_PLACEMENT_3D('',#15991,#11687,#11688);
#9442=AXIS2_PLACEMENT_3D('',#15998,#11689,#11690);
#9443=AXIS2_PLACEMENT_3D('',#16040,#11693,#11694);
#9444=AXIS2_PLACEMENT_3D('',#16041,#11695,#11696);
#9445=AXIS2_PLACEMENT_3D('',#16044,#11699,#11700);
#9446=AXIS2_PLACEMENT_3D('',#16047,#11702,#11703);
#9447=AXIS2_PLACEMENT_3D('',#16048,#11704,#11705);
#9448=AXIS2_PLACEMENT_3D('',#16056,#11706,#11707);
#9449=AXIS2_PLACEMENT_3D('',#16057,#11708,#11709);
#9450=AXIS2_PLACEMENT_3D('',#16060,#11712,#11713);
#9451=AXIS2_PLACEMENT_3D('',#16061,#11714,#11715);
#9452=AXIS2_PLACEMENT_3D('',#16063,#11717,#11718);
#9453=AXIS2_PLACEMENT_3D('',#16064,#11719,#11720);
#9454=AXIS2_PLACEMENT_3D('',#16065,#11721,#11722);
#9455=AXIS2_PLACEMENT_3D('',#16077,#11723,#11724);
#9456=AXIS2_PLACEMENT_3D('',#16091,#11726,#11727);
#9457=AXIS2_PLACEMENT_3D('',#16098,#11728,#11729);
#9458=AXIS2_PLACEMENT_3D('',#16100,#11730,#11731);
#9459=AXIS2_PLACEMENT_3D('',#16112,#11732,#11733);
#9460=AXIS2_PLACEMENT_3D('',#16113,#11734,#11735);
#9461=AXIS2_PLACEMENT_3D('',#16121,#11737,#11738);
#9462=AXIS2_PLACEMENT_3D('',#16133,#11739,#11740);
#9463=AXIS2_PLACEMENT_3D('',#16134,#11741,#11742);
#9464=AXIS2_PLACEMENT_3D('',#16135,#11743,#11744);
#9465=AXIS2_PLACEMENT_3D('',#16136,#11745,#11746);
#9466=AXIS2_PLACEMENT_3D('',#16137,#11747,#11748);
#9467=AXIS2_PLACEMENT_3D('',#16138,#11749,#11750);
#9468=AXIS2_PLACEMENT_3D('',#16197,#11752,#11753);
#9469=AXIS2_PLACEMENT_3D('',#16199,#11754,#11755);
#9470=AXIS2_PLACEMENT_3D('',#16201,#11757,#11758);
#9471=AXIS2_PLACEMENT_3D('',#16203,#11759,#11760);
#9472=AXIS2_PLACEMENT_3D('',#16205,#11762,#11763);
#9473=AXIS2_PLACEMENT_3D('',#16206,#11764,#11765);
#9474=AXIS2_PLACEMENT_3D('',#16207,#11766,#11767);
#9475=AXIS2_PLACEMENT_3D('',#16208,#11768,#11769);
#9476=AXIS2_PLACEMENT_3D('',#16209,#11770,#11771);
#9477=AXIS2_PLACEMENT_3D('',#16210,#11772,#11773);
#9478=AXIS2_PLACEMENT_3D('',#16211,#11774,#11775);
#9479=AXIS2_PLACEMENT_3D('',#16212,#11776,#11777);
#9480=AXIS2_PLACEMENT_3D('',#16213,#11778,#11779);
#9481=AXIS2_PLACEMENT_3D('',#16215,#11780,#11781);
#9482=AXIS2_PLACEMENT_3D('',#16219,#11783,#11784);
#9483=AXIS2_PLACEMENT_3D('',#16221,#11785,#11786);
#9484=AXIS2_PLACEMENT_3D('',#16224,#11788,#11789);
#9485=AXIS2_PLACEMENT_3D('',#16227,#11791,#11792);
#9486=AXIS2_PLACEMENT_3D('',#16231,#11794,#11795);
#9487=AXIS2_PLACEMENT_3D('',#16233,#11797,#11798);
#9488=AXIS2_PLACEMENT_3D('',#16239,#11802,#11803);
#9489=AXIS2_PLACEMENT_3D('',#16245,#11807,#11808);
#9490=AXIS2_PLACEMENT_3D('',#16248,#11811,#11812);
#9491=AXIS2_PLACEMENT_3D('',#16249,#11813,#11814);
#9492=AXIS2_PLACEMENT_3D('',#16250,#11815,#11816);
#9493=AXIS2_PLACEMENT_3D('',#16252,#11818,#11819);
#9494=AXIS2_PLACEMENT_3D('',#16254,#11821,#11822);
#9495=AXIS2_PLACEMENT_3D('',#16255,#11823,#11824);
#9496=AXIS2_PLACEMENT_3D('',#16257,#11825,#11826);
#9497=AXIS2_PLACEMENT_3D('',#16259,#11828,#11829);
#9498=AXIS2_PLACEMENT_3D('',#16261,#11830,#11831);
#9499=AXIS2_PLACEMENT_3D('',#16262,#11832,#11833);
#9500=AXIS2_PLACEMENT_3D('',#16263,#11834,#11835);
#9501=AXIS2_PLACEMENT_3D('',#16265,#11836,#11837);
#9502=AXIS2_PLACEMENT_3D('',#16266,#11838,#11839);
#9503=AXIS2_PLACEMENT_3D('',#16268,#11840,#11841);
#9504=AXIS2_PLACEMENT_3D('',#16272,#11843,#11844);
#9505=AXIS2_PLACEMENT_3D('',#16273,#11845,#11846);
#9506=AXIS2_PLACEMENT_3D('',#16274,#11847,#11848);
#9507=AXIS2_PLACEMENT_3D('',#16275,#11849,#11850);
#9508=AXIS2_PLACEMENT_3D('',#16277,#11851,#11852);
#9509=AXIS2_PLACEMENT_3D('',#16278,#11853,#11854);
#9510=AXIS2_PLACEMENT_3D('',#16285,#11855,#11856);
#9511=AXIS2_PLACEMENT_3D('',#16290,#11857,#11858);
#9512=AXIS2_PLACEMENT_3D('',#16292,#11860,#11861);
#9513=AXIS2_PLACEMENT_3D('',#16295,#11864,#11865);
#9514=AXIS2_PLACEMENT_3D('',#16297,#11867,#11868);
#9515=AXIS2_PLACEMENT_3D('',#16299,#11870,#11871);
#9516=AXIS2_PLACEMENT_3D('',#16300,#11872,#11873);
#9517=AXIS2_PLACEMENT_3D('',#16302,#11875,#11876);
#9518=AXIS2_PLACEMENT_3D('',#16306,#11879,#11880);
#9519=AXIS2_PLACEMENT_3D('',#16307,#11881,#11882);
#9520=AXIS2_PLACEMENT_3D('',#16308,#11883,#11884);
#9521=AXIS2_PLACEMENT_3D('',#16309,#11885,#11886);
#9522=AXIS2_PLACEMENT_3D('',#16311,#11888,#11889);
#9523=AXIS2_PLACEMENT_3D('',#16313,#11891,#11892);
#9524=AXIS2_PLACEMENT_3D('',#16315,#11894,#11895);
#9525=AXIS2_PLACEMENT_3D('',#16317,#11897,#11898);
#9526=AXIS2_PLACEMENT_3D('',#16319,#11899,#11900);
#9527=AXIS2_PLACEMENT_3D('',#16321,#11901,#11902);
#9528=AXIS2_PLACEMENT_3D('',#16322,#11903,#11904);
#9529=AXIS2_PLACEMENT_3D('',#16324,#11906,#11907);
#9530=AXIS2_PLACEMENT_3D('',#16325,#11908,#11909);
#9531=AXIS2_PLACEMENT_3D('',#16327,#11910,#11911);
#9532=AXIS2_PLACEMENT_3D('',#16329,#11912,#11913);
#9533=AXIS2_PLACEMENT_3D('',#16330,#11914,#11915);
#9534=AXIS2_PLACEMENT_3D('',#16332,#11917,#11918);
#9535=AXIS2_PLACEMENT_3D('',#16333,#11919,#11920);
#9536=AXIS2_PLACEMENT_3D('',#16335,#11922,#11923);
#9537=AXIS2_PLACEMENT_3D('',#16337,#11925,#11926);
#9538=AXIS2_PLACEMENT_3D('',#16338,#11927,#11928);
#9539=AXIS2_PLACEMENT_3D('',#16339,#11929,#11930);
#9540=AXIS2_PLACEMENT_3D('',#16340,#11931,#11932);
#9541=AXIS2_PLACEMENT_3D('',#16341,#11933,#11934);
#9542=DIRECTION('axis',(0.,0.,1.));
#9543=DIRECTION('refdir',(1.,0.,0.));
#9544=DIRECTION('axis',(0.,0.,1.));
#9545=DIRECTION('refdir',(1.,0.,0.));
#9546=DIRECTION('center_axis',(0.,0.,-1.));
#9547=DIRECTION('ref_axis',(-0.98503523799532,0.172353067589478,0.));
#9548=DIRECTION('center_axis',(0.,0.,1.));
#9549=DIRECTION('ref_axis',(-0.98503523799532,0.172353067589478,0.));
#9550=DIRECTION('',(0.,0.,-1.));
#9551=DIRECTION('center_axis',(0.,0.,-1.));
#9552=DIRECTION('ref_axis',(-0.98503523799532,0.172353067589478,0.));
#9553=DIRECTION('',(0.,0.,1.));
#9554=DIRECTION('center_axis',(0.90630778703665,0.422618261740699,0.));
#9555=DIRECTION('ref_axis',(-0.422618261740699,0.90630778703665,0.));
#9556=DIRECTION('',(-0.422618261740699,0.90630778703665,0.));
#9557=DIRECTION('',(0.,0.,1.));
#9558=DIRECTION('',(-0.422618261740699,0.90630778703665,0.));
#9559=DIRECTION('center_axis',(0.,0.,1.));
#9560=DIRECTION('ref_axis',(0.991615637933476,0.129222392044823,0.));
#9561=DIRECTION('center_axis',(0.,0.,1.));
#9562=DIRECTION('ref_axis',(0.991615637933476,0.129222392044823,0.));
#9563=DIRECTION('',(0.,0.,-1.));
#9564=DIRECTION('center_axis',(0.,0.,-1.));
#9565=DIRECTION('ref_axis',(0.991615637933476,0.129222392044823,0.));
#9566=DIRECTION('',(0.,0.,1.));
#9567=DIRECTION('center_axis',(-0.866025403784439,0.499999999999999,0.));
#9568=DIRECTION('ref_axis',(-0.499999999999999,-0.866025403784439,0.));
#9569=DIRECTION('',(0.499999999999999,0.866025403784439,0.));
#9570=DIRECTION('',(0.,0.,1.));
#9571=DIRECTION('',(-0.499999999999999,-0.866025403784439,0.));
#9572=DIRECTION('center_axis',(0.,0.,-1.));
#9573=DIRECTION('ref_axis',(0.885896583927201,-0.463882789706749,0.));
#9574=DIRECTION('center_axis',(0.,0.,1.));
#9575=DIRECTION('ref_axis',(0.885896583927201,-0.463882789706749,0.));
#9576=DIRECTION('',(0.,0.,-1.));
#9577=DIRECTION('center_axis',(0.,0.,-1.));
#9578=DIRECTION('ref_axis',(0.885896583927201,-0.463882789706749,0.));
#9579=DIRECTION('',(0.,0.,1.));
#9580=DIRECTION('center_axis',(-1.,4.08045215378614E-16,0.));
#9581=DIRECTION('ref_axis',(-4.08045215378614E-16,-1.,0.));
#9582=DIRECTION('',(-4.08045215378614E-16,-1.,0.));
#9583=DIRECTION('',(0.,0.,1.));
#9584=DIRECTION('',(4.08045215378614E-16,1.,0.));
#9585=DIRECTION('center_axis',(0.,0.,1.));
#9586=DIRECTION('ref_axis',(0.578012310912695,0.81602804390129,0.));
#9587=DIRECTION('center_axis',(0.,0.,1.));
#9588=DIRECTION('ref_axis',(0.578012310912695,0.81602804390129,0.));
#9589=DIRECTION('',(0.,0.,-1.));
#9590=DIRECTION('',(0.,0.,1.));
#9591=DIRECTION('center_axis',(0.578012310912695,0.81602804390129,0.));
#9592=DIRECTION('ref_axis',(-0.81602804390129,0.578012310912695,0.));
#9593=DIRECTION('',(-0.81602804390129,0.578012310912695,0.));
#9594=DIRECTION('',(0.,0.,1.));
#9595=DIRECTION('',(-0.81602804390129,0.578012310912695,0.));
#9596=DIRECTION('center_axis',(0.,0.,1.));
#9597=DIRECTION('ref_axis',(1.,0.,0.));
#9598=DIRECTION('center_axis',(0.,0.,-1.));
#9599=DIRECTION('ref_axis',(1.,0.,0.));
#9600=DIRECTION('',(0.,0.,-1.));
#9601=DIRECTION('center_axis',(0.,0.,1.));
#9602=DIRECTION('ref_axis',(1.,0.,0.));
#9603=DIRECTION('center_axis',(0.,0.,1.));
#9604=DIRECTION('ref_axis',(1.,0.,0.));
#9605=DIRECTION('center_axis',(0.,0.,-1.));
#9606=DIRECTION('ref_axis',(1.,0.,0.));
#9607=DIRECTION('center_axis',(0.,0.,1.));
#9608=DIRECTION('ref_axis',(1.,0.,0.));
#9609=DIRECTION('center_axis',(0.,0.,-1.));
#9610=DIRECTION('ref_axis',(1.,0.,0.));
#9611=DIRECTION('',(-0.821904357487658,-0.569625514827769,0.));
#9612=DIRECTION('center_axis',(0.,0.,1.));
#9613=DIRECTION('ref_axis',(-1.,0.,0.));
#9614=DIRECTION('center_axis',(-0.569625514827769,0.821904357487658,0.));
#9615=DIRECTION('ref_axis',(-0.821904357487658,-0.569625514827769,0.));
#9616=DIRECTION('',(0.821904357487658,0.569625514827769,0.));
#9617=DIRECTION('',(0.,0.,1.));
#9618=DIRECTION('',(-0.821904357487658,-0.569625514827769,0.));
#9619=DIRECTION('center_axis',(0.,0.,1.));
#9620=DIRECTION('ref_axis',(1.,0.,0.));
#9621=DIRECTION('center_axis',(0.,0.,-1.));
#9622=DIRECTION('ref_axis',(1.,0.,0.));
#9623=DIRECTION('',(0.,0.,-1.));
#9624=DIRECTION('center_axis',(0.,0.,1.));
#9625=DIRECTION('ref_axis',(1.,0.,0.));
#9626=DIRECTION('center_axis',(0.,0.,1.));
#9627=DIRECTION('ref_axis',(1.,0.,0.));
#9628=DIRECTION('center_axis',(0.,0.,-1.));
#9629=DIRECTION('ref_axis',(1.,0.,0.));
#9630=DIRECTION('center_axis',(0.,0.,1.));
#9631=DIRECTION('ref_axis',(1.,0.,0.));
#9632=DIRECTION('',(0.,0.,1.));
#9633=DIRECTION('center_axis',(-0.348924360496444,-0.937150890012995,0.));
#9634=DIRECTION('ref_axis',(0.937150890012995,-0.348924360496444,0.));
#9635=DIRECTION('',(0.937150890012995,-0.348924360496444,0.));
#9636=DIRECTION('',(0.937150890012995,-0.348924360496444,0.));
#9637=DIRECTION('',(0.,0.,1.));
#9638=DIRECTION('center_axis',(0.,0.,-1.));
#9639=DIRECTION('ref_axis',(1.,0.,0.));
#9640=DIRECTION('',(0.705244736082392,0.708963935773942,0.));
#9641=DIRECTION('center_axis',(0.,0.,1.));
#9642=DIRECTION('ref_axis',(1.,0.,0.));
#9643=DIRECTION('center_axis',(0.708963935773942,-0.705244736082392,0.));
#9644=DIRECTION('ref_axis',(0.705244736082392,0.708963935773942,0.));
#9645=DIRECTION('',(-0.705244736082392,-0.708963935773941,0.));
#9646=DIRECTION('',(0.,0.,1.));
#9647=DIRECTION('',(0.705244736082392,0.708963935773942,0.));
#9648=DIRECTION('center_axis',(0.,0.,1.));
#9649=DIRECTION('ref_axis',(1.,0.,0.));
#9650=DIRECTION('center_axis',(0.,0.,-1.));
#9651=DIRECTION('ref_axis',(1.,0.,0.));
#9652=DIRECTION('',(0.,0.,-1.));
#9653=DIRECTION('center_axis',(0.,0.,1.));
#9654=DIRECTION('ref_axis',(1.,0.,0.));
#9655=DIRECTION('center_axis',(0.249864632408183,-0.968280778220617,0.));
#9656=DIRECTION('ref_axis',(0.968280778220617,0.249864632408183,0.));
#9657=DIRECTION('',(0.968280778220617,0.249864632408183,0.));
#9658=DIRECTION('',(0.,0.,1.));
#9659=DIRECTION('',(0.968280778220617,0.249864632408183,0.));
#9660=DIRECTION('',(0.,0.,1.));
#9661=DIRECTION('center_axis',(0.,0.,1.));
#9662=DIRECTION('ref_axis',(-0.836674648666982,-0.54770022117759,0.));
#9663=DIRECTION('center_axis',(0.,0.,-1.));
#9664=DIRECTION('ref_axis',(1.,0.,0.));
#9665=DIRECTION('center_axis',(0.,0.,1.));
#9666=DIRECTION('ref_axis',(1.,0.,0.));
#9667=DIRECTION('',(0.,0.,1.));
#9668=DIRECTION('center_axis',(0.642787609686593,-0.766044443118933,0.));
#9669=DIRECTION('ref_axis',(0.766044443118933,0.642787609686593,0.));
#9670=DIRECTION('',(-0.766044443118933,-0.642787609686593,0.));
#9671=DIRECTION('',(0.766044443118933,0.642787609686593,0.));
#9672=DIRECTION('center_axis',(0.,0.,-1.));
#9673=DIRECTION('ref_axis',(1.,0.,0.));
#9674=DIRECTION('center_axis',(0.,0.,1.));
#9675=DIRECTION('ref_axis',(-1.,0.,0.));
#9676=DIRECTION('',(0.705244736082392,-0.708963935773941,0.));
#9677=DIRECTION('center_axis',(-1.,0.,0.));
#9678=DIRECTION('ref_axis',(0.,0.707106781186548,0.707106781186547));
#9679=DIRECTION('',(-0.707106781186547,0.707106781186548,0.));
#9680=DIRECTION('center_axis',(1.,0.,0.));
#9681=DIRECTION('ref_axis',(0.,0.707106781186548,0.707106781186547));
#9682=DIRECTION('',(0.707106781186547,0.,-0.707106781186548));
#9683=DIRECTION('center_axis',(-1.,0.,0.));
#9684=DIRECTION('ref_axis',(0.,0.707106781186548,0.707106781186547));
#9685=DIRECTION('center_axis',(0.707106781186548,0.,0.707106781186548));
#9686=DIRECTION('ref_axis',(0.707106781186548,0.,-0.707106781186548));
#9687=DIRECTION('',(0.190309380707893,0.963101593410143,-0.190309380707893));
#9688=DIRECTION('',(0.,1.,0.));
#9689=DIRECTION('',(0.,-1.,0.));
#9690=DIRECTION('center_axis',(0.707106781186548,0.,0.707106781186548));
#9691=DIRECTION('ref_axis',(0.707106781186547,5.48590462310609E-17,-0.707106781186547));
#9692=DIRECTION('center_axis',(0.707106781186548,0.707106781186547,0.));
#9693=DIRECTION('ref_axis',(0.,0.,-1.));
#9694=DIRECTION('',(0.,0.,-1.));
#9695=DIRECTION('',(-0.707106781186547,0.707106781186548,0.));
#9696=DIRECTION('',(0.,0.,1.));
#9697=DIRECTION('center_axis',(-1.,0.,0.));
#9698=DIRECTION('ref_axis',(0.,0.707106781186548,-0.707106781186547));
#9699=DIRECTION('',(-0.707106781186547,0.,-0.707106781186548));
#9700=DIRECTION('center_axis',(1.,0.,0.));
#9701=DIRECTION('ref_axis',(0.,0.707106781186548,-0.707106781186547));
#9702=DIRECTION('center_axis',(-1.,0.,0.));
#9703=DIRECTION('ref_axis',(0.,0.707106781186548,-0.707106781186547));
#9704=DIRECTION('center_axis',(0.707106781186548,0.,-0.707106781186548));
#9705=DIRECTION('ref_axis',(-0.707106781186548,0.,-0.707106781186548));
#9706=DIRECTION('',(0.,-1.,0.));
#9707=DIRECTION('',(-0.707106781186547,0.,-0.707106781186547));
#9708=DIRECTION('',(0.,1.,0.));
#9709=DIRECTION('center_axis',(0.,0.,-1.));
#9710=DIRECTION('ref_axis',(-0.844901176640876,-0.534922425881421,0.));
#9711=DIRECTION('center_axis',(0.,0.,-1.));
#9712=DIRECTION('ref_axis',(-0.844901176640875,-0.534922425881421,0.));
#9713=DIRECTION('center_axis',(0.,0.,1.));
#9714=DIRECTION('ref_axis',(-0.844901176640876,-0.534922425881421,0.));
#9715=DIRECTION('center_axis',(1.,0.,0.));
#9716=DIRECTION('ref_axis',(0.,1.,0.));
#9717=DIRECTION('',(0.,0.981028201375731,0.193865077065207));
#9718=DIRECTION('',(0.,0.,1.));
#9719=DIRECTION('',(0.,0.00667109016333426,0.999977748030441));
#9720=DIRECTION('',(0.,1.,-1.83182722796077E-14));
#9721=DIRECTION('',(0.,-0.00667109016317063,-0.999977748030442));
#9722=DIRECTION('',(0.,1.,-1.11019831997615E-14));
#9723=DIRECTION('center_axis',(0.890961003183956,-0.0880302209789639,0.445465117601629));
#9724=DIRECTION('ref_axis',(0.447201240299873,0.,-0.894433368493291));
#9725=DIRECTION('',(0.447201240299873,0.,-0.894433368493291));
#9726=DIRECTION('',(-0.0983249081008024,-0.995154366139731,0.));
#9727=DIRECTION('center_axis',(0.447201240299873,0.,-0.894433368493291));
#9728=DIRECTION('ref_axis',(0.60398091902716,-0.737573800029179,0.3019800307332));
#9729=DIRECTION('center_axis',(0.,0.,-1.));
#9730=DIRECTION('ref_axis',(1.,1.55159456202233E-16,0.));
#9731=DIRECTION('',(0.447201240299873,0.,-0.894433368493291));
#9732=DIRECTION('center_axis',(0.,0.,-1.));
#9733=DIRECTION('ref_axis',(1.,1.55159456202233E-16,0.));
#9734=DIRECTION('center_axis',(0.,0.,1.));
#9735=DIRECTION('ref_axis',(1.,0.,0.));
#9736=DIRECTION('',(1.,0.,0.));
#9737=DIRECTION('',(0.,1.,0.));
#9738=DIRECTION('center_axis',(0.,0.,-1.));
#9739=DIRECTION('ref_axis',(-1.,-2.32739184303349E-16,0.));
#9740=DIRECTION('',(1.,0.,0.));
#9741=DIRECTION('center_axis',(0.,0.,-1.));
#9742=DIRECTION('ref_axis',(0.707106781186547,-0.707106781186548,0.));
#9743=DIRECTION('',(0.,1.,0.));
#9744=DIRECTION('center_axis',(0.,0.,1.));
#9745=DIRECTION('ref_axis',(-0.726153462137798,0.687532653352035,0.));
#9746=DIRECTION('center_axis',(0.,0.,-1.));
#9747=DIRECTION('ref_axis',(-1.,0.,0.));
#9748=DIRECTION('center_axis',(0.,0.,1.));
#9749=DIRECTION('ref_axis',(0.726153462137799,0.687532653352034,0.));
#9750=DIRECTION('',(0.,-1.,0.));
#9751=DIRECTION('center_axis',(0.,0.,-1.));
#9752=DIRECTION('ref_axis',(-0.707106781186547,-0.707106781186548,0.));
#9753=DIRECTION('',(1.,0.,0.));
#9754=DIRECTION('center_axis',(-1.,0.,0.));
#9755=DIRECTION('ref_axis',(0.,0.707106781186548,0.707106781186547));
#9756=DIRECTION('',(-1.,0.,0.));
#9757=DIRECTION('',(-1.,0.,0.));
#9758=DIRECTION('center_axis',(-1.,0.,0.));
#9759=DIRECTION('ref_axis',(0.,0.707106781186548,0.707106781186547));
#9760=DIRECTION('center_axis',(-0.707106781186548,0.,-0.707106781186548));
#9761=DIRECTION('ref_axis',(-0.707106781186548,0.,0.707106781186548));
#9762=DIRECTION('',(-0.707106781186547,0.,0.707106781186547));
#9763=DIRECTION('',(0.,1.,0.));
#9764=DIRECTION('',(0.707106781186547,0.,-0.707106781186547));
#9765=DIRECTION('',(0.,-1.,0.));
#9766=DIRECTION('center_axis',(1.,0.,0.));
#9767=DIRECTION('ref_axis',(0.,0.707106781186548,-0.707106781186547));
#9768=DIRECTION('',(0.707106781186547,0.707106781186548,0.));
#9769=DIRECTION('center_axis',(-1.,0.,0.));
#9770=DIRECTION('ref_axis',(0.,0.707106781186548,-0.707106781186547));
#9771=DIRECTION('center_axis',(1.,0.,0.));
#9772=DIRECTION('ref_axis',(0.,0.707106781186548,-0.707106781186547));
#9773=DIRECTION('center_axis',(0.,0.,-1.));
#9774=DIRECTION('ref_axis',(0.844901176640876,-0.53492242588142,0.));
#9775=DIRECTION('center_axis',(0.,0.,1.));
#9776=DIRECTION('ref_axis',(0.844901176640876,-0.53492242588142,0.));
#9777=DIRECTION('center_axis',(0.,0.,-1.));
#9778=DIRECTION('ref_axis',(0.844901176640876,-0.53492242588142,0.));
#9779=DIRECTION('center_axis',(-0.707106781186548,0.707106781186547,0.));
#9780=DIRECTION('ref_axis',(0.,0.,1.));
#9781=DIRECTION('',(0.707106781186547,0.707106781186548,0.));
#9782=DIRECTION('',(0.,0.,-1.));
#9783=DIRECTION('',(0.,0.,1.));
#9784=DIRECTION('center_axis',(1.,0.,0.));
#9785=DIRECTION('ref_axis',(0.,0.707106781186548,0.707106781186547));
#9786=DIRECTION('',(0.707106781186547,0.,0.707106781186548));
#9787=DIRECTION('center_axis',(1.,0.,0.));
#9788=DIRECTION('ref_axis',(0.,0.707106781186548,0.707106781186547));
#9789=DIRECTION('center_axis',(-0.707106781186548,0.,0.707106781186548));
#9790=DIRECTION('ref_axis',(0.707106781186548,0.,0.707106781186548));
#9791=DIRECTION('center_axis',(-0.707106781186548,0.,0.707106781186548));
#9792=DIRECTION('ref_axis',(-0.707106781186547,-2.74295231155305E-17,-0.707106781186547));
#9793=DIRECTION('',(0.,-1.,0.));
#9794=DIRECTION('',(0.190309380707893,-0.963101593410143,0.190309380707893));
#9795=DIRECTION('center_axis',(-1.,0.,0.));
#9796=DIRECTION('ref_axis',(0.,-1.,0.));
#9797=DIRECTION('',(0.,0.,-1.));
#9798=DIRECTION('',(0.,-0.981028201375731,-0.193865077065207));
#9799=DIRECTION('',(0.,0.00667109016317063,0.999977748030442));
#9800=DIRECTION('',(0.,-1.,1.83182722796077E-14));
#9801=DIRECTION('',(0.,-0.00667109016333426,-0.999977748030441));
#9802=DIRECTION('',(0.,-1.,1.11019831997615E-14));
#9803=DIRECTION('center_axis',(0.,0.,1.));
#9804=DIRECTION('ref_axis',(0.844901176640876,-0.53492242588142,0.));
#9805=DIRECTION('',(0.,0.,1.));
#9806=DIRECTION('center_axis',(0.,0.,1.));
#9807=DIRECTION('ref_axis',(1.,0.,0.));
#9808=DIRECTION('center_axis',(0.,0.,1.));
#9809=DIRECTION('ref_axis',(-1.,0.,0.));
#9810=DIRECTION('center_axis',(0.,0.,1.));
#9811=DIRECTION('ref_axis',(1.,0.,0.));
#9812=DIRECTION('',(-0.821904357487658,0.569625514827769,0.));
#9813=DIRECTION('center_axis',(0.,0.,1.));
#9814=DIRECTION('ref_axis',(1.,0.,0.));
#9815=DIRECTION('',(1.,-1.48029736616688E-16,0.));
#9816=DIRECTION('',(0.705244736082392,-0.708963935773941,0.));
#9817=DIRECTION('center_axis',(0.,0.,1.));
#9818=DIRECTION('ref_axis',(1.,0.,0.));
#9819=DIRECTION('',(-1.,0.,0.));
#9820=DIRECTION('',(0.,1.,2.31296463463574E-16));
#9821=DIRECTION('',(-1.,0.,0.));
#9822=DIRECTION('',(0.,-1.,-2.31296463463574E-16));
#9823=DIRECTION('',(-1.,0.,0.));
#9824=DIRECTION('center_axis',(0.,0.,-1.));
#9825=DIRECTION('ref_axis',(1.,0.,0.));
#9826=DIRECTION('',(-1.,0.,0.));
#9827=DIRECTION('center_axis',(0.,0.,-1.));
#9828=DIRECTION('ref_axis',(1.,0.,0.));
#9829=DIRECTION('center_axis',(0.,0.,-1.));
#9830=DIRECTION('ref_axis',(1.,0.,0.));
#9831=DIRECTION('center_axis',(3.33989547557078E-13,0.242243174174,-0.970215566029583));
#9832=DIRECTION('ref_axis',(-0.467504087762189,-0.857661740541553,-0.21414076383743));
#9833=DIRECTION('center_axis',(3.02616300897345E-8,2.51869864746648E-8,
-0.999999999999999));
#9834=DIRECTION('ref_axis',(-0.181518984883778,-0.983387440496757,-3.02616265379641E-8));
#9835=DIRECTION('center_axis',(-3.27704989653795E-13,0.242243174173996,
-0.970215566029584));
#9836=DIRECTION('ref_axis',(1.,-2.25745348340449E-13,-3.94129173741931E-13));
#9837=DIRECTION('center_axis',(-7.40148683083439E-15,4.27868501007055E-15,
-1.));
#9838=DIRECTION('ref_axis',(1.,3.70074341541719E-15,-7.40148683083438E-15));
#9839=DIRECTION('center_axis',(0.,-0.866025403784437,0.500000000000004));
#9840=DIRECTION('ref_axis',(0.921918270808609,-0.193692218448023,-0.335484763382702));
#9841=DIRECTION('',(0.,0.866025403784437,-0.500000000000004));
#9842=DIRECTION('center_axis',(0.,0.866025403784444,-0.49999999999999));
#9843=DIRECTION('ref_axis',(0.921918270808609,-0.193692218448023,-0.335484763382702));
#9844=DIRECTION('',(0.,-0.866025403784437,0.500000000000004));
#9845=DIRECTION('center_axis',(0.995614669243234,0.0810158798678688,-0.0467745400503485));
#9846=DIRECTION('ref_axis',(0.0811046511627897,-0.996705591215261,0.));
#9847=DIRECTION('center_axis',(0.995614669243234,-0.0810158798678689,0.0467745400503492));
#9848=DIRECTION('ref_axis',(-0.0811046511627898,-0.996705591215261,0.));
#9849=DIRECTION('center_axis',(0.,0.500000000000004,0.866025403784437));
#9850=DIRECTION('ref_axis',(0.,-0.866025403784436,0.500000000000003));
#9851=DIRECTION('center_axis',(0.,-0.478969291547078,-0.877831656842524));
#9852=DIRECTION('ref_axis',(0.,-0.877831656842524,0.478969291547078));
#9853=DIRECTION('center_axis',(0.,0.866025403784437,-0.500000000000004));
#9854=DIRECTION('ref_axis',(-0.921918270808609,-0.193692218448023,-0.335484763382701));
#9855=DIRECTION('',(0.,0.866025403784437,-0.500000000000004));
#9856=DIRECTION('center_axis',(0.,0.866025403784444,-0.49999999999999));
#9857=DIRECTION('ref_axis',(-0.921918270808609,-0.193692218448023,-0.335484763382701));
#9858=DIRECTION('',(0.,-0.866025403784437,0.500000000000004));
#9859=DIRECTION('center_axis',(0.,0.49999999999999,0.866025403784444));
#9860=DIRECTION('ref_axis',(0.,0.866025403784444,-0.49999999999999));
#9861=DIRECTION('center_axis',(-1.,0.,0.));
#9862=DIRECTION('ref_axis',(0.,-0.49999999999999,-0.866025403784445));
#9863=DIRECTION('center_axis',(0.,-0.838627869377528,-0.544704779401932));
#9864=DIRECTION('ref_axis',(0.,0.544704779401932,-0.838627869377528));
#9865=DIRECTION('center_axis',(0.,0.866025403784437,-0.500000000000004));
#9866=DIRECTION('ref_axis',(0.800000000000004,-0.299999999999999,-0.519615242270658));
#9867=DIRECTION('center_axis',(0.,0.866025403784444,-0.49999999999999));
#9868=DIRECTION('ref_axis',(0.800000000000004,-0.299999999999999,-0.519615242270658));
#9869=DIRECTION('',(0.,0.866025403784437,-0.500000000000003));
#9870=DIRECTION('center_axis',(3.67117197025381E-16,0.647321261245927,-0.762217281842246));
#9871=DIRECTION('ref_axis',(1.21975338773583E-15,-0.762217281842246,-0.647321261245927));
#9872=DIRECTION('center_axis',(0.,-0.500000000000004,-0.866025403784437));
#9873=DIRECTION('ref_axis',(0.,0.866025403784437,-0.500000000000004));
#9874=DIRECTION('',(0.,-0.866025403784437,0.500000000000003));
#9875=DIRECTION('',(-1.,9.384709249946E-17,-5.41826441172275E-17));
#9876=DIRECTION('center_axis',(0.,-0.866025403784437,0.500000000000004));
#9877=DIRECTION('ref_axis',(-0.800000000000002,-0.3,-0.519615242270659));
#9878=DIRECTION('center_axis',(0.,-0.866025403784444,0.49999999999999));
#9879=DIRECTION('ref_axis',(-0.800000000000002,-0.3,-0.519615242270659));
#9880=DIRECTION('center_axis',(0.,0.647321261245927,-0.762217281842246));
#9881=DIRECTION('ref_axis',(1.74250483962261E-16,-0.762217281842246,-0.647321261245927));
#9882=DIRECTION('center_axis',(-1.,0.,0.));
#9883=DIRECTION('ref_axis',(0.,0.500000000000004,0.866025403784436));
#9884=DIRECTION('center_axis',(-1.04672830578918E-16,-0.707106781186547,
0.707106781186548));
#9885=DIRECTION('ref_axis',(1.27346679725612E-15,-0.707106781186548,-0.707106781186547));
#9886=DIRECTION('center_axis',(-1.,9.384709249946E-17,-5.41826441172275E-17));
#9887=DIRECTION('ref_axis',(0.,0.991444861373811,0.13052619222005));
#9888=DIRECTION('center_axis',(-1.,0.,0.));
#9889=DIRECTION('ref_axis',(0.,0.500000000000003,0.866025403784437));
#9890=DIRECTION('',(1.,-9.384709249946E-17,5.41826441172275E-17));
#9891=DIRECTION('center_axis',(-1.04672830578918E-16,-0.707106781186547,
0.707106781186548));
#9892=DIRECTION('ref_axis',(2.01073704829913E-16,-0.707106781186548,-0.707106781186547));
#9893=DIRECTION('center_axis',(-1.,0.,0.));
#9894=DIRECTION('ref_axis',(0.,-0.866025403784436,-0.500000000000004));
#9895=DIRECTION('center_axis',(-1.,-5.55111512312578E-16,3.20493781063918E-16));
#9896=DIRECTION('ref_axis',(0.,-0.49999999999999,-0.866025403784445));
#9897=DIRECTION('',(1.,0.,0.));
#9898=DIRECTION('',(-1.,0.,0.));
#9899=DIRECTION('center_axis',(0.,-0.838627869377528,-0.544704779401932));
#9900=DIRECTION('ref_axis',(0.,0.544704779401932,-0.838627869377528));
#9901=DIRECTION('center_axis',(0.,0.49999999999999,0.866025403784444));
#9902=DIRECTION('ref_axis',(0.,0.866025403784444,-0.49999999999999));
#9903=DIRECTION('center_axis',(0.,0.49999999999999,0.866025403784444));
#9904=DIRECTION('ref_axis',(1.,0.,0.));
#9905=DIRECTION('',(-1.,1.48029736616688E-16,0.));
#9906=DIRECTION('center_axis',(0.,-0.866025403784444,0.49999999999999));
#9907=DIRECTION('ref_axis',(1.,0.,0.));
#9908=DIRECTION('center_axis',(-1.,0.,0.));
#9909=DIRECTION('ref_axis',(0.,-1.,0.));
#9910=DIRECTION('',(0.,0.,-1.));
#9911=DIRECTION('',(0.,-1.,0.));
#9912=DIRECTION('',(0.,0.,1.));
#9913=DIRECTION('center_axis',(0.,0.,1.));
#9914=DIRECTION('ref_axis',(-1.,0.,0.));
#9915=DIRECTION('',(0.,0.,-1.));
#9916=DIRECTION('center_axis',(0.,0.,1.));
#9917=DIRECTION('ref_axis',(-1.,0.,0.));
#9918=DIRECTION('',(0.,0.,1.));
#9919=DIRECTION('center_axis',(0.,0.,1.));
#9920=DIRECTION('ref_axis',(0.768608785851155,-0.639719105789732,0.));
#9921=DIRECTION('',(0.,0.,1.));
#9922=DIRECTION('center_axis',(0.,0.,-1.));
#9923=DIRECTION('ref_axis',(0.768608785851155,-0.639719105789732,0.));
#9924=DIRECTION('center_axis',(1.,0.,0.));
#9925=DIRECTION('ref_axis',(0.,1.,0.));
#9926=DIRECTION('',(0.,0.,-1.));
#9927=DIRECTION('',(0.,1.,0.));
#9928=DIRECTION('center_axis',(0.,-0.866025403784444,0.49999999999999));
#9929=DIRECTION('ref_axis',(1.,0.,0.));
#9930=DIRECTION('center_axis',(-1.,0.,0.));
#9931=DIRECTION('ref_axis',(0.,0.707106781186548,-0.707106781186547));
#9932=DIRECTION('center_axis',(1.,0.,0.));
#9933=DIRECTION('ref_axis',(0.,0.707106781186548,-0.707106781186547));
#9934=DIRECTION('',(1.,0.,0.));
#9935=DIRECTION('center_axis',(0.,1.,0.));
#9936=DIRECTION('ref_axis',(-1.,0.,0.));
#9937=DIRECTION('center_axis',(-1.,0.,0.));
#9938=DIRECTION('ref_axis',(0.,0.,1.));
#9939=DIRECTION('center_axis',(0.,0.435889894354067,0.9));
#9940=DIRECTION('ref_axis',(0.,-0.9,0.435889894354067));
#9941=DIRECTION('center_axis',(0.,3.70074341541719E-16,1.));
#9942=DIRECTION('ref_axis',(0.,-1.,3.70074341541719E-16));
#9943=DIRECTION('center_axis',(-1.,0.,0.));
#9944=DIRECTION('ref_axis',(0.,0.707106781186548,-0.707106781186547));
#9945=DIRECTION('',(1.,0.,0.));
#9946=DIRECTION('center_axis',(-1.,0.,0.));
#9947=DIRECTION('ref_axis',(0.,0.707106781186548,-0.707106781186547));
#9948=DIRECTION('center_axis',(-1.,0.,0.));
#9949=DIRECTION('ref_axis',(0.,0.,1.));
#9950=DIRECTION('center_axis',(2.01639582047213E-16,-0.9,-0.435889894354067));
#9951=DIRECTION('ref_axis',(0.,-0.435889894354067,0.9));
#9952=DIRECTION('center_axis',(1.,0.,0.));
#9953=DIRECTION('ref_axis',(0.,0.707106781186548,-0.707106781186547));
#9954=DIRECTION('center_axis',(-1.,0.,0.));
#9955=DIRECTION('ref_axis',(0.,0.707106781186548,-0.707106781186547));
#9956=DIRECTION('center_axis',(0.,1.,0.));
#9957=DIRECTION('ref_axis',(-1.,0.,0.));
#9958=DIRECTION('center_axis',(0.,0.,1.));
#9959=DIRECTION('ref_axis',(-0.844901176640876,-0.534922425881421,0.));
#9960=DIRECTION('',(0.,0.,-1.));
#9961=DIRECTION('center_axis',(0.,0.,1.));
#9962=DIRECTION('ref_axis',(1.,0.,0.));
#9963=DIRECTION('center_axis',(0.,0.,1.));
#9964=DIRECTION('ref_axis',(1.,0.,0.));
#9965=DIRECTION('',(0.,0.,1.));
#9966=DIRECTION('center_axis',(0.,0.,-1.));
#9967=DIRECTION('ref_axis',(1.,0.,0.));
#9968=DIRECTION('center_axis',(0.,0.,-1.));
#9969=DIRECTION('ref_axis',(1.,0.,0.));
#9970=DIRECTION('',(-0.402786064271594,-0.581174144666295,0.707106781186548));
#9971=DIRECTION('center_axis',(0.,0.,-1.));
#9972=DIRECTION('ref_axis',(-1.,0.,0.));
#9973=DIRECTION('',(0.402786064271593,-0.581174144666296,0.707106781186547));
#9974=DIRECTION('center_axis',(0.,0.,-1.));
#9975=DIRECTION('ref_axis',(-1.,0.,0.));
#9976=DIRECTION('center_axis',(0.,0.514495755427527,-0.857492925712544));
#9977=DIRECTION('ref_axis',(-1.,0.,0.));
#9978=DIRECTION('center_axis',(0.,0.514495755427527,-0.857492925712544));
#9979=DIRECTION('ref_axis',(4.76004194789628E-17,0.857492925712544,0.514495755427527));
#9980=DIRECTION('center_axis',(-1.,0.,0.));
#9981=DIRECTION('ref_axis',(0.,0.,1.));
#9982=DIRECTION('center_axis',(0.,-1.,0.));
#9983=DIRECTION('ref_axis',(0.,0.,1.));
#9984=DIRECTION('center_axis',(0.,-1.,-2.31296463463574E-16));
#9985=DIRECTION('ref_axis',(0.707106781186547,0.,0.707106781186548));
#9986=DIRECTION('center_axis',(0.,0.,-1.));
#9987=DIRECTION('ref_axis',(0.707106781186547,-0.707106781186548,0.));
#9988=DIRECTION('center_axis',(0.,-1.,0.));
#9989=DIRECTION('ref_axis',(1.,0.,0.));
#9990=DIRECTION('',(0.,0.,1.));
#9991=DIRECTION('',(-1.,0.,0.));
#9992=DIRECTION('center_axis',(0.,0.,1.));
#9993=DIRECTION('ref_axis',(-0.707106781186547,-0.707106781186548,0.));
#9994=DIRECTION('',(0.,0.,-1.));
#9995=DIRECTION('center_axis',(0.,0.,-1.));
#9996=DIRECTION('ref_axis',(-0.707106781186547,-0.707106781186548,0.));
#9997=DIRECTION('center_axis',(-1.,0.,0.));
#9998=DIRECTION('ref_axis',(0.,-1.,0.));
#9999=DIRECTION('',(0.,0.,1.));
#10000=DIRECTION('',(0.,1.,0.));
#10001=DIRECTION('center_axis',(0.,0.,1.));
#10002=DIRECTION('ref_axis',(0.726153462137799,0.687532653352034,0.));
#10003=DIRECTION('center_axis',(0.,0.,1.));
#10004=DIRECTION('ref_axis',(0.726153462137799,0.687532653352034,0.));
#10005=DIRECTION('',(0.,0.,-1.));
#10006=DIRECTION('center_axis',(0.,0.,1.));
#10007=DIRECTION('ref_axis',(1.,0.,0.));
#10008=DIRECTION('center_axis',(0.,0.,1.));
#10009=DIRECTION('ref_axis',(-1.,0.,0.));
#10010=DIRECTION('center_axis',(0.,0.,1.));
#10011=DIRECTION('ref_axis',(-0.726153462137798,0.687532653352035,0.));
#10012=DIRECTION('',(0.,-1.,0.));
#10013=DIRECTION('center_axis',(0.,0.,-1.));
#10014=DIRECTION('ref_axis',(0.707106781186547,-0.707106781186548,0.));
#10015=DIRECTION('',(-1.,0.,0.));
#10016=DIRECTION('center_axis',(0.,0.,1.));
#10017=DIRECTION('ref_axis',(-1.,-2.32739184303349E-16,0.));
#10018=DIRECTION('',(-0.0983249081008024,0.995154366139731,0.));
#10019=DIRECTION('',(-0.821904357487658,-0.569625514827769,0.));
#10020=DIRECTION('center_axis',(0.,0.,-1.));
#10021=DIRECTION('ref_axis',(1.,0.,0.));
#10022=DIRECTION('',(-0.705244736082392,0.708963935773941,0.));
#10023=DIRECTION('center_axis',(0.,0.,-1.));
#10024=DIRECTION('ref_axis',(-1.,0.,0.));
#10025=DIRECTION('',(-1.,1.48029736616688E-16,0.));
#10026=DIRECTION('',(-1.,1.48029736616688E-16,0.));
#10027=DIRECTION('center_axis',(0.,0.,-1.));
#10028=DIRECTION('ref_axis',(1.,0.,0.));
#10029=DIRECTION('',(0.705244736082392,0.708963935773941,0.));
#10030=DIRECTION('center_axis',(0.,0.,-1.));
#10031=DIRECTION('ref_axis',(1.,0.,0.));
#10032=DIRECTION('center_axis',(0.,0.,-1.));
#10033=DIRECTION('ref_axis',(1.,0.,0.));
#10034=DIRECTION('',(0.821904357487658,-0.569625514827769,0.));
#10035=DIRECTION('',(-1.,0.,0.));
#10036=DIRECTION('center_axis',(0.,0.,-1.));
#10037=DIRECTION('ref_axis',(1.,0.,0.));
#10038=DIRECTION('center_axis',(0.,0.,1.));
#10039=DIRECTION('ref_axis',(-1.,0.,0.));
#10040=DIRECTION('',(0.,0.,1.));
#10041=DIRECTION('center_axis',(0.,0.,1.));
#10042=DIRECTION('ref_axis',(-0.726153462137798,0.687532653352035,0.));
#10043=DIRECTION('',(0.,0.,-1.));
#10044=DIRECTION('center_axis',(0.,0.,1.));
#10045=DIRECTION('ref_axis',(0.707106781186547,-0.707106781186548,0.));
#10046=DIRECTION('',(0.,0.,-1.));
#10047=DIRECTION('',(0.,0.,1.));
#10048=DIRECTION('center_axis',(0.,-1.,0.));
#10049=DIRECTION('ref_axis',(1.,0.,0.));
#10050=DIRECTION('',(0.447201240299873,0.,0.894433368493291));
#10051=DIRECTION('center_axis',(0.447201240299873,0.,0.894433368493291));
#10052=DIRECTION('ref_axis',(-0.603980919027161,-0.737573800029178,0.3019800307332));
#10053=DIRECTION('',(-0.447201240299873,0.,-0.894433368493291));
#10054=DIRECTION('center_axis',(-0.890961003183956,-0.0880302209789639,
0.445465117601629));
#10055=DIRECTION('ref_axis',(0.447201240299873,0.,0.894433368493291));
#10056=DIRECTION('center_axis',(0.,0.,1.));
#10057=DIRECTION('ref_axis',(-0.707106781186547,0.707106781186547,0.));
#10058=DIRECTION('center_axis',(0.,0.,-1.));
#10059=DIRECTION('ref_axis',(-0.707106781186547,0.707106781186547,0.));
#10060=DIRECTION('',(0.,0.,-1.));
#10061=DIRECTION('center_axis',(0.,0.,1.));
#10062=DIRECTION('ref_axis',(-0.768608785851153,-0.639719105789733,0.));
#10063=DIRECTION('center_axis',(0.,0.,-1.));
#10064=DIRECTION('ref_axis',(-0.768608785851153,-0.639719105789733,0.));
#10065=DIRECTION('center_axis',(0.,0.,1.));
#10066=DIRECTION('ref_axis',(0.707106781186547,0.707106781186547,0.));
#10067=DIRECTION('',(0.,0.,1.));
#10068=DIRECTION('center_axis',(0.,0.,-1.));
#10069=DIRECTION('ref_axis',(0.707106781186547,0.707106781186547,0.));
#10070=DIRECTION('center_axis',(0.,1.,0.));
#10071=DIRECTION('ref_axis',(-1.,0.,0.));
#10072=DIRECTION('',(-1.,0.,0.));
#10073=DIRECTION('center_axis',(-0.707106781186548,7.8502876051705E-15,
0.707106781186547));
#10074=DIRECTION('ref_axis',(0.707106781186547,0.,0.707106781186548));
#10075=DIRECTION('',(-0.707098913795965,-0.00471722557588852,-0.707098913795965));
#10076=DIRECTION('',(0.,1.,-1.11019831997615E-14));
#10077=DIRECTION('',(0.707098913795965,0.00471722557577281,0.707098913795965));
#10078=DIRECTION('center_axis',(0.,-1.11019831997615E-14,-1.));
#10079=DIRECTION('ref_axis',(0.,1.,-1.11019831997615E-14));
#10080=DIRECTION('',(1.,0.,0.));
#10081=DIRECTION('',(0.,-1.,1.11019831997615E-14));
#10082=DIRECTION('',(1.,0.,0.));
#10083=DIRECTION('center_axis',(0.707106781186548,7.8502876051705E-15,0.707106781186547));
#10084=DIRECTION('ref_axis',(0.707106781186547,0.,-0.707106781186548));
#10085=DIRECTION('',(0.707098913795965,-0.00471722557577281,-0.707098913795965));
#10086=DIRECTION('',(-0.707098913795965,0.00471722557588852,0.707098913795965));
#10087=DIRECTION('center_axis',(1.,0.,0.));
#10088=DIRECTION('ref_axis',(0.,1.,0.));
#10089=DIRECTION('center_axis',(1.,0.,0.));
#10090=DIRECTION('ref_axis',(0.,1.,0.));
#10091=DIRECTION('center_axis',(0.,0.,1.));
#10092=DIRECTION('ref_axis',(1.,0.,0.));
#10093=DIRECTION('center_axis',(-1.04672830578918E-16,-0.707106781186547,
0.707106781186548));
#10094=DIRECTION('ref_axis',(1.,0.,1.48029736616687E-16));
#10095=DIRECTION('',(1.,-1.48029736616688E-16,0.));
#10096=DIRECTION('center_axis',(0.,0.999977748030442,-0.00667109016317063));
#10097=DIRECTION('ref_axis',(0.,0.00667109016317063,0.999977748030442));
#10098=DIRECTION('',(1.,0.,0.));
#10099=DIRECTION('center_axis',(0.,-0.999977748030441,0.00667109016333426));
#10100=DIRECTION('ref_axis',(0.,-0.00667109016333426,-0.999977748030441));
#10101=DIRECTION('',(1.,0.,0.));
#10102=DIRECTION('center_axis',(0.,1.83182722796077E-14,1.));
#10103=DIRECTION('ref_axis',(0.,-1.,1.83182722796077E-14));
#10104=DIRECTION('center_axis',(0.,0.,-1.));
#10105=DIRECTION('ref_axis',(1.,0.,0.));
#10106=DIRECTION('center_axis',(0.,0.,-1.));
#10107=DIRECTION('ref_axis',(1.,0.,0.));
#10108=DIRECTION('',(-0.263117405792109,-3.22225888803261E-17,-0.964763821237732));
#10109=DIRECTION('center_axis',(-0.501313206602458,0.498683335279977,-0.707106781186547));
#10110=DIRECTION('ref_axis',(-0.501313206602459,0.498683335279975,0.707106781186548));
#10111=DIRECTION('center_axis',(0.,0.,1.));
#10112=DIRECTION('ref_axis',(1.,0.,0.));
#10113=DIRECTION('center_axis',(-0.402786064271594,-0.581174144666295,-0.707106781186548));
#10114=DIRECTION('ref_axis',(0.402786064271594,0.581174144666295,-0.707106781186547));
#10115=DIRECTION('center_axis',(0.,0.,1.));
#10116=DIRECTION('ref_axis',(1.,0.,0.));
#10117=DIRECTION('center_axis',(0.,0.,-1.));
#10118=DIRECTION('ref_axis',(1.,0.,0.));
#10119=DIRECTION('center_axis',(0.,0.,-1.));
#10120=DIRECTION('ref_axis',(1.,0.,0.));
#10121=DIRECTION('center_axis',(0.,0.,-1.));
#10122=DIRECTION('ref_axis',(1.,0.,0.));
#10123=DIRECTION('',(-0.263117405792109,-3.22225888803261E-17,-0.964763821237732));
#10124=DIRECTION('center_axis',(0.,0.,1.));
#10125=DIRECTION('ref_axis',(1.,0.,0.));
#10126=DIRECTION('center_axis',(0.501313206602458,0.498683335279976,-0.707106781186548));
#10127=DIRECTION('ref_axis',(0.501313206602457,0.498683335279977,0.707106781186548));
#10128=DIRECTION('center_axis',(0.402786064271594,-0.581174144666295,-0.707106781186548));
#10129=DIRECTION('ref_axis',(-0.402786064271594,0.581174144666295,-0.707106781186547));
#10130=DIRECTION('center_axis',(0.,0.,1.));
#10131=DIRECTION('ref_axis',(1.,0.,0.));
#10132=DIRECTION('center_axis',(0.,0.,1.));
#10133=DIRECTION('ref_axis',(1.,0.,0.));
#10134=DIRECTION('center_axis',(0.,0.,-1.));
#10135=DIRECTION('ref_axis',(1.,0.,0.));
#10136=DIRECTION('center_axis',(0.,0.,-1.));
#10137=DIRECTION('ref_axis',(6.12323399573677E-17,1.,0.));
#10138=DIRECTION('center_axis',(0.,0.,1.));
#10139=DIRECTION('ref_axis',(1.,0.,0.));
#10140=DIRECTION('center_axis',(0.,0.707106781186547,-0.707106781186548));
#10141=DIRECTION('ref_axis',(-1.,0.,0.));
#10142=DIRECTION('',(1.,0.,0.));
#10143=DIRECTION('center_axis',(0.,1.,0.));
#10144=DIRECTION('ref_axis',(-1.,0.,0.));
#10145=DIRECTION('',(0.,0.,1.));
#10146=DIRECTION('',(0.,0.,1.));
#10147=DIRECTION('center_axis',(0.402786064271594,0.581174144666295,0.707106781186548));
#10148=DIRECTION('ref_axis',(0.868917227984024,0.,-0.494957423333118));
#10149=DIRECTION('',(-0.821904357487658,0.569625514827769,0.));
#10150=DIRECTION('center_axis',(0.569625514827769,0.821904357487658,0.));
#10151=DIRECTION('ref_axis',(-0.821904357487658,0.569625514827769,0.));
#10152=DIRECTION('',(0.,0.,1.));
#10153=DIRECTION('center_axis',(-0.402786064271594,0.581174144666295,0.707106781186548));
#10154=DIRECTION('ref_axis',(0.868917227984024,0.,0.494957423333118));
#10155=DIRECTION('center_axis',(0.,0.,-1.));
#10156=DIRECTION('ref_axis',(1.,0.,0.));
#10157=DIRECTION('',(-0.501313206602459,0.498683335279977,0.707106781186547));
#10158=DIRECTION('center_axis',(-0.501313206602458,-0.498683335279976,0.707106781186548));
#10159=DIRECTION('ref_axis',(0.815781762887821,0.,0.578359849349554));
#10160=DIRECTION('',(0.705244736082392,-0.708963935773941,0.));
#10161=DIRECTION('',(0.501313206602458,0.498683335279976,0.707106781186548));
#10162=DIRECTION('center_axis',(0.,0.,-1.));
#10163=DIRECTION('ref_axis',(-1.,0.,0.));
#10164=DIRECTION('center_axis',(0.501313206602458,-0.498683335279977,0.707106781186547));
#10165=DIRECTION('ref_axis',(0.815781762887821,0.,-0.578359849349554));
#10166=DIRECTION('center_axis',(-1.48029736616688E-16,-1.,0.));
#10167=DIRECTION('ref_axis',(1.,-1.48029736616688E-16,0.));
#10168=DIRECTION('center_axis',(-0.708963935773941,-0.705244736082392,0.));
#10169=DIRECTION('ref_axis',(0.705244736082392,-0.708963935773941,0.));
#10170=DIRECTION('',(0.,0.,1.));
#10171=DIRECTION('center_axis',(1.,0.,0.));
#10172=DIRECTION('ref_axis',(0.,1.,0.));
#10173=DIRECTION('center_axis',(0.,0.,1.));
#10174=DIRECTION('ref_axis',(1.,0.,0.));
#10175=DIRECTION('center_axis',(0.,0.,1.));
#10176=DIRECTION('ref_axis',(1.,0.,0.));
#10177=DIRECTION('center_axis',(0.,0.,1.));
#10178=DIRECTION('ref_axis',(1.,0.,0.));
#10179=DIRECTION('center_axis',(0.,0.,1.));
#10180=DIRECTION('ref_axis',(1.,0.,0.));
#10181=DIRECTION('',(0.,0.,-1.));
#10182=DIRECTION('center_axis',(0.,0.,1.));
#10183=DIRECTION('ref_axis',(1.,0.,0.));
#10184=DIRECTION('center_axis',(0.,0.,1.));
#10185=DIRECTION('ref_axis',(1.,0.,0.));
#10186=DIRECTION('center_axis',(0.,0.,1.));
#10187=DIRECTION('ref_axis',(1.,0.,0.));
#10188=DIRECTION('center_axis',(0.,0.,1.));
#10189=DIRECTION('ref_axis',(1.,0.,0.));
#10190=DIRECTION('center_axis',(0.,0.,1.));
#10191=DIRECTION('ref_axis',(1.,0.,0.));
#10192=DIRECTION('',(0.,0.,-1.));
#10193=DIRECTION('center_axis',(0.,0.,1.));
#10194=DIRECTION('ref_axis',(6.12323399573677E-17,1.,0.));
#10195=DIRECTION('center_axis',(0.,0.,1.));
#10196=DIRECTION('ref_axis',(1.,0.,0.));
#10197=DIRECTION('',(0.,0.,-1.));
#10198=DIRECTION('center_axis',(0.,0.,1.));
#10199=DIRECTION('ref_axis',(1.,0.,0.));
#10200=DIRECTION('',(0.,0.,-1.));
#10201=DIRECTION('center_axis',(0.,0.,1.));
#10202=DIRECTION('ref_axis',(-0.995863361257684,0.0908634453702273,0.));
#10203=DIRECTION('axis',(0.,0.,1.));
#10204=DIRECTION('refdir',(1.,0.,0.));
#10205=DIRECTION('center_axis',(0.,0.,1.));
#10206=DIRECTION('ref_axis',(1.,0.,0.));
#10207=DIRECTION('center_axis',(0.,0.,-1.));
#10208=DIRECTION('ref_axis',(0.844901176640876,-0.53492242588142,0.));
#10209=DIRECTION('',(0.,-1.,0.));
#10210=DIRECTION('',(-1.,0.,0.));
#10211=DIRECTION('',(0.,1.,2.31296463463574E-16));
#10212=DIRECTION('',(-1.,0.,0.));
#10213=DIRECTION('',(0.,-1.,-2.31296463463574E-16));
#10214=DIRECTION('',(-1.,0.,0.));
#10215=DIRECTION('',(0.,1.,0.));
#10216=DIRECTION('center_axis',(0.,0.,-1.));
#10217=DIRECTION('ref_axis',(-0.844901176640875,-0.534922425881421,0.));
#10218=DIRECTION('',(-0.821904357487658,0.569625514827769,0.));
#10219=DIRECTION('center_axis',(0.,0.,1.));
#10220=DIRECTION('ref_axis',(1.,0.,0.));
#10221=DIRECTION('',(-0.705244736082392,-0.708963935773941,0.));
#10222=DIRECTION('center_axis',(0.,0.,-1.));
#10223=DIRECTION('ref_axis',(-0.92438193831715,0.381468258329615,0.));
#10224=DIRECTION('',(0.,1.,0.));
#10225=DIRECTION('center_axis',(0.,0.,-1.));
#10226=DIRECTION('ref_axis',(1.,0.,0.));
#10227=DIRECTION('',(-1.,0.,0.));
#10228=DIRECTION('center_axis',(0.,0.,-1.));
#10229=DIRECTION('ref_axis',(-0.299790150902932,0.954005170542381,0.));
#10230=DIRECTION('center_axis',(0.,0.,1.));
#10231=DIRECTION('ref_axis',(1.,0.,0.));
#10232=DIRECTION('',(1.,-1.48029736616688E-16,0.));
#10233=DIRECTION('center_axis',(0.,0.,1.));
#10234=DIRECTION('ref_axis',(1.,0.,0.));
#10235=DIRECTION('',(0.705244736082392,-0.708963935773941,0.));
#10236=DIRECTION('center_axis',(0.,0.,1.));
#10237=DIRECTION('ref_axis',(1.,0.,0.));
#10238=DIRECTION('',(0.821904357487658,0.569625514827769,0.));
#10239=DIRECTION('center_axis',(0.,0.,-1.));
#10240=DIRECTION('ref_axis',(0.885896583927201,-0.463882789706749,0.));
#10241=DIRECTION('',(0.,-1.,0.));
#10242=DIRECTION('center_axis',(0.,0.,-1.));
#10243=DIRECTION('ref_axis',(1.,0.,0.));
#10244=DIRECTION('',(1.,0.,0.));
#10245=DIRECTION('center_axis',(0.,0.,-1.));
#10246=DIRECTION('ref_axis',(0.298408815647546,-0.954438148202297,0.));
#10247=DIRECTION('center_axis',(0.,0.,-1.));
#10248=DIRECTION('ref_axis',(1.,0.,0.));
#10249=DIRECTION('center_axis',(0.,0.,-1.));
#10250=DIRECTION('ref_axis',(1.,0.,0.));
#10251=DIRECTION('center_axis',(0.,0.,-1.));
#10252=DIRECTION('ref_axis',(1.,0.,0.));
#10253=DIRECTION('',(-1.,0.,0.));
#10254=DIRECTION('center_axis',(0.,0.,-1.));
#10255=DIRECTION('ref_axis',(1.,0.,0.));
#10256=DIRECTION('center_axis',(0.,0.,1.));
#10257=DIRECTION('ref_axis',(1.,0.,0.));
#10258=DIRECTION('center_axis',(0.,0.,-1.));
#10259=DIRECTION('ref_axis',(-0.92438193831715,0.381468258329615,0.));
#10260=DIRECTION('center_axis',(0.,0.,1.));
#10261=DIRECTION('ref_axis',(-0.92438193831715,0.381468258329615,0.));
#10262=DIRECTION('',(0.,0.,-1.));
#10263=DIRECTION('',(0.,0.,1.));
#10264=DIRECTION('center_axis',(1.,0.,0.));
#10265=DIRECTION('ref_axis',(0.,1.,0.));
#10266=DIRECTION('',(0.,1.,0.));
#10267=DIRECTION('',(0.,0.,1.));
#10268=DIRECTION('center_axis',(0.,0.,1.));
#10269=DIRECTION('ref_axis',(-0.299790150902932,0.954005170542381,0.));
#10270=DIRECTION('center_axis',(0.,0.,1.));
#10271=DIRECTION('ref_axis',(-0.299790150902932,0.954005170542381,0.));
#10272=DIRECTION('',(0.,0.,-1.));
#10273=DIRECTION('',(0.,0.,1.));
#10274=DIRECTION('center_axis',(0.,-1.,0.));
#10275=DIRECTION('ref_axis',(1.,0.,0.));
#10276=DIRECTION('',(0.,0.,1.));
#10277=DIRECTION('',(1.,0.,0.));
#10278=DIRECTION('center_axis',(0.,0.,1.));
#10279=DIRECTION('ref_axis',(0.298408815647546,-0.954438148202297,0.));
#10280=DIRECTION('center_axis',(0.,0.,1.));
#10281=DIRECTION('ref_axis',(0.298408815647546,-0.954438148202297,0.));
#10282=DIRECTION('',(0.,0.,-1.));
#10283=DIRECTION('',(0.,0.,1.));
#10284=DIRECTION('center_axis',(0.,1.,0.));
#10285=DIRECTION('ref_axis',(-1.,0.,0.));
#10286=DIRECTION('',(0.,0.,1.));
#10287=DIRECTION('',(-1.,0.,0.));
#10288=DIRECTION('center_axis',(0.,0.,-1.));
#10289=DIRECTION('ref_axis',(0.885896583927201,-0.463882789706749,0.));
#10290=DIRECTION('center_axis',(0.,0.,1.));
#10291=DIRECTION('ref_axis',(0.885896583927201,-0.463882789706749,0.));
#10292=DIRECTION('',(0.,0.,-1.));
#10293=DIRECTION('',(0.,0.,1.));
#10294=DIRECTION('center_axis',(-1.,0.,0.));
#10295=DIRECTION('ref_axis',(0.,-1.,0.));
#10296=DIRECTION('',(0.,-1.,0.));
#10297=DIRECTION('',(0.,0.,1.));
#10298=DIRECTION('center_axis',(0.,0.,1.));
#10299=DIRECTION('ref_axis',(1.,0.,0.));
#10300=DIRECTION('center_axis',(-0.501313206602458,0.498683335279977,-0.707106781186547));
#10301=DIRECTION('ref_axis',(0.501313206602458,-0.498683335279976,-0.707106781186548));
#10302=DIRECTION('center_axis',(0.,0.,-1.));
#10303=DIRECTION('ref_axis',(1.,0.,0.));
#10304=DIRECTION('center_axis',(0.,0.,1.));
#10305=DIRECTION('ref_axis',(1.,0.,0.));
#10306=DIRECTION('center_axis',(0.402786064271594,-0.581174144666295,-0.707106781186548));
#10307=DIRECTION('ref_axis',(0.402786064271594,-0.581174144666295,0.707106781186547));
#10308=DIRECTION('center_axis',(0.,0.,-1.));
#10309=DIRECTION('ref_axis',(1.,0.,0.));
#10310=DIRECTION('center_axis',(-0.402786064271594,0.581174144666295,0.707106781186548));
#10311=DIRECTION('ref_axis',(0.868917227984024,0.,0.494957423333118));
#10312=DIRECTION('',(-0.821904357487658,-0.569625514827769,0.));
#10313=DIRECTION('',(-0.821904357487658,-0.569625514827769,0.));
#10314=DIRECTION('center_axis',(0.402786064271594,-0.581174144666295,-0.707106781186548));
#10315=DIRECTION('ref_axis',(-0.402786064271594,0.581174144666295,-0.707106781186547));
#10316=DIRECTION('',(-0.821904357487658,-0.569625514827769,0.));
#10317=DIRECTION('',(0.402786064271593,-0.581174144666296,0.707106781186547));
#10318=DIRECTION('',(-0.821904357487658,-0.569625514827769,0.));
#10319=DIRECTION('',(-0.821904357487658,-0.569625514827769,0.));
#10320=DIRECTION('center_axis',(0.,0.,1.));
#10321=DIRECTION('ref_axis',(1.,0.,0.));
#10322=DIRECTION('center_axis',(0.,0.,-1.));
#10323=DIRECTION('ref_axis',(1.,0.,0.));
#10324=DIRECTION('',(0.,0.,-1.));
#10325=DIRECTION('center_axis',(0.,0.,1.));
#10326=DIRECTION('ref_axis',(1.,0.,0.));
#10327=DIRECTION('center_axis',(0.,0.,1.));
#10328=DIRECTION('ref_axis',(1.,0.,0.));
#10329=DIRECTION('center_axis',(0.,0.,-1.));
#10330=DIRECTION('ref_axis',(1.,0.,0.));
#10331=DIRECTION('',(0.705244736082392,0.708963935773942,0.));
#10332=DIRECTION('',(0.705244736082392,0.708963935773942,0.));
#10333=DIRECTION('center_axis',(0.,0.,1.));
#10334=DIRECTION('ref_axis',(1.,0.,0.));
#10335=DIRECTION('center_axis',(0.708963935773942,-0.705244736082392,0.));
#10336=DIRECTION('ref_axis',(0.705244736082392,0.708963935773942,0.));
#10337=DIRECTION('',(0.,0.,1.));
#10338=DIRECTION('',(0.705244736082392,0.708963935773942,0.));
#10339=DIRECTION('center_axis',(0.,0.,1.));
#10340=DIRECTION('ref_axis',(1.,0.,0.));
#10341=DIRECTION('center_axis',(0.,0.,-1.));
#10342=DIRECTION('ref_axis',(1.,0.,0.));
#10343=DIRECTION('',(0.,0.,-1.));
#10344=DIRECTION('center_axis',(0.,0.,1.));
#10345=DIRECTION('ref_axis',(1.,0.,0.));
#10346=DIRECTION('center_axis',(0.,0.,1.));
#10347=DIRECTION('ref_axis',(1.,0.,0.));
#10348=DIRECTION('center_axis',(0.,0.,-1.));
#10349=DIRECTION('ref_axis',(1.,0.,0.));
#10350=DIRECTION('center_axis',(-0.569625514827769,0.821904357487658,0.));
#10351=DIRECTION('ref_axis',(-0.821904357487658,-0.569625514827769,0.));
#10352=DIRECTION('',(0.,0.,1.));
#10353=DIRECTION('center_axis',(-0.569625514827769,0.821904357487658,0.));
#10354=DIRECTION('ref_axis',(-0.821904357487658,-0.569625514827769,0.));
#10355=DIRECTION('',(0.,0.,1.));
#10356=DIRECTION('center_axis',(-1.,0.,0.));
#10357=DIRECTION('ref_axis',(0.,0.707106781186548,0.707106781186547));
#10358=DIRECTION('',(-0.707106781186547,0.707106781186548,0.));
#10359=DIRECTION('center_axis',(1.,0.,0.));
#10360=DIRECTION('ref_axis',(0.,0.707106781186548,0.707106781186547));
#10361=DIRECTION('',(0.707106781186547,0.,-0.707106781186548));
#10362=DIRECTION('center_axis',(-1.,0.,0.));
#10363=DIRECTION('ref_axis',(0.,0.707106781186548,0.707106781186547));
#10364=DIRECTION('center_axis',(0.707106781186548,0.,0.707106781186548));
#10365=DIRECTION('ref_axis',(0.707106781186548,0.,-0.707106781186548));
#10366=DIRECTION('',(0.190309380707893,0.963101593410143,-0.190309380707893));
#10367=DIRECTION('',(0.,1.,0.));
#10368=DIRECTION('',(0.,-1.,0.));
#10369=DIRECTION('center_axis',(0.707106781186548,0.,0.707106781186548));
#10370=DIRECTION('ref_axis',(0.707106781186547,5.48590462310609E-17,-0.707106781186547));
#10371=DIRECTION('center_axis',(0.707106781186548,0.707106781186547,0.));
#10372=DIRECTION('ref_axis',(0.,0.,-1.));
#10373=DIRECTION('',(0.,0.,-1.));
#10374=DIRECTION('',(-0.707106781186547,0.707106781186548,0.));
#10375=DIRECTION('',(0.,0.,1.));
#10376=DIRECTION('center_axis',(-1.,0.,0.));
#10377=DIRECTION('ref_axis',(0.,0.707106781186548,-0.707106781186547));
#10378=DIRECTION('',(-0.707106781186547,0.,-0.707106781186548));
#10379=DIRECTION('center_axis',(1.,0.,0.));
#10380=DIRECTION('ref_axis',(0.,0.707106781186548,-0.707106781186547));
#10381=DIRECTION('center_axis',(-1.,0.,0.));
#10382=DIRECTION('ref_axis',(0.,0.707106781186548,-0.707106781186547));
#10383=DIRECTION('center_axis',(0.707106781186548,0.,-0.707106781186548));
#10384=DIRECTION('ref_axis',(-0.707106781186548,0.,-0.707106781186548));
#10385=DIRECTION('',(0.,-1.,0.));
#10386=DIRECTION('',(-0.707106781186547,0.,-0.707106781186547));
#10387=DIRECTION('center_axis',(0.,0.,-1.));
#10388=DIRECTION('ref_axis',(-0.844901176640876,-0.534922425881421,0.));
#10389=DIRECTION('center_axis',(0.,0.,1.));
#10390=DIRECTION('ref_axis',(-0.844901176640876,-0.534922425881421,0.));
#10391=DIRECTION('center_axis',(1.,0.,0.));
#10392=DIRECTION('ref_axis',(0.,1.,0.));
#10393=DIRECTION('',(0.,0.981028201375731,0.193865077065207));
#10394=DIRECTION('',(0.,0.,1.));
#10395=DIRECTION('',(0.,0.00667109016333426,0.999977748030441));
#10396=DIRECTION('',(0.,1.,-1.83182722796077E-14));
#10397=DIRECTION('',(0.,-0.00667109016317063,-0.999977748030442));
#10398=DIRECTION('',(0.,1.,-1.11019831997615E-14));
#10399=DIRECTION('center_axis',(0.890961003183956,-0.0880302209789639,0.445465117601629));
#10400=DIRECTION('ref_axis',(0.447201240299873,0.,-0.894433368493291));
#10401=DIRECTION('',(0.447201240299873,0.,-0.894433368493291));
#10402=DIRECTION('',(-0.0983249081008024,-0.995154366139731,0.));
#10403=DIRECTION('center_axis',(0.447201240299873,0.,-0.894433368493291));
#10404=DIRECTION('ref_axis',(0.60398091902716,-0.737573800029179,0.3019800307332));
#10405=DIRECTION('center_axis',(0.,0.,-1.));
#10406=DIRECTION('ref_axis',(1.,1.55159456202233E-16,0.));
#10407=DIRECTION('',(0.447201240299873,0.,-0.894433368493291));
#10408=DIRECTION('center_axis',(0.,0.,-1.));
#10409=DIRECTION('ref_axis',(1.,1.55159456202233E-16,0.));
#10410=DIRECTION('center_axis',(0.,0.,1.));
#10411=DIRECTION('ref_axis',(1.,0.,0.));
#10412=DIRECTION('',(1.,0.,0.));
#10413=DIRECTION('',(0.,1.,0.));
#10414=DIRECTION('center_axis',(0.,0.,-1.));
#10415=DIRECTION('ref_axis',(-1.,-2.32739184303349E-16,0.));
#10416=DIRECTION('',(1.,0.,0.));
#10417=DIRECTION('center_axis',(0.,0.,-1.));
#10418=DIRECTION('ref_axis',(0.707106781186547,-0.707106781186548,0.));
#10419=DIRECTION('',(0.,1.,0.));
#10420=DIRECTION('center_axis',(0.,0.,1.));
#10421=DIRECTION('ref_axis',(-0.726153462137798,0.687532653352035,0.));
#10422=DIRECTION('center_axis',(0.,0.,-1.));
#10423=DIRECTION('ref_axis',(-1.,0.,0.));
#10424=DIRECTION('center_axis',(0.,0.,1.));
#10425=DIRECTION('ref_axis',(0.726153462137799,0.687532653352034,0.));
#10426=DIRECTION('',(0.,-1.,0.));
#10427=DIRECTION('center_axis',(0.,0.,-1.));
#10428=DIRECTION('ref_axis',(-0.707106781186547,-0.707106781186548,0.));
#10429=DIRECTION('',(1.,0.,0.));
#10430=DIRECTION('center_axis',(-1.,0.,0.));
#10431=DIRECTION('ref_axis',(0.,0.707106781186548,0.707106781186547));
#10432=DIRECTION('',(-1.,0.,0.));
#10433=DIRECTION('',(-1.,0.,0.));
#10434=DIRECTION('center_axis',(-1.,0.,0.));
#10435=DIRECTION('ref_axis',(0.,0.707106781186548,0.707106781186547));
#10436=DIRECTION('center_axis',(-0.707106781186548,0.,-0.707106781186548));
#10437=DIRECTION('ref_axis',(-0.707106781186548,0.,0.707106781186548));
#10438=DIRECTION('',(-0.707106781186547,0.,0.707106781186547));
#10439=DIRECTION('',(0.,1.,0.));
#10440=DIRECTION('',(0.707106781186547,0.,-0.707106781186547));
#10441=DIRECTION('center_axis',(1.,0.,0.));
#10442=DIRECTION('ref_axis',(0.,0.707106781186548,-0.707106781186547));
#10443=DIRECTION('',(0.707106781186547,0.707106781186548,0.));
#10444=DIRECTION('center_axis',(-1.,0.,0.));
#10445=DIRECTION('ref_axis',(0.,0.707106781186548,-0.707106781186547));
#10446=DIRECTION('center_axis',(1.,0.,0.));
#10447=DIRECTION('ref_axis',(0.,0.707106781186548,-0.707106781186547));
#10448=DIRECTION('center_axis',(0.,0.,-1.));
#10449=DIRECTION('ref_axis',(0.844901176640876,-0.53492242588142,0.));
#10450=DIRECTION('center_axis',(0.,0.,1.));
#10451=DIRECTION('ref_axis',(0.844901176640876,-0.53492242588142,0.));
#10452=DIRECTION('center_axis',(-0.707106781186548,0.707106781186547,0.));
#10453=DIRECTION('ref_axis',(0.,0.,1.));
#10454=DIRECTION('',(0.707106781186547,0.707106781186548,0.));
#10455=DIRECTION('',(0.,0.,-1.));
#10456=DIRECTION('',(0.,0.,1.));
#10457=DIRECTION('center_axis',(1.,0.,0.));
#10458=DIRECTION('ref_axis',(0.,0.707106781186548,0.707106781186547));
#10459=DIRECTION('',(0.707106781186547,0.,0.707106781186548));
#10460=DIRECTION('center_axis',(1.,0.,0.));
#10461=DIRECTION('ref_axis',(0.,0.707106781186548,0.707106781186547));
#10462=DIRECTION('center_axis',(-0.707106781186548,0.,0.707106781186548));
#10463=DIRECTION('ref_axis',(0.707106781186548,0.,0.707106781186548));
#10464=DIRECTION('center_axis',(-0.707106781186548,0.,0.707106781186548));
#10465=DIRECTION('ref_axis',(-0.707106781186547,-2.74295231155305E-17,-0.707106781186547));
#10466=DIRECTION('',(0.,-1.,0.));
#10467=DIRECTION('',(0.190309380707893,-0.963101593410143,0.190309380707893));
#10468=DIRECTION('center_axis',(-1.,0.,0.));
#10469=DIRECTION('ref_axis',(0.,-1.,0.));
#10470=DIRECTION('',(0.,0.,-1.));
#10471=DIRECTION('',(0.,-0.981028201375731,-0.193865077065207));
#10472=DIRECTION('',(0.,0.00667109016317063,0.999977748030442));
#10473=DIRECTION('',(0.,-1.,1.83182722796077E-14));
#10474=DIRECTION('',(0.,-0.00667109016333426,-0.999977748030441));
#10475=DIRECTION('',(0.,-1.,1.11019831997615E-14));
#10476=DIRECTION('center_axis',(0.,0.,1.));
#10477=DIRECTION('ref_axis',(0.844901176640876,-0.53492242588142,0.));
#10478=DIRECTION('',(0.,0.,1.));
#10479=DIRECTION('center_axis',(0.,0.,1.));
#10480=DIRECTION('ref_axis',(1.,0.,0.));
#10481=DIRECTION('center_axis',(0.,0.,1.));
#10482=DIRECTION('ref_axis',(-1.,0.,0.));
#10483=DIRECTION('center_axis',(3.33989547557078E-13,0.242243174174,-0.970215566029583));
#10484=DIRECTION('ref_axis',(-0.467504087762189,-0.857661740541553,-0.21414076383743));
#10485=DIRECTION('center_axis',(3.02616300897345E-8,2.51869864746648E-8,
-0.999999999999999));
#10486=DIRECTION('ref_axis',(-0.181518984883778,-0.983387440496757,-3.02616265379641E-8));
#10487=DIRECTION('center_axis',(-3.27704989653795E-13,0.242243174173996,
-0.970215566029584));
#10488=DIRECTION('ref_axis',(1.,-2.25745348340449E-13,-3.94129173741931E-13));
#10489=DIRECTION('center_axis',(-7.40148683083439E-15,4.27868501007055E-15,
-1.));
#10490=DIRECTION('ref_axis',(1.,3.70074341541719E-15,-7.40148683083438E-15));
#10491=DIRECTION('center_axis',(0.,-0.866025403784437,0.500000000000004));
#10492=DIRECTION('ref_axis',(0.921918270808609,-0.193692218448023,-0.335484763382702));
#10493=DIRECTION('',(0.,0.866025403784437,-0.500000000000004));
#10494=DIRECTION('center_axis',(0.,0.866025403784444,-0.49999999999999));
#10495=DIRECTION('ref_axis',(0.921918270808609,-0.193692218448023,-0.335484763382702));
#10496=DIRECTION('',(0.,-0.866025403784437,0.500000000000004));
#10497=DIRECTION('center_axis',(0.995614669243234,0.0810158798678688,-0.0467745400503485));
#10498=DIRECTION('ref_axis',(0.0811046511627897,-0.996705591215261,0.));
#10499=DIRECTION('center_axis',(0.995614669243234,-0.0810158798678689,0.0467745400503492));
#10500=DIRECTION('ref_axis',(-0.0811046511627898,-0.996705591215261,0.));
#10501=DIRECTION('center_axis',(0.,0.500000000000004,0.866025403784437));
#10502=DIRECTION('ref_axis',(0.,-0.866025403784436,0.500000000000003));
#10503=DIRECTION('center_axis',(0.,-0.478969291547078,-0.877831656842524));
#10504=DIRECTION('ref_axis',(0.,-0.877831656842524,0.478969291547078));
#10505=DIRECTION('center_axis',(0.,0.866025403784437,-0.500000000000004));
#10506=DIRECTION('ref_axis',(-0.921918270808609,-0.193692218448023,-0.335484763382701));
#10507=DIRECTION('',(0.,0.866025403784437,-0.500000000000004));
#10508=DIRECTION('center_axis',(0.,0.866025403784444,-0.49999999999999));
#10509=DIRECTION('ref_axis',(-0.921918270808609,-0.193692218448023,-0.335484763382701));
#10510=DIRECTION('',(0.,-0.866025403784437,0.500000000000004));
#10511=DIRECTION('center_axis',(0.,0.49999999999999,0.866025403784444));
#10512=DIRECTION('ref_axis',(0.,0.866025403784444,-0.49999999999999));
#10513=DIRECTION('center_axis',(-1.,0.,0.));
#10514=DIRECTION('ref_axis',(0.,-0.49999999999999,-0.866025403784445));
#10515=DIRECTION('center_axis',(0.,-0.838627869377528,-0.544704779401932));
#10516=DIRECTION('ref_axis',(0.,0.544704779401932,-0.838627869377528));
#10517=DIRECTION('center_axis',(0.,0.866025403784437,-0.500000000000004));
#10518=DIRECTION('ref_axis',(0.800000000000004,-0.299999999999999,-0.519615242270658));
#10519=DIRECTION('center_axis',(0.,0.866025403784444,-0.49999999999999));
#10520=DIRECTION('ref_axis',(0.800000000000004,-0.299999999999999,-0.519615242270658));
#10521=DIRECTION('',(0.,0.866025403784437,-0.500000000000003));
#10522=DIRECTION('center_axis',(3.67117197025381E-16,0.647321261245927,
-0.762217281842246));
#10523=DIRECTION('ref_axis',(1.21975338773583E-15,-0.762217281842246,-0.647321261245927));
#10524=DIRECTION('center_axis',(0.,-0.500000000000004,-0.866025403784437));
#10525=DIRECTION('ref_axis',(0.,0.866025403784437,-0.500000000000004));
#10526=DIRECTION('',(0.,-0.866025403784437,0.500000000000003));
#10527=DIRECTION('',(-1.,9.384709249946E-17,-5.41826441172275E-17));
#10528=DIRECTION('center_axis',(0.,-0.866025403784437,0.500000000000004));
#10529=DIRECTION('ref_axis',(-0.800000000000002,-0.3,-0.519615242270659));
#10530=DIRECTION('center_axis',(0.,-0.866025403784444,0.49999999999999));
#10531=DIRECTION('ref_axis',(-0.800000000000002,-0.3,-0.519615242270659));
#10532=DIRECTION('center_axis',(0.,0.647321261245927,-0.762217281842246));
#10533=DIRECTION('ref_axis',(1.74250483962261E-16,-0.762217281842246,-0.647321261245927));
#10534=DIRECTION('center_axis',(-1.,0.,0.));
#10535=DIRECTION('ref_axis',(0.,0.500000000000004,0.866025403784436));
#10536=DIRECTION('center_axis',(-1.04672830578918E-16,-0.707106781186547,
0.707106781186548));
#10537=DIRECTION('ref_axis',(1.27346679725612E-15,-0.707106781186548,-0.707106781186547));
#10538=DIRECTION('center_axis',(-1.,9.384709249946E-17,-5.41826441172275E-17));
#10539=DIRECTION('ref_axis',(0.,0.991444861373811,0.13052619222005));
#10540=DIRECTION('center_axis',(-1.,0.,0.));
#10541=DIRECTION('ref_axis',(0.,0.500000000000003,0.866025403784437));
#10542=DIRECTION('',(1.,-9.384709249946E-17,5.41826441172275E-17));
#10543=DIRECTION('center_axis',(-1.04672830578918E-16,-0.707106781186547,
0.707106781186548));
#10544=DIRECTION('ref_axis',(2.01073704829913E-16,-0.707106781186548,-0.707106781186547));
#10545=DIRECTION('center_axis',(-1.,0.,0.));
#10546=DIRECTION('ref_axis',(0.,-0.866025403784436,-0.500000000000004));
#10547=DIRECTION('center_axis',(-1.,-5.55111512312578E-16,3.20493781063918E-16));
#10548=DIRECTION('ref_axis',(0.,-0.49999999999999,-0.866025403784445));
#10549=DIRECTION('',(1.,0.,0.));
#10550=DIRECTION('',(-1.,0.,0.));
#10551=DIRECTION('center_axis',(0.,-0.838627869377528,-0.544704779401932));
#10552=DIRECTION('ref_axis',(0.,0.544704779401932,-0.838627869377528));
#10553=DIRECTION('center_axis',(0.,0.49999999999999,0.866025403784444));
#10554=DIRECTION('ref_axis',(0.,0.866025403784444,-0.49999999999999));
#10555=DIRECTION('center_axis',(0.,0.49999999999999,0.866025403784444));
#10556=DIRECTION('ref_axis',(1.,0.,0.));
#10557=DIRECTION('',(-1.,1.48029736616688E-16,0.));
#10558=DIRECTION('center_axis',(0.,-0.866025403784444,0.49999999999999));
#10559=DIRECTION('ref_axis',(1.,0.,0.));
#10560=DIRECTION('center_axis',(-1.,0.,0.));
#10561=DIRECTION('ref_axis',(0.,-1.,0.));
#10562=DIRECTION('',(0.,0.,-1.));
#10563=DIRECTION('',(0.,-1.,0.));
#10564=DIRECTION('',(0.,0.,1.));
#10565=DIRECTION('center_axis',(0.,0.,1.));
#10566=DIRECTION('ref_axis',(-1.,0.,0.));
#10567=DIRECTION('',(0.,0.,-1.));
#10568=DIRECTION('center_axis',(0.,0.,1.));
#10569=DIRECTION('ref_axis',(-1.,0.,0.));
#10570=DIRECTION('',(0.,0.,1.));
#10571=DIRECTION('center_axis',(0.,0.,1.));
#10572=DIRECTION('ref_axis',(0.768608785851155,-0.639719105789732,0.));
#10573=DIRECTION('',(0.,0.,1.));
#10574=DIRECTION('center_axis',(0.,0.,-1.));
#10575=DIRECTION('ref_axis',(0.768608785851155,-0.639719105789732,0.));
#10576=DIRECTION('center_axis',(1.,0.,0.));
#10577=DIRECTION('ref_axis',(0.,1.,0.));
#10578=DIRECTION('',(0.,0.,-1.));
#10579=DIRECTION('',(0.,1.,0.));
#10580=DIRECTION('center_axis',(0.,-0.866025403784444,0.49999999999999));
#10581=DIRECTION('ref_axis',(1.,0.,0.));
#10582=DIRECTION('center_axis',(-1.,0.,0.));
#10583=DIRECTION('ref_axis',(0.,0.707106781186548,-0.707106781186547));
#10584=DIRECTION('center_axis',(1.,0.,0.));
#10585=DIRECTION('ref_axis',(0.,0.707106781186548,-0.707106781186547));
#10586=DIRECTION('',(1.,0.,0.));
#10587=DIRECTION('center_axis',(0.,1.,0.));
#10588=DIRECTION('ref_axis',(-1.,0.,0.));
#10589=DIRECTION('center_axis',(-1.,0.,0.));
#10590=DIRECTION('ref_axis',(0.,0.,1.));
#10591=DIRECTION('center_axis',(0.,0.435889894354067,0.9));
#10592=DIRECTION('ref_axis',(0.,-0.9,0.435889894354067));
#10593=DIRECTION('center_axis',(0.,3.70074341541719E-16,1.));
#10594=DIRECTION('ref_axis',(0.,-1.,3.70074341541719E-16));
#10595=DIRECTION('center_axis',(-1.,0.,0.));
#10596=DIRECTION('ref_axis',(0.,0.707106781186548,-0.707106781186547));
#10597=DIRECTION('',(1.,0.,0.));
#10598=DIRECTION('center_axis',(-1.,0.,0.));
#10599=DIRECTION('ref_axis',(0.,0.707106781186548,-0.707106781186547));
#10600=DIRECTION('center_axis',(-1.,0.,0.));
#10601=DIRECTION('ref_axis',(0.,0.,1.));
#10602=DIRECTION('center_axis',(2.01639582047213E-16,-0.9,-0.435889894354067));
#10603=DIRECTION('ref_axis',(0.,-0.435889894354067,0.9));
#10604=DIRECTION('center_axis',(1.,0.,0.));
#10605=DIRECTION('ref_axis',(0.,0.707106781186548,-0.707106781186547));
#10606=DIRECTION('center_axis',(-1.,0.,0.));
#10607=DIRECTION('ref_axis',(0.,0.707106781186548,-0.707106781186547));
#10608=DIRECTION('center_axis',(0.,1.,0.));
#10609=DIRECTION('ref_axis',(-1.,0.,0.));
#10610=DIRECTION('center_axis',(0.,0.,1.));
#10611=DIRECTION('ref_axis',(-0.844901176640876,-0.534922425881421,0.));
#10612=DIRECTION('',(0.,0.,-1.));
#10613=DIRECTION('center_axis',(0.,0.,1.));
#10614=DIRECTION('ref_axis',(1.,0.,0.));
#10615=DIRECTION('center_axis',(0.,0.,1.));
#10616=DIRECTION('ref_axis',(1.,0.,0.));
#10617=DIRECTION('',(0.,0.,1.));
#10618=DIRECTION('center_axis',(0.,0.,-1.));
#10619=DIRECTION('ref_axis',(1.,0.,0.));
#10620=DIRECTION('center_axis',(0.,0.,-1.));
#10621=DIRECTION('ref_axis',(1.,0.,0.));
#10622=DIRECTION('',(-0.402786064271594,-0.581174144666295,0.707106781186548));
#10623=DIRECTION('center_axis',(0.,0.,-1.));
#10624=DIRECTION('ref_axis',(-1.,0.,0.));
#10625=DIRECTION('center_axis',(0.,0.,-1.));
#10626=DIRECTION('ref_axis',(-1.,0.,0.));
#10627=DIRECTION('center_axis',(0.,0.514495755427527,-0.857492925712544));
#10628=DIRECTION('ref_axis',(-1.,0.,0.));
#10629=DIRECTION('center_axis',(0.,0.514495755427527,-0.857492925712544));
#10630=DIRECTION('ref_axis',(4.76004194789628E-17,0.857492925712544,0.514495755427527));
#10631=DIRECTION('center_axis',(-1.,0.,0.));
#10632=DIRECTION('ref_axis',(0.,0.,1.));
#10633=DIRECTION('center_axis',(0.,-1.,0.));
#10634=DIRECTION('ref_axis',(0.,0.,1.));
#10635=DIRECTION('center_axis',(0.,-1.,-2.31296463463574E-16));
#10636=DIRECTION('ref_axis',(0.707106781186547,0.,0.707106781186548));
#10637=DIRECTION('center_axis',(0.,0.,-1.));
#10638=DIRECTION('ref_axis',(0.707106781186547,-0.707106781186548,0.));
#10639=DIRECTION('center_axis',(0.,-1.,0.));
#10640=DIRECTION('ref_axis',(1.,0.,0.));
#10641=DIRECTION('',(0.,0.,1.));
#10642=DIRECTION('',(-1.,0.,0.));
#10643=DIRECTION('center_axis',(0.,0.,1.));
#10644=DIRECTION('ref_axis',(-0.707106781186547,-0.707106781186548,0.));
#10645=DIRECTION('',(0.,0.,-1.));
#10646=DIRECTION('center_axis',(0.,0.,-1.));
#10647=DIRECTION('ref_axis',(-0.707106781186547,-0.707106781186548,0.));
#10648=DIRECTION('center_axis',(-1.,0.,0.));
#10649=DIRECTION('ref_axis',(0.,-1.,0.));
#10650=DIRECTION('',(0.,0.,1.));
#10651=DIRECTION('',(0.,1.,0.));
#10652=DIRECTION('center_axis',(0.,0.,1.));
#10653=DIRECTION('ref_axis',(0.726153462137799,0.687532653352034,0.));
#10654=DIRECTION('center_axis',(0.,0.,1.));
#10655=DIRECTION('ref_axis',(0.726153462137799,0.687532653352034,0.));
#10656=DIRECTION('',(0.,0.,-1.));
#10657=DIRECTION('center_axis',(0.,0.,1.));
#10658=DIRECTION('ref_axis',(1.,0.,0.));
#10659=DIRECTION('center_axis',(0.,0.,1.));
#10660=DIRECTION('ref_axis',(-1.,0.,0.));
#10661=DIRECTION('center_axis',(0.,0.,1.));
#10662=DIRECTION('ref_axis',(-0.726153462137798,0.687532653352035,0.));
#10663=DIRECTION('',(0.,-1.,0.));
#10664=DIRECTION('center_axis',(0.,0.,-1.));
#10665=DIRECTION('ref_axis',(0.707106781186547,-0.707106781186548,0.));
#10666=DIRECTION('',(-1.,0.,0.));
#10667=DIRECTION('center_axis',(0.,0.,1.));
#10668=DIRECTION('ref_axis',(-1.,-2.32739184303349E-16,0.));
#10669=DIRECTION('',(-0.0983249081008024,0.995154366139731,0.));
#10670=DIRECTION('center_axis',(0.,0.,-1.));
#10671=DIRECTION('ref_axis',(1.,0.,0.));
#10672=DIRECTION('',(-0.705244736082392,0.708963935773941,0.));
#10673=DIRECTION('center_axis',(0.,0.,-1.));
#10674=DIRECTION('ref_axis',(-1.,0.,0.));
#10675=DIRECTION('',(-1.,1.48029736616688E-16,0.));
#10676=DIRECTION('',(-1.,1.48029736616688E-16,0.));
#10677=DIRECTION('center_axis',(0.,0.,-1.));
#10678=DIRECTION('ref_axis',(1.,0.,0.));
#10679=DIRECTION('',(0.705244736082392,0.708963935773941,0.));
#10680=DIRECTION('center_axis',(0.,0.,-1.));
#10681=DIRECTION('ref_axis',(1.,0.,0.));
#10682=DIRECTION('center_axis',(0.,0.,-1.));
#10683=DIRECTION('ref_axis',(1.,0.,0.));
#10684=DIRECTION('',(0.821904357487658,-0.569625514827769,0.));
#10685=DIRECTION('',(-1.,0.,0.));
#10686=DIRECTION('center_axis',(0.,0.,-1.));
#10687=DIRECTION('ref_axis',(1.,0.,0.));
#10688=DIRECTION('center_axis',(0.,0.,1.));
#10689=DIRECTION('ref_axis',(-1.,0.,0.));
#10690=DIRECTION('',(0.,0.,1.));
#10691=DIRECTION('center_axis',(0.,0.,1.));
#10692=DIRECTION('ref_axis',(-0.726153462137798,0.687532653352035,0.));
#10693=DIRECTION('',(0.,0.,-1.));
#10694=DIRECTION('center_axis',(0.,0.,1.));
#10695=DIRECTION('ref_axis',(0.707106781186547,-0.707106781186548,0.));
#10696=DIRECTION('',(0.,0.,-1.));
#10697=DIRECTION('',(0.,0.,1.));
#10698=DIRECTION('center_axis',(0.,-1.,0.));
#10699=DIRECTION('ref_axis',(1.,0.,0.));
#10700=DIRECTION('',(0.447201240299873,0.,0.894433368493291));
#10701=DIRECTION('center_axis',(0.447201240299873,0.,0.894433368493291));
#10702=DIRECTION('ref_axis',(-0.603980919027161,-0.737573800029178,0.3019800307332));
#10703=DIRECTION('',(-0.447201240299873,0.,-0.894433368493291));
#10704=DIRECTION('center_axis',(-0.890961003183956,-0.0880302209789639,
0.445465117601629));
#10705=DIRECTION('ref_axis',(0.447201240299873,0.,0.894433368493291));
#10706=DIRECTION('center_axis',(0.,0.,1.));
#10707=DIRECTION('ref_axis',(-0.707106781186547,0.707106781186547,0.));
#10708=DIRECTION('center_axis',(0.,0.,-1.));
#10709=DIRECTION('ref_axis',(-0.707106781186547,0.707106781186547,0.));
#10710=DIRECTION('',(0.,0.,-1.));
#10711=DIRECTION('center_axis',(0.,0.,1.));
#10712=DIRECTION('ref_axis',(-0.768608785851153,-0.639719105789733,0.));
#10713=DIRECTION('center_axis',(0.,0.,-1.));
#10714=DIRECTION('ref_axis',(-0.768608785851153,-0.639719105789733,0.));
#10715=DIRECTION('center_axis',(0.,0.,1.));
#10716=DIRECTION('ref_axis',(0.707106781186547,0.707106781186547,0.));
#10717=DIRECTION('',(0.,0.,1.));
#10718=DIRECTION('center_axis',(0.,0.,-1.));
#10719=DIRECTION('ref_axis',(0.707106781186547,0.707106781186547,0.));
#10720=DIRECTION('center_axis',(0.,1.,0.));
#10721=DIRECTION('ref_axis',(-1.,0.,0.));
#10722=DIRECTION('',(-1.,0.,0.));
#10723=DIRECTION('center_axis',(-0.707106781186548,7.8502876051705E-15,
0.707106781186547));
#10724=DIRECTION('ref_axis',(0.707106781186547,0.,0.707106781186548));
#10725=DIRECTION('',(-0.707098913795965,-0.00471722557588852,-0.707098913795965));
#10726=DIRECTION('',(0.,1.,-1.11019831997615E-14));
#10727=DIRECTION('',(0.707098913795965,0.00471722557577281,0.707098913795965));
#10728=DIRECTION('center_axis',(0.,-1.11019831997615E-14,-1.));
#10729=DIRECTION('ref_axis',(0.,1.,-1.11019831997615E-14));
#10730=DIRECTION('',(1.,0.,0.));
#10731=DIRECTION('',(0.,-1.,1.11019831997615E-14));
#10732=DIRECTION('',(1.,0.,0.));
#10733=DIRECTION('center_axis',(0.707106781186548,7.8502876051705E-15,0.707106781186547));
#10734=DIRECTION('ref_axis',(0.707106781186547,0.,-0.707106781186548));
#10735=DIRECTION('',(0.707098913795965,-0.00471722557577281,-0.707098913795965));
#10736=DIRECTION('',(-0.707098913795965,0.00471722557588852,0.707098913795965));
#10737=DIRECTION('center_axis',(1.,0.,0.));
#10738=DIRECTION('ref_axis',(0.,1.,0.));
#10739=DIRECTION('center_axis',(1.,0.,0.));
#10740=DIRECTION('ref_axis',(0.,1.,0.));
#10741=DIRECTION('center_axis',(0.,0.,1.));
#10742=DIRECTION('ref_axis',(1.,0.,0.));
#10743=DIRECTION('center_axis',(-1.04672830578918E-16,-0.707106781186547,
0.707106781186548));
#10744=DIRECTION('ref_axis',(1.,0.,1.48029736616687E-16));
#10745=DIRECTION('',(1.,-1.48029736616688E-16,0.));
#10746=DIRECTION('center_axis',(0.,0.999977748030442,-0.00667109016317063));
#10747=DIRECTION('ref_axis',(0.,0.00667109016317063,0.999977748030442));
#10748=DIRECTION('',(1.,0.,0.));
#10749=DIRECTION('center_axis',(0.,-0.999977748030441,0.00667109016333426));
#10750=DIRECTION('ref_axis',(0.,-0.00667109016333426,-0.999977748030441));
#10751=DIRECTION('',(1.,0.,0.));
#10752=DIRECTION('center_axis',(0.,1.83182722796077E-14,1.));
#10753=DIRECTION('ref_axis',(0.,-1.,1.83182722796077E-14));
#10754=DIRECTION('center_axis',(0.,0.,-1.));
#10755=DIRECTION('ref_axis',(1.,0.,0.));
#10756=DIRECTION('center_axis',(0.,0.,-1.));
#10757=DIRECTION('ref_axis',(1.,0.,0.));
#10758=DIRECTION('',(-0.263117405792109,-3.22225888803261E-17,-0.964763821237732));
#10759=DIRECTION('center_axis',(-0.501313206602458,0.498683335279977,-0.707106781186547));
#10760=DIRECTION('ref_axis',(-0.501313206602459,0.498683335279975,0.707106781186548));
#10761=DIRECTION('center_axis',(0.,0.,1.));
#10762=DIRECTION('ref_axis',(1.,0.,0.));
#10763=DIRECTION('center_axis',(-0.402786064271594,-0.581174144666295,-0.707106781186548));
#10764=DIRECTION('ref_axis',(0.402786064271594,0.581174144666295,-0.707106781186547));
#10765=DIRECTION('center_axis',(0.,0.,1.));
#10766=DIRECTION('ref_axis',(1.,0.,0.));
#10767=DIRECTION('center_axis',(0.,0.,-1.));
#10768=DIRECTION('ref_axis',(1.,0.,0.));
#10769=DIRECTION('center_axis',(0.,0.,-1.));
#10770=DIRECTION('ref_axis',(1.,0.,0.));
#10771=DIRECTION('center_axis',(0.,0.,-1.));
#10772=DIRECTION('ref_axis',(1.,0.,0.));
#10773=DIRECTION('',(-0.263117405792109,-3.22225888803261E-17,-0.964763821237732));
#10774=DIRECTION('center_axis',(0.,0.,1.));
#10775=DIRECTION('ref_axis',(1.,0.,0.));
#10776=DIRECTION('center_axis',(0.501313206602458,0.498683335279976,-0.707106781186548));
#10777=DIRECTION('ref_axis',(0.501313206602457,0.498683335279977,0.707106781186548));
#10778=DIRECTION('center_axis',(0.,0.,1.));
#10779=DIRECTION('ref_axis',(1.,0.,0.));
#10780=DIRECTION('center_axis',(0.,0.,1.));
#10781=DIRECTION('ref_axis',(1.,0.,0.));
#10782=DIRECTION('center_axis',(0.,0.,-1.));
#10783=DIRECTION('ref_axis',(1.,0.,0.));
#10784=DIRECTION('center_axis',(0.,0.,-1.));
#10785=DIRECTION('ref_axis',(6.12323399573677E-17,1.,0.));
#10786=DIRECTION('center_axis',(0.,0.,1.));
#10787=DIRECTION('ref_axis',(1.,0.,0.));
#10788=DIRECTION('center_axis',(0.,0.707106781186547,-0.707106781186548));
#10789=DIRECTION('ref_axis',(-1.,0.,0.));
#10790=DIRECTION('',(1.,0.,0.));
#10791=DIRECTION('center_axis',(0.,1.,0.));
#10792=DIRECTION('ref_axis',(-1.,0.,0.));
#10793=DIRECTION('',(0.,0.,1.));
#10794=DIRECTION('',(0.,0.,1.));
#10795=DIRECTION('center_axis',(0.402786064271594,0.581174144666295,0.707106781186548));
#10796=DIRECTION('ref_axis',(0.868917227984024,0.,-0.494957423333118));
#10797=DIRECTION('',(-0.821904357487658,0.569625514827769,0.));
#10798=DIRECTION('center_axis',(0.569625514827769,0.821904357487658,0.));
#10799=DIRECTION('ref_axis',(-0.821904357487658,0.569625514827769,0.));
#10800=DIRECTION('',(0.,0.,1.));
#10801=DIRECTION('center_axis',(0.,0.,-1.));
#10802=DIRECTION('ref_axis',(1.,0.,0.));
#10803=DIRECTION('center_axis',(0.,0.,1.));
#10804=DIRECTION('ref_axis',(1.,0.,0.));
#10805=DIRECTION('',(-0.501313206602459,0.498683335279977,0.707106781186547));
#10806=DIRECTION('center_axis',(-0.501313206602458,-0.498683335279976,0.707106781186548));
#10807=DIRECTION('ref_axis',(0.815781762887821,0.,0.578359849349554));
#10808=DIRECTION('',(0.705244736082392,-0.708963935773941,0.));
#10809=DIRECTION('',(0.501313206602458,0.498683335279976,0.707106781186548));
#10810=DIRECTION('center_axis',(0.,0.,-1.));
#10811=DIRECTION('ref_axis',(-1.,0.,0.));
#10812=DIRECTION('center_axis',(0.,0.,1.));
#10813=DIRECTION('ref_axis',(-1.,0.,0.));
#10814=DIRECTION('center_axis',(0.501313206602458,-0.498683335279977,0.707106781186547));
#10815=DIRECTION('ref_axis',(0.815781762887821,0.,-0.578359849349554));
#10816=DIRECTION('center_axis',(0.,0.,1.));
#10817=DIRECTION('ref_axis',(1.,0.,0.));
#10818=DIRECTION('',(0.,0.,1.));
#10819=DIRECTION('center_axis',(-1.48029736616688E-16,-1.,0.));
#10820=DIRECTION('ref_axis',(1.,-1.48029736616688E-16,0.));
#10821=DIRECTION('',(0.,0.,1.));
#10822=DIRECTION('center_axis',(0.,0.,1.));
#10823=DIRECTION('ref_axis',(1.,0.,0.));
#10824=DIRECTION('',(0.,0.,1.));
#10825=DIRECTION('center_axis',(-0.708963935773941,-0.705244736082392,0.));
#10826=DIRECTION('ref_axis',(0.705244736082392,-0.708963935773941,0.));
#10827=DIRECTION('',(0.,0.,1.));
#10828=DIRECTION('center_axis',(1.,0.,0.));
#10829=DIRECTION('ref_axis',(0.,1.,0.));
#10830=DIRECTION('center_axis',(0.,0.,1.));
#10831=DIRECTION('ref_axis',(1.,0.,0.));
#10832=DIRECTION('center_axis',(0.,0.,1.));
#10833=DIRECTION('ref_axis',(1.,0.,0.));
#10834=DIRECTION('center_axis',(0.,0.,1.));
#10835=DIRECTION('ref_axis',(1.,0.,0.));
#10836=DIRECTION('center_axis',(0.,0.,1.));
#10837=DIRECTION('ref_axis',(1.,0.,0.));
#10838=DIRECTION('',(0.,0.,-1.));
#10839=DIRECTION('center_axis',(0.,0.,1.));
#10840=DIRECTION('ref_axis',(1.,0.,0.));
#10841=DIRECTION('center_axis',(0.,0.,1.));
#10842=DIRECTION('ref_axis',(1.,0.,0.));
#10843=DIRECTION('center_axis',(0.,0.,1.));
#10844=DIRECTION('ref_axis',(1.,0.,0.));
#10845=DIRECTION('center_axis',(0.,0.,1.));
#10846=DIRECTION('ref_axis',(1.,0.,0.));
#10847=DIRECTION('center_axis',(0.,0.,1.));
#10848=DIRECTION('ref_axis',(1.,0.,0.));
#10849=DIRECTION('',(0.,0.,-1.));
#10850=DIRECTION('center_axis',(0.,0.,1.));
#10851=DIRECTION('ref_axis',(6.12323399573677E-17,1.,0.));
#10852=DIRECTION('center_axis',(0.,0.,1.));
#10853=DIRECTION('ref_axis',(1.,0.,0.));
#10854=DIRECTION('',(0.,0.,-1.));
#10855=DIRECTION('center_axis',(0.,0.,1.));
#10856=DIRECTION('ref_axis',(1.,0.,0.));
#10857=DIRECTION('',(0.,0.,-1.));
#10858=DIRECTION('center_axis',(0.,0.,1.));
#10859=DIRECTION('ref_axis',(-0.995863361257684,0.0908634453702273,0.));
#10860=DIRECTION('axis',(0.,0.,1.));
#10861=DIRECTION('refdir',(1.,0.,0.));
#10862=DIRECTION('center_axis',(0.,0.,-1.));
#10863=DIRECTION('ref_axis',(-0.98503523799532,0.172353067589479,0.));
#10864=DIRECTION('center_axis',(0.,0.,1.));
#10865=DIRECTION('ref_axis',(-0.98503523799532,0.172353067589479,0.));
#10866=DIRECTION('',(0.,0.,-1.));
#10867=DIRECTION('center_axis',(0.,0.,-1.));
#10868=DIRECTION('ref_axis',(-0.98503523799532,0.172353067589479,0.));
#10869=DIRECTION('',(0.,0.,1.));
#10870=DIRECTION('center_axis',(0.90630778703665,0.422618261740699,0.));
#10871=DIRECTION('ref_axis',(-0.422618261740699,0.90630778703665,0.));
#10872=DIRECTION('',(-0.422618261740699,0.90630778703665,0.));
#10873=DIRECTION('',(0.,0.,1.));
#10874=DIRECTION('',(-0.422618261740699,0.90630778703665,0.));
#10875=DIRECTION('center_axis',(0.,0.,1.));
#10876=DIRECTION('ref_axis',(0.177269723849006,0.984162306231293,0.));
#10877=DIRECTION('center_axis',(0.,0.,1.));
#10878=DIRECTION('ref_axis',(0.177269723849006,0.984162306231293,0.));
#10879=DIRECTION('',(0.,0.,-1.));
#10880=DIRECTION('center_axis',(0.,0.,-1.));
#10881=DIRECTION('ref_axis',(0.177269723849006,0.984162306231293,0.));
#10882=DIRECTION('',(0.,0.,1.));
#10883=DIRECTION('center_axis',(-0.348924360496444,-0.937150890012995,0.));
#10884=DIRECTION('ref_axis',(0.937150890012995,-0.348924360496444,0.));
#10885=DIRECTION('',(0.937150890012995,-0.348924360496444,0.));
#10886=DIRECTION('',(0.,0.,1.));
#10887=DIRECTION('',(0.937150890012995,-0.348924360496444,0.));
#10888=DIRECTION('center_axis',(0.,0.,1.));
#10889=DIRECTION('ref_axis',(0.578012310912695,0.81602804390129,0.));
#10890=DIRECTION('center_axis',(0.,0.,1.));
#10891=DIRECTION('ref_axis',(0.578012310912695,0.81602804390129,0.));
#10892=DIRECTION('',(0.,0.,-1.));
#10893=DIRECTION('',(0.,0.,1.));
#10894=DIRECTION('center_axis',(0.578012310912695,0.81602804390129,0.));
#10895=DIRECTION('ref_axis',(-0.81602804390129,0.578012310912695,0.));
#10896=DIRECTION('',(-0.81602804390129,0.578012310912695,0.));
#10897=DIRECTION('',(0.,0.,1.));
#10898=DIRECTION('',(-0.81602804390129,0.578012310912695,0.));
#10899=DIRECTION('center_axis',(0.,0.,-1.));
#10900=DIRECTION('ref_axis',(0.885896583927201,-0.463882789706749,0.));
#10901=DIRECTION('center_axis',(0.,0.,1.));
#10902=DIRECTION('ref_axis',(0.885896583927201,-0.463882789706749,0.));
#10903=DIRECTION('',(0.,0.,-1.));
#10904=DIRECTION('center_axis',(0.,0.,-1.));
#10905=DIRECTION('ref_axis',(0.885896583927201,-0.463882789706749,0.));
#10906=DIRECTION('',(0.,0.,1.));
#10907=DIRECTION('center_axis',(-1.,4.08045215378614E-16,0.));
#10908=DIRECTION('ref_axis',(-4.08045215378614E-16,-1.,0.));
#10909=DIRECTION('',(-4.08045215378614E-16,-1.,0.));
#10910=DIRECTION('',(0.,0.,1.));
#10911=DIRECTION('',(4.08045215378614E-16,1.,0.));
#10912=DIRECTION('center_axis',(0.,0.,1.));
#10913=DIRECTION('ref_axis',(1.,0.,0.));
#10914=DIRECTION('center_axis',(0.,0.,-1.));
#10915=DIRECTION('ref_axis',(1.,0.,0.));
#10916=DIRECTION('',(0.,0.,-1.));
#10917=DIRECTION('center_axis',(0.,0.,1.));
#10918=DIRECTION('ref_axis',(1.,0.,0.));
#10919=DIRECTION('center_axis',(0.,0.,1.));
#10920=DIRECTION('ref_axis',(1.,0.,0.));
#10921=DIRECTION('center_axis',(0.,0.,-1.));
#10922=DIRECTION('ref_axis',(1.,0.,0.));
#10923=DIRECTION('center_axis',(0.,0.,1.));
#10924=DIRECTION('ref_axis',(1.,0.,0.));
#10925=DIRECTION('center_axis',(0.,0.,-1.));
#10926=DIRECTION('ref_axis',(1.,0.,0.));
#10927=DIRECTION('',(0.705244736082392,0.708963935773942,0.));
#10928=DIRECTION('center_axis',(0.,0.,1.));
#10929=DIRECTION('ref_axis',(1.,0.,0.));
#10930=DIRECTION('',(1.,-1.48029736616688E-16,0.));
#10931=DIRECTION('center_axis',(0.708963935773942,-0.705244736082392,0.));
#10932=DIRECTION('ref_axis',(0.705244736082392,0.708963935773942,0.));
#10933=DIRECTION('',(-0.705244736082392,-0.708963935773941,0.));
#10934=DIRECTION('',(0.,0.,1.));
#10935=DIRECTION('',(0.705244736082392,0.708963935773942,0.));
#10936=DIRECTION('center_axis',(0.,0.,1.));
#10937=DIRECTION('ref_axis',(1.,0.,0.));
#10938=DIRECTION('center_axis',(0.,0.,-1.));
#10939=DIRECTION('ref_axis',(1.,0.,0.));
#10940=DIRECTION('',(0.,0.,-1.));
#10941=DIRECTION('center_axis',(0.,0.,1.));
#10942=DIRECTION('ref_axis',(1.,0.,0.));
#10943=DIRECTION('center_axis',(0.,0.,1.));
#10944=DIRECTION('ref_axis',(1.,0.,0.));
#10945=DIRECTION('center_axis',(0.,0.,-1.));
#10946=DIRECTION('ref_axis',(1.,0.,0.));
#10947=DIRECTION('center_axis',(0.,0.,1.));
#10948=DIRECTION('ref_axis',(1.,0.,0.));
#10949=DIRECTION('center_axis',(0.,0.,-1.));
#10950=DIRECTION('ref_axis',(1.,0.,0.));
#10951=DIRECTION('',(-0.821904357487658,-0.569625514827769,0.));
#10952=DIRECTION('center_axis',(0.,0.,1.));
#10953=DIRECTION('ref_axis',(-1.,0.,0.));
#10954=DIRECTION('center_axis',(-0.569625514827769,0.821904357487658,0.));
#10955=DIRECTION('ref_axis',(-0.821904357487658,-0.569625514827769,0.));
#10956=DIRECTION('',(0.821904357487658,0.569625514827769,0.));
#10957=DIRECTION('',(0.,0.,1.));
#10958=DIRECTION('',(-0.821904357487658,-0.569625514827769,0.));
#10959=DIRECTION('center_axis',(-1.,0.,0.));
#10960=DIRECTION('ref_axis',(0.,-0.707106781186548,-0.707106781186547));
#10961=DIRECTION('center_axis',(1.,0.,0.));
#10962=DIRECTION('ref_axis',(0.,-1.,0.));
#10963=DIRECTION('',(-1.,0.,0.));
#10964=DIRECTION('center_axis',(-1.,0.,0.));
#10965=DIRECTION('ref_axis',(0.,0.,-1.));
#10966=DIRECTION('',(1.,0.,0.));
#10967=DIRECTION('center_axis',(0.,0.,1.));
#10968=DIRECTION('ref_axis',(1.,0.,0.));
#10969=DIRECTION('center_axis',(0.,0.,1.));
#10970=DIRECTION('ref_axis',(0.,1.,0.));
#10971=DIRECTION('center_axis',(0.,0.,-1.));
#10972=DIRECTION('ref_axis',(0.,1.,0.));
#10973=DIRECTION('center_axis',(-1.04672830578918E-16,-0.707106781186547,
0.707106781186548));
#10974=DIRECTION('ref_axis',(-1.96261557335472E-16,-0.707106781186548,-0.707106781186547));
#10975=DIRECTION('center_axis',(1.,2.77555756156289E-16,2.77555756156289E-16));
#10976=DIRECTION('ref_axis',(0.,0.707106781186548,-0.707106781186548));
#10977=DIRECTION('center_axis',(0.,0.948683298050514,-0.316227766016838));
#10978=DIRECTION('ref_axis',(-1.75541673428835E-16,-0.316227766016838,-0.948683298050514));
#10979=DIRECTION('center_axis',(-1.,0.,-1.48029736616687E-16));
#10980=DIRECTION('ref_axis',(0.,0.923879532511287,-0.38268343236509));
#10981=DIRECTION('center_axis',(1.,0.,0.));
#10982=DIRECTION('ref_axis',(0.,0.707106781186547,-0.707106781186548));
#10983=DIRECTION('',(-1.,0.,-1.48029736616687E-16));
#10984=DIRECTION('',(1.,0.,1.48029736616687E-16));
#10985=DIRECTION('center_axis',(0.,0.948683298050514,-0.316227766016838));
#10986=DIRECTION('ref_axis',(-1.75541673428835E-16,-0.316227766016838,-0.948683298050514));
#10987=DIRECTION('center_axis',(-1.04672830578918E-16,-0.707106781186547,
0.707106781186548));
#10988=DIRECTION('ref_axis',(-1.96261557335472E-16,-0.707106781186548,-0.707106781186547));
#10989=DIRECTION('center_axis',(0.,0.,1.));
#10990=DIRECTION('ref_axis',(1.,0.,0.));
#10991=DIRECTION('center_axis',(0.,0.,-1.));
#10992=DIRECTION('ref_axis',(0.,1.,0.));
#10993=DIRECTION('center_axis',(0.,0.,1.));
#10994=DIRECTION('ref_axis',(0.,1.,0.));
#10995=DIRECTION('center_axis',(-1.04672830578918E-16,-0.707106781186547,
0.707106781186548));
#10996=DIRECTION('ref_axis',(1.,0.,1.48029736616687E-16));
#10997=DIRECTION('',(-1.,1.48029736616688E-16,0.));
#10998=DIRECTION('',(1.,-1.48029736616688E-16,0.));
#10999=DIRECTION('',(-1.,1.48029736616688E-16,0.));
#11000=DIRECTION('center_axis',(0.,1.,0.));
#11001=DIRECTION('ref_axis',(0.,0.,-1.));
#11002=DIRECTION('',(0.,0.,-1.));
#11003=DIRECTION('',(-1.,0.,0.));
#11004=DIRECTION('',(0.,0.,1.));
#11005=DIRECTION('center_axis',(0.,0.,1.));
#11006=DIRECTION('ref_axis',(-0.707106781186547,-0.707106781186548,0.));
#11007=DIRECTION('',(0.,0.,1.));
#11008=DIRECTION('center_axis',(0.,0.,-1.));
#11009=DIRECTION('ref_axis',(-0.707106781186547,0.707106781186548,0.));
#11010=DIRECTION('center_axis',(0.,0.,1.));
#11011=DIRECTION('ref_axis',(0.,1.,0.));
#11012=DIRECTION('center_axis',(0.,0.,-1.));
#11013=DIRECTION('ref_axis',(0.707106781186547,-0.707106781186548,0.));
#11014=DIRECTION('',(1.,0.,0.));
#11015=DIRECTION('center_axis',(0.,0.,1.));
#11016=DIRECTION('ref_axis',(0.707106781186547,0.707106781186548,0.));
#11017=DIRECTION('',(0.,0.,-1.));
#11018=DIRECTION('center_axis',(0.,-1.,0.));
#11019=DIRECTION('ref_axis',(0.,0.,1.));
#11020=DIRECTION('center_axis',(0.707106781186547,0.,0.707106781186548));
#11021=DIRECTION('ref_axis',(0.707106781186548,0.,-0.707106781186547));
#11022=DIRECTION('',(-0.344843387650135,-0.873021234557303,0.344843387650134));
#11023=DIRECTION('',(0.,-1.,0.));
#11024=DIRECTION('',(0.707106781186548,0.,-0.707106781186547));
#11025=DIRECTION('',(0.,1.,0.));
#11026=DIRECTION('',(-0.707106781186548,7.55503978938154E-16,0.707106781186547));
#11027=DIRECTION('center_axis',(0.,0.,1.));
#11028=DIRECTION('ref_axis',(1.,0.,0.));
#11029=DIRECTION('',(-1.,0.,0.));
#11030=DIRECTION('',(0.,1.,0.));
#11031=DIRECTION('',(1.,0.,0.));
#11032=DIRECTION('center_axis',(0.,0.367378285083804,0.9300716078071));
#11033=DIRECTION('ref_axis',(1.,0.,0.));
#11034=DIRECTION('',(0.150441180664656,-0.919486427088694,0.363197138700034));
#11035=DIRECTION('',(-1.,0.,0.));
#11036=DIRECTION('',(0.150441180664655,0.919486427088694,-0.363197138700034));
#11037=DIRECTION('',(-0.344843387650135,0.873021234557303,-0.344843387650134));
#11038=DIRECTION('center_axis',(0.657659940869475,0.367378285083804,0.657659940869475));
#11039=DIRECTION('ref_axis',(0.707106781186547,0.,-0.707106781186547));
#11040=DIRECTION('',(0.,0.873021234557304,-0.487682195709503));
#11041=DIRECTION('',(-0.707106781186548,0.,0.707106781186548));
#11042=DIRECTION('center_axis',(-0.707106781186547,0.,0.707106781186548));
#11043=DIRECTION('ref_axis',(0.707106781186548,0.,0.707106781186547));
#11044=DIRECTION('',(0.707106781186548,0.,0.707106781186547));
#11045=DIRECTION('',(-0.707106781186548,-7.55503978938155E-16,-0.707106781186547));
#11046=DIRECTION('',(0.,-1.,0.));
#11047=DIRECTION('center_axis',(0.,1.,0.));
#11048=DIRECTION('ref_axis',(1.,0.,0.));
#11049=DIRECTION('',(0.,0.,1.));
#11050=DIRECTION('',(1.,0.,0.));
#11051=DIRECTION('',(0.,0.,-1.));
#11052=DIRECTION('center_axis',(-1.,0.,0.));
#11053=DIRECTION('ref_axis',(0.,-1.,0.));
#11054=DIRECTION('',(0.,-0.873021234557304,0.487682195709502));
#11055=DIRECTION('',(0.,-1.,0.));
#11056=DIRECTION('center_axis',(1.,0.,0.));
#11057=DIRECTION('ref_axis',(0.,0.707106781186548,0.707106781186547));
#11058=DIRECTION('',(0.,0.,1.));
#11059=DIRECTION('center_axis',(1.,0.,0.));
#11060=DIRECTION('ref_axis',(0.,0.707106781186548,-0.707106781186547));
#11061=DIRECTION('',(0.,1.,0.));
#11062=DIRECTION('',(0.,0.,-1.));
#11063=DIRECTION('',(0.,1.,0.));
#11064=DIRECTION('',(0.,0.00667109016317063,0.999977748030442));
#11065=DIRECTION('',(0.,-1.,1.83182722796077E-14));
#11066=DIRECTION('',(0.,-0.00667109016333426,-0.999977748030441));
#11067=DIRECTION('',(0.,-1.,1.11019831997615E-14));
#11068=DIRECTION('center_axis',(-0.657659940869475,0.367378285083803,0.657659940869475));
#11069=DIRECTION('ref_axis',(0.707106781186548,0.,0.707106781186548));
#11070=DIRECTION('',(-0.707106781186548,0.,-0.707106781186548));
#11071=DIRECTION('center_axis',(0.707106781186548,0.,0.707106781186548));
#11072=DIRECTION('ref_axis',(0.707106781186548,0.,-0.707106781186548));
#11073=DIRECTION('',(0.,1.,0.));
#11074=DIRECTION('',(0.707106781186547,0.,-0.707106781186548));
#11075=DIRECTION('',(0.,-1.,0.));
#11076=DIRECTION('center_axis',(1.,0.,0.));
#11077=DIRECTION('ref_axis',(0.,1.,0.));
#11078=DIRECTION('',(0.,-1.,0.));
#11079=DIRECTION('',(0.,0.,1.));
#11080=DIRECTION('',(0.,-1.,0.));
#11081=DIRECTION('center_axis',(-1.,0.,0.));
#11082=DIRECTION('ref_axis',(0.,0.707106781186548,-0.707106781186547));
#11083=DIRECTION('',(0.,0.,-1.));
#11084=DIRECTION('center_axis',(-1.,0.,0.));
#11085=DIRECTION('ref_axis',(0.,0.707106781186548,0.707106781186547));
#11086=DIRECTION('',(0.,0.00667109016333426,0.999977748030441));
#11087=DIRECTION('',(0.,1.,-1.83182722796077E-14));
#11088=DIRECTION('',(0.,-0.00667109016317063,-0.999977748030442));
#11089=DIRECTION('',(0.,1.,-1.11019831997615E-14));
#11090=DIRECTION('center_axis',(-0.707106781186548,0.,0.707106781186548));
#11091=DIRECTION('ref_axis',(0.707106781186548,0.,0.707106781186548));
#11092=DIRECTION('',(0.,1.,0.));
#11093=DIRECTION('',(0.707106781186547,0.,0.707106781186548));
#11094=DIRECTION('center_axis',(0.,0.,1.));
#11095=DIRECTION('ref_axis',(1.,0.,0.));
#11096=DIRECTION('',(1.,0.,0.));
#11097=DIRECTION('center_axis',(-1.,0.,0.));
#11098=DIRECTION('ref_axis',(0.,0.707106781186548,0.707106781186547));
#11099=DIRECTION('',(-0.707106781186547,0.707106781186548,0.));
#11100=DIRECTION('center_axis',(1.,0.,0.));
#11101=DIRECTION('ref_axis',(0.,0.707106781186548,0.707106781186547));
#11102=DIRECTION('center_axis',(0.707106781186548,0.707106781186547,0.));
#11103=DIRECTION('ref_axis',(0.,0.,-1.));
#11104=DIRECTION('',(-0.707106781186547,0.707106781186548,0.));
#11105=DIRECTION('',(0.,0.,1.));
#11106=DIRECTION('center_axis',(-1.,0.,0.));
#11107=DIRECTION('ref_axis',(0.,0.707106781186548,-0.707106781186547));
#11108=DIRECTION('',(-0.707106781186547,0.,-0.707106781186548));
#11109=DIRECTION('center_axis',(1.,0.,0.));
#11110=DIRECTION('ref_axis',(0.,0.707106781186548,-0.707106781186547));
#11111=DIRECTION('center_axis',(0.707106781186548,0.,-0.707106781186548));
#11112=DIRECTION('ref_axis',(-0.707106781186548,0.,-0.707106781186548));
#11113=DIRECTION('',(-0.707106781186547,0.,-0.707106781186547));
#11114=DIRECTION('',(0.,1.,0.));
#11115=DIRECTION('center_axis',(0.,0.,-1.));
#11116=DIRECTION('ref_axis',(-0.844901176640876,-0.534922425881421,0.));
#11117=DIRECTION('center_axis',(0.,0.,-1.));
#11118=DIRECTION('ref_axis',(-0.844901176640875,-0.534922425881421,0.));
#11119=DIRECTION('center_axis',(0.,0.,1.));
#11120=DIRECTION('ref_axis',(-0.844901176640876,-0.534922425881421,0.));
#11121=DIRECTION('center_axis',(-1.,0.,0.));
#11122=DIRECTION('ref_axis',(0.,0.707106781186548,0.707106781186547));
#11123=DIRECTION('',(-1.,0.,0.));
#11124=DIRECTION('',(-1.,0.,0.));
#11125=DIRECTION('center_axis',(-1.,0.,0.));
#11126=DIRECTION('ref_axis',(0.,0.707106781186548,0.707106781186547));
#11127=DIRECTION('center_axis',(-0.707106781186548,0.,-0.707106781186548));
#11128=DIRECTION('ref_axis',(-0.707106781186548,0.,0.707106781186548));
#11129=DIRECTION('',(-0.707106781186547,0.,0.707106781186547));
#11130=DIRECTION('',(0.707106781186547,0.,-0.707106781186547));
#11131=DIRECTION('',(0.,-1.,0.));
#11132=DIRECTION('center_axis',(1.,0.,0.));
#11133=DIRECTION('ref_axis',(0.,0.707106781186548,-0.707106781186547));
#11134=DIRECTION('',(0.707106781186547,0.707106781186548,0.));
#11135=DIRECTION('center_axis',(-1.,0.,0.));
#11136=DIRECTION('ref_axis',(0.,0.707106781186548,-0.707106781186547));
#11137=DIRECTION('center_axis',(0.,0.,-1.));
#11138=DIRECTION('ref_axis',(0.844901176640876,-0.53492242588142,0.));
#11139=DIRECTION('center_axis',(0.,0.,1.));
#11140=DIRECTION('ref_axis',(0.844901176640876,-0.53492242588142,0.));
#11141=DIRECTION('center_axis',(0.,0.,-1.));
#11142=DIRECTION('ref_axis',(0.844901176640876,-0.53492242588142,0.));
#11143=DIRECTION('center_axis',(-0.707106781186548,0.707106781186547,0.));
#11144=DIRECTION('ref_axis',(0.,0.,1.));
#11145=DIRECTION('',(0.707106781186547,0.707106781186548,0.));
#11146=DIRECTION('',(0.,0.,-1.));
#11147=DIRECTION('center_axis',(1.,0.,0.));
#11148=DIRECTION('ref_axis',(0.,0.707106781186548,0.707106781186547));
#11149=DIRECTION('center_axis',(0.,0.,1.));
#11150=DIRECTION('ref_axis',(0.844901176640876,-0.53492242588142,0.));
#11151=DIRECTION('',(0.,0.,1.));
#11152=DIRECTION('center_axis',(0.,0.,1.));
#11153=DIRECTION('ref_axis',(1.,0.,0.));
#11154=DIRECTION('center_axis',(0.,0.,1.));
#11155=DIRECTION('ref_axis',(-1.,0.,0.));
#11156=DIRECTION('center_axis',(0.,0.,1.));
#11157=DIRECTION('ref_axis',(1.,0.,0.));
#11158=DIRECTION('',(-0.821904357487658,0.569625514827769,0.));
#11159=DIRECTION('center_axis',(0.,0.,1.));
#11160=DIRECTION('ref_axis',(1.,0.,0.));
#11161=DIRECTION('',(1.,-1.48029736616688E-16,0.));
#11162=DIRECTION('center_axis',(0.,0.,1.));
#11163=DIRECTION('ref_axis',(1.,0.,0.));
#11164=DIRECTION('',(0.705244736082392,-0.708963935773941,0.));
#11165=DIRECTION('center_axis',(0.,0.,1.));
#11166=DIRECTION('ref_axis',(1.,0.,0.));
#11167=DIRECTION('',(-1.,0.,0.));
#11168=DIRECTION('',(0.,1.,2.31296463463574E-16));
#11169=DIRECTION('',(-1.,0.,0.));
#11170=DIRECTION('',(0.,-1.,-2.31296463463574E-16));
#11171=DIRECTION('',(-1.,0.,0.));
#11172=DIRECTION('center_axis',(0.,0.,-1.));
#11173=DIRECTION('ref_axis',(1.,0.,0.));
#11174=DIRECTION('',(-1.,0.,0.));
#11175=DIRECTION('center_axis',(0.,0.,-1.));
#11176=DIRECTION('ref_axis',(1.,0.,0.));
#11177=DIRECTION('center_axis',(0.,0.,-1.));
#11178=DIRECTION('ref_axis',(1.,0.,0.));
#11179=DIRECTION('center_axis',(-1.,0.,0.));
#11180=DIRECTION('ref_axis',(0.,0.707106781186548,-0.707106781186547));
#11181=DIRECTION('center_axis',(1.,0.,0.));
#11182=DIRECTION('ref_axis',(0.,0.707106781186548,-0.707106781186547));
#11183=DIRECTION('',(1.,0.,0.));
#11184=DIRECTION('center_axis',(0.,1.,0.));
#11185=DIRECTION('ref_axis',(-1.,0.,0.));
#11186=DIRECTION('center_axis',(-1.,0.,0.));
#11187=DIRECTION('ref_axis',(0.,0.,1.));
#11188=DIRECTION('center_axis',(0.,0.435889894354067,0.9));
#11189=DIRECTION('ref_axis',(0.,-0.9,0.435889894354067));
#11190=DIRECTION('center_axis',(0.,3.70074341541719E-16,1.));
#11191=DIRECTION('ref_axis',(0.,-1.,3.70074341541719E-16));
#11192=DIRECTION('center_axis',(-1.,0.,0.));
#11193=DIRECTION('ref_axis',(0.,0.707106781186548,-0.707106781186547));
#11194=DIRECTION('',(1.,0.,0.));
#11195=DIRECTION('center_axis',(-1.,0.,0.));
#11196=DIRECTION('ref_axis',(0.,0.707106781186548,-0.707106781186547));
#11197=DIRECTION('center_axis',(-1.,0.,0.));
#11198=DIRECTION('ref_axis',(0.,0.,1.));
#11199=DIRECTION('center_axis',(2.01639582047213E-16,-0.9,-0.435889894354067));
#11200=DIRECTION('ref_axis',(0.,-0.435889894354067,0.9));
#11201=DIRECTION('center_axis',(1.,0.,0.));
#11202=DIRECTION('ref_axis',(0.,0.707106781186548,-0.707106781186547));
#11203=DIRECTION('center_axis',(-1.,0.,0.));
#11204=DIRECTION('ref_axis',(0.,0.707106781186548,-0.707106781186547));
#11205=DIRECTION('center_axis',(0.,1.,0.));
#11206=DIRECTION('ref_axis',(-1.,0.,0.));
#11207=DIRECTION('center_axis',(0.,0.,1.));
#11208=DIRECTION('ref_axis',(-0.844901176640876,-0.534922425881421,0.));
#11209=DIRECTION('',(0.,0.,-1.));
#11210=DIRECTION('center_axis',(0.,0.,1.));
#11211=DIRECTION('ref_axis',(1.,0.,0.));
#11212=DIRECTION('center_axis',(0.,0.,1.));
#11213=DIRECTION('ref_axis',(1.,0.,0.));
#11214=DIRECTION('',(0.,0.,1.));
#11215=DIRECTION('center_axis',(0.,0.,-1.));
#11216=DIRECTION('ref_axis',(1.,0.,0.));
#11217=DIRECTION('center_axis',(0.,0.,-1.));
#11218=DIRECTION('ref_axis',(1.,0.,0.));
#11219=DIRECTION('',(-0.402786064271594,-0.581174144666295,0.707106781186548));
#11220=DIRECTION('center_axis',(0.,0.,-1.));
#11221=DIRECTION('ref_axis',(-1.,0.,0.));
#11222=DIRECTION('',(0.402786064271593,-0.581174144666296,0.707106781186547));
#11223=DIRECTION('center_axis',(0.,0.,-1.));
#11224=DIRECTION('ref_axis',(-1.,0.,0.));
#11225=DIRECTION('center_axis',(0.,0.514495755427527,-0.857492925712544));
#11226=DIRECTION('ref_axis',(-1.,0.,0.));
#11227=DIRECTION('center_axis',(0.,0.514495755427527,-0.857492925712544));
#11228=DIRECTION('ref_axis',(4.76004194789628E-17,0.857492925712544,0.514495755427527));
#11229=DIRECTION('center_axis',(-1.,0.,0.));
#11230=DIRECTION('ref_axis',(0.,0.,1.));
#11231=DIRECTION('center_axis',(0.,-1.,0.));
#11232=DIRECTION('ref_axis',(0.,0.,1.));
#11233=DIRECTION('center_axis',(0.,-1.,-2.31296463463574E-16));
#11234=DIRECTION('ref_axis',(0.707106781186547,0.,0.707106781186548));
#11235=DIRECTION('center_axis',(0.,0.,-1.));
#11236=DIRECTION('ref_axis',(0.707106781186547,-0.707106781186548,0.));
#11237=DIRECTION('center_axis',(0.,0.,1.));
#11238=DIRECTION('ref_axis',(1.,0.,0.));
#11239=DIRECTION('center_axis',(0.,0.,-1.));
#11240=DIRECTION('ref_axis',(1.,0.,0.));
#11241=DIRECTION('',(0.705244736082392,0.708963935773941,0.));
#11242=DIRECTION('center_axis',(0.,0.,-1.));
#11243=DIRECTION('ref_axis',(1.,0.,0.));
#11244=DIRECTION('center_axis',(0.,0.,-1.));
#11245=DIRECTION('ref_axis',(1.,0.,0.));
#11246=DIRECTION('',(0.821904357487658,-0.569625514827769,0.));
#11247=DIRECTION('',(-0.821904357487658,-0.569625514827769,0.));
#11248=DIRECTION('center_axis',(0.,0.,-1.));
#11249=DIRECTION('ref_axis',(1.,0.,0.));
#11250=DIRECTION('',(-0.705244736082392,0.708963935773941,0.));
#11251=DIRECTION('center_axis',(0.,0.,-1.));
#11252=DIRECTION('ref_axis',(-1.,0.,0.));
#11253=DIRECTION('',(-1.,0.,0.));
#11254=DIRECTION('center_axis',(0.,0.,-1.));
#11255=DIRECTION('ref_axis',(1.,0.,0.));
#11256=DIRECTION('',(-1.,0.,0.));
#11257=DIRECTION('center_axis',(-0.707106781186548,7.8502876051705E-15,
0.707106781186547));
#11258=DIRECTION('ref_axis',(0.707106781186547,0.,0.707106781186548));
#11259=DIRECTION('',(-0.707098913795965,-0.00471722557588852,-0.707098913795965));
#11260=DIRECTION('',(0.,1.,-1.11019831997615E-14));
#11261=DIRECTION('',(0.707098913795965,0.00471722557577281,0.707098913795965));
#11262=DIRECTION('center_axis',(0.,-1.11019831997615E-14,-1.));
#11263=DIRECTION('ref_axis',(0.,1.,-1.11019831997615E-14));
#11264=DIRECTION('',(1.,0.,0.));
#11265=DIRECTION('',(0.,-1.,1.11019831997615E-14));
#11266=DIRECTION('',(1.,0.,0.));
#11267=DIRECTION('center_axis',(0.707106781186548,7.8502876051705E-15,0.707106781186547));
#11268=DIRECTION('ref_axis',(0.707106781186547,0.,-0.707106781186548));
#11269=DIRECTION('',(0.707098913795965,-0.00471722557577281,-0.707098913795965));
#11270=DIRECTION('',(-0.707098913795965,0.00471722557588852,0.707098913795965));
#11271=DIRECTION('center_axis',(1.,0.,0.));
#11272=DIRECTION('ref_axis',(0.,1.,0.));
#11273=DIRECTION('center_axis',(1.,0.,0.));
#11274=DIRECTION('ref_axis',(0.,1.,0.));
#11275=DIRECTION('center_axis',(0.,0.999977748030442,-0.00667109016317063));
#11276=DIRECTION('ref_axis',(0.,0.00667109016317063,0.999977748030442));
#11277=DIRECTION('',(1.,0.,0.));
#11278=DIRECTION('center_axis',(0.,-0.999977748030441,0.00667109016333426));
#11279=DIRECTION('ref_axis',(0.,-0.00667109016333426,-0.999977748030441));
#11280=DIRECTION('',(1.,0.,0.));
#11281=DIRECTION('center_axis',(0.,1.83182722796077E-14,1.));
#11282=DIRECTION('ref_axis',(0.,-1.,1.83182722796077E-14));
#11283=DIRECTION('center_axis',(0.,0.,-1.));
#11284=DIRECTION('ref_axis',(1.,0.,0.));
#11285=DIRECTION('center_axis',(0.,0.,1.));
#11286=DIRECTION('ref_axis',(1.,0.,0.));
#11287=DIRECTION('',(-0.263117405792109,-3.22225888803261E-17,-0.964763821237732));
#11288=DIRECTION('center_axis',(-0.501313206602458,0.498683335279977,-0.707106781186547));
#11289=DIRECTION('ref_axis',(-0.501313206602459,0.498683335279975,0.707106781186548));
#11290=DIRECTION('center_axis',(0.,0.,1.));
#11291=DIRECTION('ref_axis',(1.,0.,0.));
#11292=DIRECTION('center_axis',(-0.402786064271594,-0.581174144666295,-0.707106781186548));
#11293=DIRECTION('ref_axis',(0.402786064271594,0.581174144666295,-0.707106781186547));
#11294=DIRECTION('center_axis',(0.,0.,1.));
#11295=DIRECTION('ref_axis',(1.,0.,0.));
#11296=DIRECTION('center_axis',(0.,0.,-1.));
#11297=DIRECTION('ref_axis',(1.,0.,0.));
#11298=DIRECTION('center_axis',(0.,0.,-1.));
#11299=DIRECTION('ref_axis',(1.,0.,0.));
#11300=DIRECTION('center_axis',(0.,0.,1.));
#11301=DIRECTION('ref_axis',(1.,0.,0.));
#11302=DIRECTION('',(-0.263117405792109,-3.22225888803261E-17,-0.964763821237732));
#11303=DIRECTION('center_axis',(0.,0.,1.));
#11304=DIRECTION('ref_axis',(1.,0.,0.));
#11305=DIRECTION('center_axis',(0.501313206602458,0.498683335279976,-0.707106781186548));
#11306=DIRECTION('ref_axis',(0.501313206602457,0.498683335279977,0.707106781186548));
#11307=DIRECTION('center_axis',(0.402786064271594,-0.581174144666295,-0.707106781186548));
#11308=DIRECTION('ref_axis',(-0.402786064271594,0.581174144666295,-0.707106781186547));
#11309=DIRECTION('center_axis',(0.,0.,1.));
#11310=DIRECTION('ref_axis',(1.,0.,0.));
#11311=DIRECTION('center_axis',(0.,0.,1.));
#11312=DIRECTION('ref_axis',(1.,0.,0.));
#11313=DIRECTION('center_axis',(0.,0.,-1.));
#11314=DIRECTION('ref_axis',(1.,0.,0.));
#11315=DIRECTION('center_axis',(0.,0.,-1.));
#11316=DIRECTION('ref_axis',(6.12323399573677E-17,1.,0.));
#11317=DIRECTION('center_axis',(0.,0.,1.));
#11318=DIRECTION('ref_axis',(1.,0.,0.));
#11319=DIRECTION('center_axis',(0.,0.707106781186547,-0.707106781186548));
#11320=DIRECTION('ref_axis',(-1.,0.,0.));
#11321=DIRECTION('',(1.,0.,0.));
#11322=DIRECTION('center_axis',(0.,1.,0.));
#11323=DIRECTION('ref_axis',(-1.,0.,0.));
#11324=DIRECTION('',(0.,0.,1.));
#11325=DIRECTION('',(0.,0.,1.));
#11326=DIRECTION('center_axis',(0.402786064271594,0.581174144666295,0.707106781186548));
#11327=DIRECTION('ref_axis',(0.868917227984024,0.,-0.494957423333118));
#11328=DIRECTION('',(-0.821904357487658,0.569625514827769,0.));
#11329=DIRECTION('center_axis',(0.569625514827769,0.821904357487658,0.));
#11330=DIRECTION('ref_axis',(-0.821904357487658,0.569625514827769,0.));
#11331=DIRECTION('',(0.,0.,1.));
#11332=DIRECTION('center_axis',(-0.402786064271594,0.581174144666295,0.707106781186548));
#11333=DIRECTION('ref_axis',(0.868917227984024,0.,0.494957423333118));
#11334=DIRECTION('center_axis',(0.,0.,-1.));
#11335=DIRECTION('ref_axis',(1.,0.,0.));
#11336=DIRECTION('',(-0.501313206602459,0.498683335279977,0.707106781186547));
#11337=DIRECTION('center_axis',(-0.501313206602458,-0.498683335279976,0.707106781186548));
#11338=DIRECTION('ref_axis',(0.815781762887821,0.,0.578359849349554));
#11339=DIRECTION('',(0.705244736082392,-0.708963935773941,0.));
#11340=DIRECTION('',(0.501313206602458,0.498683335279976,0.707106781186548));
#11341=DIRECTION('center_axis',(0.,0.,-1.));
#11342=DIRECTION('ref_axis',(-1.,0.,0.));
#11343=DIRECTION('center_axis',(0.,0.,1.));
#11344=DIRECTION('ref_axis',(-1.,0.,0.));
#11345=DIRECTION('center_axis',(0.501313206602458,-0.498683335279977,0.707106781186547));
#11346=DIRECTION('ref_axis',(0.815781762887821,0.,-0.578359849349554));
#11347=DIRECTION('center_axis',(-1.48029736616688E-16,-1.,0.));
#11348=DIRECTION('ref_axis',(1.,-1.48029736616688E-16,0.));
#11349=DIRECTION('',(0.,0.,1.));
#11350=DIRECTION('center_axis',(0.,0.,1.));
#11351=DIRECTION('ref_axis',(1.,0.,0.));
#11352=DIRECTION('',(0.,0.,1.));
#11353=DIRECTION('center_axis',(-0.708963935773941,-0.705244736082392,0.));
#11354=DIRECTION('ref_axis',(0.705244736082392,-0.708963935773941,0.));
#11355=DIRECTION('',(0.,0.,1.));
#11356=DIRECTION('center_axis',(0.,0.,1.));
#11357=DIRECTION('ref_axis',(1.,0.,0.));
#11358=DIRECTION('center_axis',(0.,0.,1.));
#11359=DIRECTION('ref_axis',(1.,0.,0.));
#11360=DIRECTION('center_axis',(0.,0.,1.));
#11361=DIRECTION('ref_axis',(1.,0.,0.));
#11362=DIRECTION('center_axis',(0.,0.,1.));
#11363=DIRECTION('ref_axis',(1.,0.,0.));
#11364=DIRECTION('',(0.,0.,-1.));
#11365=DIRECTION('center_axis',(0.,0.,1.));
#11366=DIRECTION('ref_axis',(1.,0.,0.));
#11367=DIRECTION('center_axis',(0.,0.,1.));
#11368=DIRECTION('ref_axis',(1.,0.,0.));
#11369=DIRECTION('center_axis',(0.,0.,1.));
#11370=DIRECTION('ref_axis',(1.,0.,0.));
#11371=DIRECTION('center_axis',(0.,0.,1.));
#11372=DIRECTION('ref_axis',(1.,0.,0.));
#11373=DIRECTION('center_axis',(0.,0.,1.));
#11374=DIRECTION('ref_axis',(1.,0.,0.));
#11375=DIRECTION('',(0.,0.,-1.));
#11376=DIRECTION('center_axis',(0.,0.,1.));
#11377=DIRECTION('ref_axis',(6.12323399573677E-17,1.,0.));
#11378=DIRECTION('center_axis',(0.,0.,1.));
#11379=DIRECTION('ref_axis',(1.,0.,0.));
#11380=DIRECTION('',(0.,0.,-1.));
#11381=DIRECTION('center_axis',(0.,0.,1.));
#11382=DIRECTION('ref_axis',(1.,0.,0.));
#11383=DIRECTION('',(0.,0.,-1.));
#11384=DIRECTION('center_axis',(0.,0.,1.));
#11385=DIRECTION('ref_axis',(-0.995863361257684,0.0908634453702273,0.));
#11386=DIRECTION('axis',(0.,0.,1.));
#11387=DIRECTION('refdir',(1.,0.,0.));
#11388=DIRECTION('center_axis',(0.,0.,1.));
#11389=DIRECTION('ref_axis',(1.,0.,0.));
#11390=DIRECTION('center_axis',(0.402786064271594,-0.581174144666295,-0.707106781186548));
#11391=DIRECTION('ref_axis',(0.402786064271594,-0.581174144666295,0.707106781186547));
#11392=DIRECTION('center_axis',(0.,0.,-1.));
#11393=DIRECTION('ref_axis',(1.,0.,0.));
#11394=DIRECTION('center_axis',(-0.402786064271594,0.581174144666295,0.707106781186548));
#11395=DIRECTION('ref_axis',(0.868917227984024,0.,0.494957423333118));
#11396=DIRECTION('',(-0.821904357487658,-0.569625514827769,0.));
#11397=DIRECTION('',(-0.821904357487658,-0.569625514827769,0.));
#11398=DIRECTION('center_axis',(0.402786064271594,-0.581174144666295,-0.707106781186548));
#11399=DIRECTION('ref_axis',(-0.402786064271594,0.581174144666295,-0.707106781186547));
#11400=DIRECTION('',(-0.821904357487658,-0.569625514827769,0.));
#11401=DIRECTION('',(0.402786064271593,-0.581174144666296,0.707106781186547));
#11402=DIRECTION('',(-0.821904357487658,-0.569625514827769,0.));
#11403=DIRECTION('center_axis',(0.,0.,1.));
#11404=DIRECTION('ref_axis',(1.,0.,0.));
#11405=DIRECTION('center_axis',(0.,0.,-1.));
#11406=DIRECTION('ref_axis',(0.844901176640876,-0.53492242588142,0.));
#11407=DIRECTION('',(0.,-1.,0.));
#11408=DIRECTION('',(-1.,0.,0.));
#11409=DIRECTION('',(0.,1.,2.31296463463574E-16));
#11410=DIRECTION('',(-1.,0.,0.));
#11411=DIRECTION('',(0.,-1.,-2.31296463463574E-16));
#11412=DIRECTION('',(-1.,0.,0.));
#11413=DIRECTION('',(0.,1.,0.));
#11414=DIRECTION('center_axis',(0.,0.,-1.));
#11415=DIRECTION('ref_axis',(-0.844901176640875,-0.534922425881421,0.));
#11416=DIRECTION('',(-0.821904357487658,0.569625514827769,0.));
#11417=DIRECTION('center_axis',(0.,0.,1.));
#11418=DIRECTION('ref_axis',(1.,0.,0.));
#11419=DIRECTION('',(-0.705244736082392,-0.708963935773941,0.));
#11420=DIRECTION('center_axis',(0.,0.,-1.));
#11421=DIRECTION('ref_axis',(-0.92438193831715,0.381468258329614,0.));
#11422=DIRECTION('',(0.,1.,0.));
#11423=DIRECTION('center_axis',(0.,0.,-1.));
#11424=DIRECTION('ref_axis',(1.,0.,0.));
#11425=DIRECTION('',(-1.,0.,0.));
#11426=DIRECTION('center_axis',(0.,0.,-1.));
#11427=DIRECTION('ref_axis',(-0.292695199848578,0.956205793741912,0.));
#11428=DIRECTION('center_axis',(0.,0.,1.));
#11429=DIRECTION('ref_axis',(1.,0.,0.));
#11430=DIRECTION('',(1.,-1.48029736616688E-16,0.));
#11431=DIRECTION('center_axis',(0.,0.,1.));
#11432=DIRECTION('ref_axis',(1.,0.,0.));
#11433=DIRECTION('',(0.705244736082392,-0.708963935773941,0.));
#11434=DIRECTION('center_axis',(0.,0.,1.));
#11435=DIRECTION('ref_axis',(1.,0.,0.));
#11436=DIRECTION('',(0.821904357487658,0.569625514827769,0.));
#11437=DIRECTION('center_axis',(0.,0.,-1.));
#11438=DIRECTION('ref_axis',(0.885896583927201,-0.463882789706749,0.));
#11439=DIRECTION('',(0.,-1.,0.));
#11440=DIRECTION('center_axis',(0.,0.,-1.));
#11441=DIRECTION('ref_axis',(1.,0.,0.));
#11442=DIRECTION('',(1.,0.,0.));
#11443=DIRECTION('center_axis',(0.,0.,-1.));
#11444=DIRECTION('ref_axis',(0.,1.,0.));
#11445=DIRECTION('center_axis',(0.,0.,-1.));
#11446=DIRECTION('ref_axis',(1.,0.,0.));
#11447=DIRECTION('center_axis',(0.,0.,-1.));
#11448=DIRECTION('ref_axis',(1.,0.,0.));
#11449=DIRECTION('center_axis',(0.,0.,-1.));
#11450=DIRECTION('ref_axis',(1.,0.,0.));
#11451=DIRECTION('',(-1.,0.,0.));
#11452=DIRECTION('center_axis',(0.,0.,-1.));
#11453=DIRECTION('ref_axis',(1.,0.,0.));
#11454=DIRECTION('center_axis',(0.,0.,1.));
#11455=DIRECTION('ref_axis',(1.,0.,0.));
#11456=DIRECTION('center_axis',(0.,0.,1.));
#11457=DIRECTION('ref_axis',(-0.292695199848578,0.956205793741912,0.));
#11458=DIRECTION('center_axis',(0.,0.,1.));
#11459=DIRECTION('ref_axis',(-0.292695199848578,0.956205793741912,0.));
#11460=DIRECTION('',(0.,0.,-1.));
#11461=DIRECTION('',(0.,0.,1.));
#11462=DIRECTION('center_axis',(0.,-1.,0.));
#11463=DIRECTION('ref_axis',(1.,0.,0.));
#11464=DIRECTION('',(0.,0.,1.));
#11465=DIRECTION('',(1.,0.,0.));
#11466=DIRECTION('center_axis',(0.,0.,-1.));
#11467=DIRECTION('ref_axis',(-0.92438193831715,0.381468258329614,0.));
#11468=DIRECTION('center_axis',(0.,0.,1.));
#11469=DIRECTION('ref_axis',(-0.92438193831715,0.381468258329614,0.));
#11470=DIRECTION('',(0.,0.,-1.));
#11471=DIRECTION('',(0.,0.,1.));
#11472=DIRECTION('center_axis',(1.,0.,0.));
#11473=DIRECTION('ref_axis',(0.,1.,0.));
#11474=DIRECTION('',(0.,1.,0.));
#11475=DIRECTION('',(0.,0.,1.));
#11476=DIRECTION('center_axis',(0.,0.,1.));
#11477=DIRECTION('ref_axis',(0.,1.,0.));
#11478=DIRECTION('center_axis',(0.,0.,1.));
#11479=DIRECTION('ref_axis',(0.,1.,0.));
#11480=DIRECTION('',(0.,0.,-1.));
#11481=DIRECTION('',(0.,0.,1.));
#11482=DIRECTION('center_axis',(0.,1.,0.));
#11483=DIRECTION('ref_axis',(-1.,0.,0.));
#11484=DIRECTION('',(0.,0.,1.));
#11485=DIRECTION('',(-1.,0.,0.));
#11486=DIRECTION('center_axis',(0.,0.,-1.));
#11487=DIRECTION('ref_axis',(0.885896583927201,-0.463882789706749,0.));
#11488=DIRECTION('center_axis',(0.,0.,1.));
#11489=DIRECTION('ref_axis',(0.885896583927201,-0.463882789706749,0.));
#11490=DIRECTION('',(0.,0.,-1.));
#11491=DIRECTION('',(0.,0.,1.));
#11492=DIRECTION('center_axis',(-1.,0.,0.));
#11493=DIRECTION('ref_axis',(0.,-1.,0.));
#11494=DIRECTION('',(0.,-1.,0.));
#11495=DIRECTION('',(0.,0.,1.));
#11496=DIRECTION('center_axis',(0.,0.,1.));
#11497=DIRECTION('ref_axis',(1.,0.,0.));
#11498=DIRECTION('center_axis',(0.,0.,-1.));
#11499=DIRECTION('ref_axis',(1.,0.,0.));
#11500=DIRECTION('',(0.,0.,-1.));
#11501=DIRECTION('center_axis',(0.,0.,1.));
#11502=DIRECTION('ref_axis',(1.,0.,0.));
#11503=DIRECTION('center_axis',(0.,0.,1.));
#11504=DIRECTION('ref_axis',(1.,0.,0.));
#11505=DIRECTION('center_axis',(0.,0.,-1.));
#11506=DIRECTION('ref_axis',(1.,0.,0.));
#11507=DIRECTION('',(0.705244736082392,0.708963935773942,0.));
#11508=DIRECTION('center_axis',(0.,0.,1.));
#11509=DIRECTION('ref_axis',(1.,0.,0.));
#11510=DIRECTION('center_axis',(0.708963935773942,-0.705244736082392,0.));
#11511=DIRECTION('ref_axis',(0.705244736082392,0.708963935773942,0.));
#11512=DIRECTION('',(0.,0.,1.));
#11513=DIRECTION('',(0.705244736082392,0.708963935773942,0.));
#11514=DIRECTION('center_axis',(0.,0.,1.));
#11515=DIRECTION('ref_axis',(1.,0.,0.));
#11516=DIRECTION('center_axis',(0.,0.,-1.));
#11517=DIRECTION('ref_axis',(1.,0.,0.));
#11518=DIRECTION('',(0.,0.,-1.));
#11519=DIRECTION('center_axis',(0.,0.,1.));
#11520=DIRECTION('ref_axis',(1.,0.,0.));
#11521=DIRECTION('center_axis',(0.,0.,1.));
#11522=DIRECTION('ref_axis',(1.,0.,0.));
#11523=DIRECTION('center_axis',(0.,0.,-1.));
#11524=DIRECTION('ref_axis',(1.,0.,0.));
#11525=DIRECTION('center_axis',(0.,0.,1.));
#11526=DIRECTION('ref_axis',(-1.,0.,0.));
#11527=DIRECTION('center_axis',(-0.569625514827769,0.821904357487658,0.));
#11528=DIRECTION('ref_axis',(-0.821904357487658,-0.569625514827769,0.));
#11529=DIRECTION('',(0.,0.,1.));
#11530=DIRECTION('center_axis',(-1.,0.,0.));
#11531=DIRECTION('ref_axis',(0.,-0.707106781186548,-0.707106781186547));
#11532=DIRECTION('center_axis',(1.,0.,0.));
#11533=DIRECTION('ref_axis',(0.,-1.,0.));
#11534=DIRECTION('',(-1.,0.,0.));
#11535=DIRECTION('center_axis',(-1.,0.,0.));
#11536=DIRECTION('ref_axis',(0.,0.,-1.));
#11537=DIRECTION('',(1.,0.,0.));
#11538=DIRECTION('center_axis',(0.,0.,1.));
#11539=DIRECTION('ref_axis',(1.,0.,0.));
#11540=DIRECTION('center_axis',(0.,0.,1.));
#11541=DIRECTION('ref_axis',(0.,1.,0.));
#11542=DIRECTION('center_axis',(0.,0.,-1.));
#11543=DIRECTION('ref_axis',(0.,1.,0.));
#11544=DIRECTION('center_axis',(-1.04672830578918E-16,-0.707106781186547,
0.707106781186548));
#11545=DIRECTION('ref_axis',(-1.96261557335472E-16,-0.707106781186548,-0.707106781186547));
#11546=DIRECTION('center_axis',(1.,2.77555756156289E-16,2.77555756156289E-16));
#11547=DIRECTION('ref_axis',(0.,0.707106781186548,-0.707106781186548));
#11548=DIRECTION('center_axis',(0.,0.948683298050514,-0.316227766016838));
#11549=DIRECTION('ref_axis',(-1.75541673428835E-16,-0.316227766016838,-0.948683298050514));
#11550=DIRECTION('center_axis',(-1.,0.,-1.48029736616687E-16));
#11551=DIRECTION('ref_axis',(0.,0.923879532511287,-0.38268343236509));
#11552=DIRECTION('center_axis',(1.,0.,0.));
#11553=DIRECTION('ref_axis',(0.,0.707106781186547,-0.707106781186548));
#11554=DIRECTION('',(-1.,0.,-1.48029736616687E-16));
#11555=DIRECTION('',(1.,0.,1.48029736616687E-16));
#11556=DIRECTION('center_axis',(0.,0.948683298050514,-0.316227766016838));
#11557=DIRECTION('ref_axis',(-1.75541673428835E-16,-0.316227766016838,-0.948683298050514));
#11558=DIRECTION('center_axis',(-1.04672830578918E-16,-0.707106781186547,
0.707106781186548));
#11559=DIRECTION('ref_axis',(-1.96261557335472E-16,-0.707106781186548,-0.707106781186547));
#11560=DIRECTION('center_axis',(0.,0.,1.));
#11561=DIRECTION('ref_axis',(1.,0.,0.));
#11562=DIRECTION('center_axis',(0.,0.,-1.));
#11563=DIRECTION('ref_axis',(0.,1.,0.));
#11564=DIRECTION('center_axis',(0.,0.,1.));
#11565=DIRECTION('ref_axis',(0.,1.,0.));
#11566=DIRECTION('center_axis',(-1.04672830578918E-16,-0.707106781186547,
0.707106781186548));
#11567=DIRECTION('ref_axis',(1.,0.,1.48029736616687E-16));
#11568=DIRECTION('',(-1.,1.48029736616688E-16,0.));
#11569=DIRECTION('',(1.,-1.48029736616688E-16,0.));
#11570=DIRECTION('',(-1.,1.48029736616688E-16,0.));
#11571=DIRECTION('center_axis',(0.,1.,0.));
#11572=DIRECTION('ref_axis',(0.,0.,-1.));
#11573=DIRECTION('',(0.,0.,-1.));
#11574=DIRECTION('',(-1.,0.,0.));
#11575=DIRECTION('',(0.,0.,1.));
#11576=DIRECTION('center_axis',(0.,0.,1.));
#11577=DIRECTION('ref_axis',(-0.707106781186547,-0.707106781186548,0.));
#11578=DIRECTION('',(0.,0.,1.));
#11579=DIRECTION('center_axis',(0.,0.,-1.));
#11580=DIRECTION('ref_axis',(-0.707106781186547,0.707106781186548,0.));
#11581=DIRECTION('center_axis',(0.,0.,1.));
#11582=DIRECTION('ref_axis',(0.,1.,0.));
#11583=DIRECTION('center_axis',(0.,0.,-1.));
#11584=DIRECTION('ref_axis',(0.707106781186547,-0.707106781186548,0.));
#11585=DIRECTION('',(1.,0.,0.));
#11586=DIRECTION('center_axis',(0.,0.,1.));
#11587=DIRECTION('ref_axis',(0.707106781186547,0.707106781186548,0.));
#11588=DIRECTION('',(0.,0.,-1.));
#11589=DIRECTION('center_axis',(0.,-1.,0.));
#11590=DIRECTION('ref_axis',(0.,0.,1.));
#11591=DIRECTION('center_axis',(0.707106781186547,0.,0.707106781186548));
#11592=DIRECTION('ref_axis',(0.707106781186548,0.,-0.707106781186547));
#11593=DIRECTION('',(-0.344843387650135,-0.873021234557303,0.344843387650134));
#11594=DIRECTION('',(0.,-1.,0.));
#11595=DIRECTION('',(0.707106781186548,0.,-0.707106781186547));
#11596=DIRECTION('',(0.,1.,0.));
#11597=DIRECTION('',(-0.707106781186548,7.55503978938154E-16,0.707106781186547));
#11598=DIRECTION('center_axis',(0.,0.,1.));
#11599=DIRECTION('ref_axis',(1.,0.,0.));
#11600=DIRECTION('',(-1.,0.,0.));
#11601=DIRECTION('',(0.,1.,0.));
#11602=DIRECTION('',(1.,0.,0.));
#11603=DIRECTION('center_axis',(0.,0.367378285083804,0.9300716078071));
#11604=DIRECTION('ref_axis',(1.,0.,0.));
#11605=DIRECTION('',(0.150441180664656,-0.919486427088694,0.363197138700034));
#11606=DIRECTION('',(-1.,0.,0.));
#11607=DIRECTION('',(0.150441180664655,0.919486427088694,-0.363197138700034));
#11608=DIRECTION('',(-0.344843387650135,0.873021234557303,-0.344843387650134));
#11609=DIRECTION('center_axis',(0.657659940869475,0.367378285083804,0.657659940869475));
#11610=DIRECTION('ref_axis',(0.707106781186547,0.,-0.707106781186547));
#11611=DIRECTION('',(0.,0.873021234557304,-0.487682195709503));
#11612=DIRECTION('',(-0.707106781186548,0.,0.707106781186548));
#11613=DIRECTION('center_axis',(-0.707106781186547,0.,0.707106781186548));
#11614=DIRECTION('ref_axis',(0.707106781186548,0.,0.707106781186547));
#11615=DIRECTION('',(0.707106781186548,0.,0.707106781186547));
#11616=DIRECTION('',(-0.707106781186548,-7.55503978938155E-16,-0.707106781186547));
#11617=DIRECTION('',(0.,-1.,0.));
#11618=DIRECTION('center_axis',(0.,1.,0.));
#11619=DIRECTION('ref_axis',(1.,0.,0.));
#11620=DIRECTION('',(0.,0.,1.));
#11621=DIRECTION('',(1.,0.,0.));
#11622=DIRECTION('',(0.,0.,-1.));
#11623=DIRECTION('center_axis',(-1.,0.,0.));
#11624=DIRECTION('ref_axis',(0.,-1.,0.));
#11625=DIRECTION('',(0.,-0.873021234557304,0.487682195709502));
#11626=DIRECTION('',(0.,-1.,0.));
#11627=DIRECTION('center_axis',(1.,0.,0.));
#11628=DIRECTION('ref_axis',(0.,0.707106781186548,0.707106781186547));
#11629=DIRECTION('',(0.,0.,1.));
#11630=DIRECTION('center_axis',(1.,0.,0.));
#11631=DIRECTION('ref_axis',(0.,0.707106781186548,-0.707106781186547));
#11632=DIRECTION('',(0.,1.,0.));
#11633=DIRECTION('',(0.,0.,-1.));
#11634=DIRECTION('',(0.,1.,0.));
#11635=DIRECTION('',(0.,0.00667109016317063,0.999977748030442));
#11636=DIRECTION('',(0.,-1.,1.83182722796077E-14));
#11637=DIRECTION('',(0.,-0.00667109016333426,-0.999977748030441));
#11638=DIRECTION('',(0.,-1.,1.11019831997615E-14));
#11639=DIRECTION('center_axis',(-0.657659940869475,0.367378285083803,0.657659940869475));
#11640=DIRECTION('ref_axis',(0.707106781186548,0.,0.707106781186548));
#11641=DIRECTION('',(-0.707106781186548,0.,-0.707106781186548));
#11642=DIRECTION('center_axis',(0.707106781186548,0.,0.707106781186548));
#11643=DIRECTION('ref_axis',(0.707106781186548,0.,-0.707106781186548));
#11644=DIRECTION('',(0.,1.,0.));
#11645=DIRECTION('',(0.707106781186547,0.,-0.707106781186548));
#11646=DIRECTION('',(0.,-1.,0.));
#11647=DIRECTION('center_axis',(1.,0.,0.));
#11648=DIRECTION('ref_axis',(0.,1.,0.));
#11649=DIRECTION('',(0.,-1.,0.));
#11650=DIRECTION('',(0.,0.,1.));
#11651=DIRECTION('',(0.,-1.,0.));
#11652=DIRECTION('center_axis',(-1.,0.,0.));
#11653=DIRECTION('ref_axis',(0.,0.707106781186548,-0.707106781186547));
#11654=DIRECTION('',(0.,0.,-1.));
#11655=DIRECTION('center_axis',(-1.,0.,0.));
#11656=DIRECTION('ref_axis',(0.,0.707106781186548,0.707106781186547));
#11657=DIRECTION('',(0.,0.00667109016333426,0.999977748030441));
#11658=DIRECTION('',(0.,1.,-1.83182722796077E-14));
#11659=DIRECTION('',(0.,-0.00667109016317063,-0.999977748030442));
#11660=DIRECTION('',(0.,1.,-1.11019831997615E-14));
#11661=DIRECTION('center_axis',(-0.707106781186548,0.,0.707106781186548));
#11662=DIRECTION('ref_axis',(0.707106781186548,0.,0.707106781186548));
#11663=DIRECTION('',(0.,1.,0.));
#11664=DIRECTION('',(0.707106781186547,0.,0.707106781186548));
#11665=DIRECTION('center_axis',(0.,0.,1.));
#11666=DIRECTION('ref_axis',(1.,0.,0.));
#11667=DIRECTION('',(1.,0.,0.));
#11668=DIRECTION('center_axis',(-1.,0.,0.));
#11669=DIRECTION('ref_axis',(0.,0.707106781186548,0.707106781186547));
#11670=DIRECTION('',(-0.707106781186547,0.707106781186548,0.));
#11671=DIRECTION('center_axis',(1.,0.,0.));
#11672=DIRECTION('ref_axis',(0.,0.707106781186548,0.707106781186547));
#11673=DIRECTION('center_axis',(0.707106781186548,0.707106781186547,0.));
#11674=DIRECTION('ref_axis',(0.,0.,-1.));
#11675=DIRECTION('',(-0.707106781186547,0.707106781186548,0.));
#11676=DIRECTION('',(0.,0.,1.));
#11677=DIRECTION('center_axis',(-1.,0.,0.));
#11678=DIRECTION('ref_axis',(0.,0.707106781186548,-0.707106781186547));
#11679=DIRECTION('',(-0.707106781186547,0.,-0.707106781186548));
#11680=DIRECTION('center_axis',(1.,0.,0.));
#11681=DIRECTION('ref_axis',(0.,0.707106781186548,-0.707106781186547));
#11682=DIRECTION('center_axis',(0.707106781186548,0.,-0.707106781186548));
#11683=DIRECTION('ref_axis',(-0.707106781186548,0.,-0.707106781186548));
#11684=DIRECTION('',(-0.707106781186547,0.,-0.707106781186547));
#11685=DIRECTION('center_axis',(0.,0.,-1.));
#11686=DIRECTION('ref_axis',(-0.844901176640876,-0.534922425881421,0.));
#11687=DIRECTION('center_axis',(0.,0.,1.));
#11688=DIRECTION('ref_axis',(-0.844901176640876,-0.534922425881421,0.));
#11689=DIRECTION('center_axis',(-1.,0.,0.));
#11690=DIRECTION('ref_axis',(0.,0.707106781186548,0.707106781186547));
#11691=DIRECTION('',(-1.,0.,0.));
#11692=DIRECTION('',(-1.,0.,0.));
#11693=DIRECTION('center_axis',(-1.,0.,0.));
#11694=DIRECTION('ref_axis',(0.,0.707106781186548,0.707106781186547));
#11695=DIRECTION('center_axis',(-0.707106781186548,0.,-0.707106781186548));
#11696=DIRECTION('ref_axis',(-0.707106781186548,0.,0.707106781186548));
#11697=DIRECTION('',(-0.707106781186547,0.,0.707106781186547));
#11698=DIRECTION('',(0.707106781186547,0.,-0.707106781186547));
#11699=DIRECTION('center_axis',(1.,0.,0.));
#11700=DIRECTION('ref_axis',(0.,0.707106781186548,-0.707106781186547));
#11701=DIRECTION('',(0.707106781186547,0.707106781186548,0.));
#11702=DIRECTION('center_axis',(-1.,0.,0.));
#11703=DIRECTION('ref_axis',(0.,0.707106781186548,-0.707106781186547));
#11704=DIRECTION('center_axis',(0.,0.,-1.));
#11705=DIRECTION('ref_axis',(0.844901176640876,-0.53492242588142,0.));
#11706=DIRECTION('center_axis',(0.,0.,1.));
#11707=DIRECTION('ref_axis',(0.844901176640876,-0.53492242588142,0.));
#11708=DIRECTION('center_axis',(-0.707106781186548,0.707106781186547,0.));
#11709=DIRECTION('ref_axis',(0.,0.,1.));
#11710=DIRECTION('',(0.707106781186547,0.707106781186548,0.));
#11711=DIRECTION('',(0.,0.,-1.));
#11712=DIRECTION('center_axis',(1.,0.,0.));
#11713=DIRECTION('ref_axis',(0.,0.707106781186548,0.707106781186547));
#11714=DIRECTION('center_axis',(0.,0.,1.));
#11715=DIRECTION('ref_axis',(0.844901176640876,-0.53492242588142,0.));
#11716=DIRECTION('',(0.,0.,1.));
#11717=DIRECTION('center_axis',(0.,0.,1.));
#11718=DIRECTION('ref_axis',(1.,0.,0.));
#11719=DIRECTION('center_axis',(0.,0.,1.));
#11720=DIRECTION('ref_axis',(-1.,0.,0.));
#11721=DIRECTION('center_axis',(-1.,0.,0.));
#11722=DIRECTION('ref_axis',(0.,0.707106781186548,-0.707106781186547));
#11723=DIRECTION('center_axis',(1.,0.,0.));
#11724=DIRECTION('ref_axis',(0.,0.707106781186548,-0.707106781186547));
#11725=DIRECTION('',(1.,0.,0.));
#11726=DIRECTION('center_axis',(0.,1.,0.));
#11727=DIRECTION('ref_axis',(-1.,0.,0.));
#11728=DIRECTION('center_axis',(-1.,0.,0.));
#11729=DIRECTION('ref_axis',(0.,0.,1.));
#11730=DIRECTION('center_axis',(0.,0.435889894354067,0.9));
#11731=DIRECTION('ref_axis',(0.,-0.9,0.435889894354067));
#11732=DIRECTION('center_axis',(0.,3.70074341541719E-16,1.));
#11733=DIRECTION('ref_axis',(0.,-1.,3.70074341541719E-16));
#11734=DIRECTION('center_axis',(-1.,0.,0.));
#11735=DIRECTION('ref_axis',(0.,0.707106781186548,-0.707106781186547));
#11736=DIRECTION('',(1.,0.,0.));
#11737=DIRECTION('center_axis',(-1.,0.,0.));
#11738=DIRECTION('ref_axis',(0.,0.707106781186548,-0.707106781186547));
#11739=DIRECTION('center_axis',(-1.,0.,0.));
#11740=DIRECTION('ref_axis',(0.,0.,1.));
#11741=DIRECTION('center_axis',(2.01639582047213E-16,-0.9,-0.435889894354067));
#11742=DIRECTION('ref_axis',(0.,-0.435889894354067,0.9));
#11743=DIRECTION('center_axis',(1.,0.,0.));
#11744=DIRECTION('ref_axis',(0.,0.707106781186548,-0.707106781186547));
#11745=DIRECTION('center_axis',(-1.,0.,0.));
#11746=DIRECTION('ref_axis',(0.,0.707106781186548,-0.707106781186547));
#11747=DIRECTION('center_axis',(0.,1.,0.));
#11748=DIRECTION('ref_axis',(-1.,0.,0.));
#11749=DIRECTION('center_axis',(0.,0.,1.));
#11750=DIRECTION('ref_axis',(-0.844901176640876,-0.534922425881421,0.));
#11751=DIRECTION('',(0.,0.,-1.));
#11752=DIRECTION('center_axis',(0.,0.,1.));
#11753=DIRECTION('ref_axis',(1.,0.,0.));
#11754=DIRECTION('center_axis',(0.,0.,1.));
#11755=DIRECTION('ref_axis',(1.,0.,0.));
#11756=DIRECTION('',(0.,0.,1.));
#11757=DIRECTION('center_axis',(0.,0.,-1.));
#11758=DIRECTION('ref_axis',(1.,0.,0.));
#11759=DIRECTION('center_axis',(0.,0.,-1.));
#11760=DIRECTION('ref_axis',(1.,0.,0.));
#11761=DIRECTION('',(-0.402786064271594,-0.581174144666295,0.707106781186548));
#11762=DIRECTION('center_axis',(0.,0.,-1.));
#11763=DIRECTION('ref_axis',(-1.,0.,0.));
#11764=DIRECTION('center_axis',(0.,0.,-1.));
#11765=DIRECTION('ref_axis',(-1.,0.,0.));
#11766=DIRECTION('center_axis',(0.,0.514495755427527,-0.857492925712544));
#11767=DIRECTION('ref_axis',(-1.,0.,0.));
#11768=DIRECTION('center_axis',(0.,0.514495755427527,-0.857492925712544));
#11769=DIRECTION('ref_axis',(4.76004194789628E-17,0.857492925712544,0.514495755427527));
#11770=DIRECTION('center_axis',(-1.,0.,0.));
#11771=DIRECTION('ref_axis',(0.,0.,1.));
#11772=DIRECTION('center_axis',(0.,-1.,0.));
#11773=DIRECTION('ref_axis',(0.,0.,1.));
#11774=DIRECTION('center_axis',(0.,-1.,-2.31296463463574E-16));
#11775=DIRECTION('ref_axis',(0.707106781186547,0.,0.707106781186548));
#11776=DIRECTION('center_axis',(0.,0.,-1.));
#11777=DIRECTION('ref_axis',(0.707106781186547,-0.707106781186548,0.));
#11778=DIRECTION('center_axis',(0.,0.,1.));
#11779=DIRECTION('ref_axis',(1.,0.,0.));
#11780=DIRECTION('center_axis',(0.,0.,-1.));
#11781=DIRECTION('ref_axis',(1.,0.,0.));
#11782=DIRECTION('',(0.705244736082392,0.708963935773941,0.));
#11783=DIRECTION('center_axis',(0.,0.,-1.));
#11784=DIRECTION('ref_axis',(1.,0.,0.));
#11785=DIRECTION('center_axis',(0.,0.,-1.));
#11786=DIRECTION('ref_axis',(1.,0.,0.));
#11787=DIRECTION('',(0.821904357487658,-0.569625514827769,0.));
#11788=DIRECTION('center_axis',(0.,0.,-1.));
#11789=DIRECTION('ref_axis',(1.,0.,0.));
#11790=DIRECTION('',(-0.705244736082392,0.708963935773941,0.));
#11791=DIRECTION('center_axis',(0.,0.,-1.));
#11792=DIRECTION('ref_axis',(-1.,0.,0.));
#11793=DIRECTION('',(-1.,0.,0.));
#11794=DIRECTION('center_axis',(0.,0.,-1.));
#11795=DIRECTION('ref_axis',(1.,0.,0.));
#11796=DIRECTION('',(-1.,0.,0.));
#11797=DIRECTION('center_axis',(-0.707106781186548,7.8502876051705E-15,
0.707106781186547));
#11798=DIRECTION('ref_axis',(0.707106781186547,0.,0.707106781186548));
#11799=DIRECTION('',(-0.707098913795965,-0.00471722557588852,-0.707098913795965));
#11800=DIRECTION('',(0.,1.,-1.11019831997615E-14));
#11801=DIRECTION('',(0.707098913795965,0.00471722557577281,0.707098913795965));
#11802=DIRECTION('center_axis',(0.,-1.11019831997615E-14,-1.));
#11803=DIRECTION('ref_axis',(0.,1.,-1.11019831997615E-14));
#11804=DIRECTION('',(1.,0.,0.));
#11805=DIRECTION('',(0.,-1.,1.11019831997615E-14));
#11806=DIRECTION('',(1.,0.,0.));
#11807=DIRECTION('center_axis',(0.707106781186548,7.8502876051705E-15,0.707106781186547));
#11808=DIRECTION('ref_axis',(0.707106781186547,0.,-0.707106781186548));
#11809=DIRECTION('',(0.707098913795965,-0.00471722557577281,-0.707098913795965));
#11810=DIRECTION('',(-0.707098913795965,0.00471722557588852,0.707098913795965));
#11811=DIRECTION('center_axis',(1.,0.,0.));
#11812=DIRECTION('ref_axis',(0.,1.,0.));
#11813=DIRECTION('center_axis',(1.,0.,0.));
#11814=DIRECTION('ref_axis',(0.,1.,0.));
#11815=DIRECTION('center_axis',(0.,0.999977748030442,-0.00667109016317063));
#11816=DIRECTION('ref_axis',(0.,0.00667109016317063,0.999977748030442));
#11817=DIRECTION('',(1.,0.,0.));
#11818=DIRECTION('center_axis',(0.,-0.999977748030441,0.00667109016333426));
#11819=DIRECTION('ref_axis',(0.,-0.00667109016333426,-0.999977748030441));
#11820=DIRECTION('',(1.,0.,0.));
#11821=DIRECTION('center_axis',(0.,1.83182722796077E-14,1.));
#11822=DIRECTION('ref_axis',(0.,-1.,1.83182722796077E-14));
#11823=DIRECTION('center_axis',(0.,0.,-1.));
#11824=DIRECTION('ref_axis',(1.,0.,0.));
#11825=DIRECTION('center_axis',(0.,0.,1.));
#11826=DIRECTION('ref_axis',(1.,0.,0.));
#11827=DIRECTION('',(-0.263117405792109,-3.22225888803261E-17,-0.964763821237732));
#11828=DIRECTION('center_axis',(-0.501313206602458,0.498683335279977,-0.707106781186547));
#11829=DIRECTION('ref_axis',(-0.501313206602459,0.498683335279975,0.707106781186548));
#11830=DIRECTION('center_axis',(0.,0.,1.));
#11831=DIRECTION('ref_axis',(1.,0.,0.));
#11832=DIRECTION('center_axis',(-0.402786064271594,-0.581174144666295,-0.707106781186548));
#11833=DIRECTION('ref_axis',(0.402786064271594,0.581174144666295,-0.707106781186547));
#11834=DIRECTION('center_axis',(0.,0.,1.));
#11835=DIRECTION('ref_axis',(1.,0.,0.));
#11836=DIRECTION('center_axis',(0.,0.,-1.));
#11837=DIRECTION('ref_axis',(1.,0.,0.));
#11838=DIRECTION('center_axis',(0.,0.,-1.));
#11839=DIRECTION('ref_axis',(1.,0.,0.));
#11840=DIRECTION('center_axis',(0.,0.,1.));
#11841=DIRECTION('ref_axis',(1.,0.,0.));
#11842=DIRECTION('',(-0.263117405792109,-3.22225888803261E-17,-0.964763821237732));
#11843=DIRECTION('center_axis',(0.,0.,1.));
#11844=DIRECTION('ref_axis',(1.,0.,0.));
#11845=DIRECTION('center_axis',(0.501313206602458,0.498683335279976,-0.707106781186548));
#11846=DIRECTION('ref_axis',(0.501313206602457,0.498683335279977,0.707106781186548));
#11847=DIRECTION('center_axis',(0.,0.,1.));
#11848=DIRECTION('ref_axis',(1.,0.,0.));
#11849=DIRECTION('center_axis',(0.,0.,1.));
#11850=DIRECTION('ref_axis',(1.,0.,0.));
#11851=DIRECTION('center_axis',(0.,0.,-1.));
#11852=DIRECTION('ref_axis',(1.,0.,0.));
#11853=DIRECTION('center_axis',(0.,0.,-1.));
#11854=DIRECTION('ref_axis',(6.12323399573677E-17,1.,0.));
#11855=DIRECTION('center_axis',(0.,0.,1.));
#11856=DIRECTION('ref_axis',(1.,0.,0.));
#11857=DIRECTION('center_axis',(0.,0.707106781186547,-0.707106781186548));
#11858=DIRECTION('ref_axis',(-1.,0.,0.));
#11859=DIRECTION('',(1.,0.,0.));
#11860=DIRECTION('center_axis',(0.,1.,0.));
#11861=DIRECTION('ref_axis',(-1.,0.,0.));
#11862=DIRECTION('',(0.,0.,1.));
#11863=DIRECTION('',(0.,0.,1.));
#11864=DIRECTION('center_axis',(0.402786064271594,0.581174144666295,0.707106781186548));
#11865=DIRECTION('ref_axis',(0.868917227984024,0.,-0.494957423333118));
#11866=DIRECTION('',(-0.821904357487658,0.569625514827769,0.));
#11867=DIRECTION('center_axis',(0.569625514827769,0.821904357487658,0.));
#11868=DIRECTION('ref_axis',(-0.821904357487658,0.569625514827769,0.));
#11869=DIRECTION('',(0.,0.,1.));
#11870=DIRECTION('center_axis',(0.,0.,-1.));
#11871=DIRECTION('ref_axis',(1.,0.,0.));
#11872=DIRECTION('center_axis',(0.,0.,1.));
#11873=DIRECTION('ref_axis',(1.,0.,0.));
#11874=DIRECTION('',(-0.501313206602459,0.498683335279977,0.707106781186547));
#11875=DIRECTION('center_axis',(-0.501313206602458,-0.498683335279976,0.707106781186548));
#11876=DIRECTION('ref_axis',(0.815781762887821,0.,0.578359849349554));
#11877=DIRECTION('',(0.705244736082392,-0.708963935773941,0.));
#11878=DIRECTION('',(0.501313206602458,0.498683335279976,0.707106781186548));
#11879=DIRECTION('center_axis',(0.,0.,-1.));
#11880=DIRECTION('ref_axis',(-1.,0.,0.));
#11881=DIRECTION('center_axis',(0.,0.,1.));
#11882=DIRECTION('ref_axis',(-1.,0.,0.));
#11883=DIRECTION('center_axis',(0.501313206602458,-0.498683335279977,0.707106781186547));
#11884=DIRECTION('ref_axis',(0.815781762887821,0.,-0.578359849349554));
#11885=DIRECTION('center_axis',(0.,0.,1.));
#11886=DIRECTION('ref_axis',(1.,0.,0.));
#11887=DIRECTION('',(0.,0.,1.));
#11888=DIRECTION('center_axis',(-1.48029736616688E-16,-1.,0.));
#11889=DIRECTION('ref_axis',(1.,-1.48029736616688E-16,0.));
#11890=DIRECTION('',(0.,0.,1.));
#11891=DIRECTION('center_axis',(0.,0.,1.));
#11892=DIRECTION('ref_axis',(1.,0.,0.));
#11893=DIRECTION('',(0.,0.,1.));
#11894=DIRECTION('center_axis',(-0.708963935773941,-0.705244736082392,0.));
#11895=DIRECTION('ref_axis',(0.705244736082392,-0.708963935773941,0.));
#11896=DIRECTION('',(0.,0.,1.));
#11897=DIRECTION('center_axis',(0.,0.,1.));
#11898=DIRECTION('ref_axis',(1.,0.,0.));
#11899=DIRECTION('center_axis',(0.,0.,1.));
#11900=DIRECTION('ref_axis',(1.,0.,0.));
#11901=DIRECTION('center_axis',(0.,0.,1.));
#11902=DIRECTION('ref_axis',(1.,0.,0.));
#11903=DIRECTION('center_axis',(0.,0.,1.));
#11904=DIRECTION('ref_axis',(1.,0.,0.));
#11905=DIRECTION('',(0.,0.,-1.));
#11906=DIRECTION('center_axis',(0.,0.,1.));
#11907=DIRECTION('ref_axis',(1.,0.,0.));
#11908=DIRECTION('center_axis',(0.,0.,1.));
#11909=DIRECTION('ref_axis',(1.,0.,0.));
#11910=DIRECTION('center_axis',(0.,0.,1.));
#11911=DIRECTION('ref_axis',(1.,0.,0.));
#11912=DIRECTION('center_axis',(0.,0.,1.));
#11913=DIRECTION('ref_axis',(1.,0.,0.));
#11914=DIRECTION('center_axis',(0.,0.,1.));
#11915=DIRECTION('ref_axis',(1.,0.,0.));
#11916=DIRECTION('',(0.,0.,-1.));
#11917=DIRECTION('center_axis',(0.,0.,1.));
#11918=DIRECTION('ref_axis',(6.12323399573677E-17,1.,0.));
#11919=DIRECTION('center_axis',(0.,0.,1.));
#11920=DIRECTION('ref_axis',(1.,0.,0.));
#11921=DIRECTION('',(0.,0.,-1.));
#11922=DIRECTION('center_axis',(0.,0.,1.));
#11923=DIRECTION('ref_axis',(1.,0.,0.));
#11924=DIRECTION('',(0.,0.,-1.));
#11925=DIRECTION('center_axis',(0.,0.,1.));
#11926=DIRECTION('ref_axis',(-0.995863361257684,0.0908634453702273,0.));
#11927=DIRECTION('',(0.,0.,1.));
#11928=DIRECTION('',(1.,0.,0.));
#11929=DIRECTION('',(0.,0.,1.));
#11930=DIRECTION('',(1.,0.,0.));
#11931=DIRECTION('',(0.,0.,1.));
#11932=DIRECTION('',(1.,0.,0.));
#11933=DIRECTION('',(0.,0.,1.));
#11934=DIRECTION('',(1.,0.,0.));
#11935=CARTESIAN_POINT('',(0.,0.,0.));
#11936=CARTESIAN_POINT('',(0.,0.,0.));
#11937=CARTESIAN_POINT('Origin',(19.2751277382992,-9.52099212169867,0.));
#11938=CARTESIAN_POINT('',(17.4625121642259,-10.3662286451801,2.));
#11939=CARTESIAN_POINT('',(17.8571998667514,-8.11050264953389,2.));
#11940=CARTESIAN_POINT('Origin',(19.2751277382992,-9.52099212169867,2.));
#11941=CARTESIAN_POINT('',(17.4625121642259,-10.3662286451801,0.));
#11942=CARTESIAN_POINT('',(17.4625121642259,-10.3662286451801,0.));
#11943=CARTESIAN_POINT('',(17.8571998667514,-8.11050264953389,0.));
#11944=CARTESIAN_POINT('Origin',(19.2751277382992,-9.52099212169867,0.));
#11945=CARTESIAN_POINT('',(17.8571998667514,-8.11050264953389,0.));
#11946=CARTESIAN_POINT('Origin',(19.3085567780847,-14.3250840951697,0.));
#11947=CARTESIAN_POINT('',(19.3085567780847,-14.3250840951697,2.));
#11948=CARTESIAN_POINT('',(19.3085567780847,-14.3250840951697,2.));
#11949=CARTESIAN_POINT('',(19.3085567780847,-14.3250840951697,0.));
#11950=CARTESIAN_POINT('',(19.3085567780847,-14.3250840951697,0.));
#11951=CARTESIAN_POINT('',(19.3085567780847,-14.3250840951697,0.));
#11952=CARTESIAN_POINT('Origin',(-20.9180037383326,-7.86945220175222,0.));
#11953=CARTESIAN_POINT('',(-19.1859529307637,-8.86945220175222,2.));
#11954=CARTESIAN_POINT('',(-19.5000758667847,-6.45896272958744,2.));
#11955=CARTESIAN_POINT('Origin',(-20.9180037383326,-7.86945220175222,2.));
#11956=CARTESIAN_POINT('',(-19.5000758667847,-6.45896272958744,0.));
#11957=CARTESIAN_POINT('',(-19.5000758667847,-6.45896272958744,0.));
#11958=CARTESIAN_POINT('',(-19.1859529307637,-8.86945220175222,0.));
#11959=CARTESIAN_POINT('Origin',(-20.9180037383326,-7.86945220175222,0.));
#11960=CARTESIAN_POINT('',(-19.1859529307637,-8.86945220175222,0.));
#11961=CARTESIAN_POINT('Origin',(-18.4207129981427,-7.54401775847212,0.));
#11962=CARTESIAN_POINT('',(-21.9187681882287,-13.602827075381,0.));
#11963=CARTESIAN_POINT('',(-21.9187681882287,-13.602827075381,0.));
#11964=CARTESIAN_POINT('',(-21.9187681882287,-13.602827075381,2.));
#11965=CARTESIAN_POINT('',(-21.9187681882287,-13.602827075381,0.));
#11966=CARTESIAN_POINT('',(-21.9187681882287,-13.602827075381,2.));
#11967=CARTESIAN_POINT('Origin',(-21.7252255244294,9.73928067538895,0.));
#11968=CARTESIAN_POINT('',(-19.7252255244294,9.73928067538895,2.));
#11969=CARTESIAN_POINT('',(-20.5859744947739,8.09547196041364,2.));
#11970=CARTESIAN_POINT('Origin',(-21.7252255244294,9.73928067538895,2.));
#11971=CARTESIAN_POINT('',(-19.7252255244294,9.73928067538895,0.));
#11972=CARTESIAN_POINT('',(-19.7252255244294,9.73928067538895,0.));
#11973=CARTESIAN_POINT('',(-20.5859744947739,8.09547196041364,0.));
#11974=CARTESIAN_POINT('Origin',(-21.7252255244294,9.73928067538895,0.));
#11975=CARTESIAN_POINT('',(-20.5859744947739,8.09547196041364,0.));
#11976=CARTESIAN_POINT('Origin',(-19.7252255244294,14.1336856284417,0.));
#11977=CARTESIAN_POINT('',(-19.7252255244294,14.1336856284417,2.));
#11978=CARTESIAN_POINT('',(-19.7252255244294,8.6920189563058,2.));
#11979=CARTESIAN_POINT('',(-19.7252255244294,14.1336856284417,0.));
#11980=CARTESIAN_POINT('',(-19.7252255244294,14.1336856284417,0.));
#11981=CARTESIAN_POINT('',(-19.7252255244294,8.6920189563058,0.));
#11982=CARTESIAN_POINT('Origin',(-10.6256667741072,17.3907908274936,0.));
#11983=CARTESIAN_POINT('',(-11.7816913959326,15.758734739691,2.));
#11984=CARTESIAN_POINT('',(-9.5829124292488,15.6841381456983,2.));
#11985=CARTESIAN_POINT('Origin',(-10.6256667741072,17.3907908274936,2.));
#11986=CARTESIAN_POINT('',(-9.58291242923879,15.6841381457044,0.734709725749915));
#11987=CARTESIAN_POINT('',(-9.5829124292488,15.6841381456983,0.));
#11988=CARTESIAN_POINT('',(-11.7816913959326,15.758734739691,0.537631375003004));
#11989=CARTESIAN_POINT('Ctrl Pts',(-9.58291242923625,15.684138145706,0.734709725745935));
#11990=CARTESIAN_POINT('Ctrl Pts',(-9.69830155696832,15.6136360947747,0.6732192842813));
#11991=CARTESIAN_POINT('Ctrl Pts',(-9.82192293106252,15.5546871935969,0.619734398551823));
#11992=CARTESIAN_POINT('Ctrl Pts',(-10.0930719620365,15.4566364868227,0.524313839119801));
#11993=CARTESIAN_POINT('Ctrl Pts',(-10.2632607103234,15.4160751594865,0.479144887682016));
#11994=CARTESIAN_POINT('Ctrl Pts',(-10.6129398368729,15.3831359412268,0.419661635897413));
#11995=CARTESIAN_POINT('Ctrl Pts',(-10.7924482818769,15.3909184547531,0.405364828805605));
#11996=CARTESIAN_POINT('Ctrl Pts',(-11.1184129899582,15.4454099533846,0.405364828805605));
#11997=CARTESIAN_POINT('Ctrl Pts',(-11.2906924497422,15.4964358005706,0.419661635897415));
#11998=CARTESIAN_POINT('Ctrl Pts',(-11.5695603845792,15.6227132185684,0.471506687668605));
#11999=CARTESIAN_POINT('Ctrl Pts',(-11.6819238142095,15.6880669594634,0.50194542877666));
#12000=CARTESIAN_POINT('Ctrl Pts',(-11.7816913959326,15.758734739691,0.537631375003006));
#12001=CARTESIAN_POINT('',(-11.7816913959326,15.758734739691,0.));
#12002=CARTESIAN_POINT('Origin',(-10.667500911846,14.9695267935708,0.));
#12003=CARTESIAN_POINT('',(-10.667500911846,14.9695267935708,0.));
#12004=CARTESIAN_POINT('Ctrl Pts',(-11.7816913959326,15.758734739691,0.537631375003004));
#12005=CARTESIAN_POINT('Ctrl Pts',(-11.249845064151,15.3820151776844,0.347394834544179));
#12006=CARTESIAN_POINT('Ctrl Pts',(-10.667500911846,14.9695267935708,0.));
#12007=CARTESIAN_POINT('',(-13.8076793585068,17.1937907930715,0.));
#12008=CARTESIAN_POINT('',(-10.667500911846,14.9695267935708,0.));
#12009=CARTESIAN_POINT('',(-13.8076793585068,17.1937907930715,2.));
#12010=CARTESIAN_POINT('',(-13.8076793585068,17.1937907930715,0.));
#12011=CARTESIAN_POINT('',(-10.667500911846,14.9695267935708,2.));
#12012=CARTESIAN_POINT('Origin',(-15.9752255244294,14.1336856284417,0.));
#12013=CARTESIAN_POINT('',(-17.7252255244294,14.1336856284417,2.));
#12014=CARTESIAN_POINT('Origin',(-15.9752255244294,14.1336856284417,2.));
#12015=CARTESIAN_POINT('',(-17.7252255244294,14.1336856284417,0.));
#12016=CARTESIAN_POINT('',(-17.7252255244294,14.1336856284417,0.));
#12017=CARTESIAN_POINT('Origin',(-15.9752255244294,14.1336856284417,0.));
#12018=CARTESIAN_POINT('Origin',(-15.9752255244294,14.1336856284417,0.));
#12019=CARTESIAN_POINT('Origin',(-15.9752255244294,14.1336856284417,0.));
#12020=CARTESIAN_POINT('Origin',(-15.9752255244294,14.1336856284417,2.));
#12021=CARTESIAN_POINT('Origin',(-15.1963632181377,13.2878522923737,2.));
#12022=CARTESIAN_POINT('',(-10.4697169625344,15.1066020906232,2.));
#12023=CARTESIAN_POINT('',(-7.43748644307726,17.2081067912454,2.));
#12024=CARTESIAN_POINT('Origin',(0.,0.,2.));
#12025=CARTESIAN_POINT('Origin',(-10.4697169625344,15.1066020906232,0.));
#12026=CARTESIAN_POINT('',(-24.340908438018,5.49309351932255,0.));
#12027=CARTESIAN_POINT('',(-24.340908438018,5.49309351932255,0.));
#12028=CARTESIAN_POINT('',(-24.340908438018,5.49309351932255,2.));
#12029=CARTESIAN_POINT('',(-24.340908438018,5.49309351932255,0.));
#12030=CARTESIAN_POINT('',(-7.43748644307726,17.2081067912454,2.));
#12031=CARTESIAN_POINT('Origin',(15.9099025766973,-15.9099025766973,0.));
#12032=CARTESIAN_POINT('',(14.1599025766973,-15.9099025766973,2.));
#12033=CARTESIAN_POINT('Origin',(15.9099025766973,-15.9099025766973,2.));
#12034=CARTESIAN_POINT('',(14.1599025766973,-15.9099025766973,0.));
#12035=CARTESIAN_POINT('',(14.1599025766973,-15.9099025766973,0.));
#12036=CARTESIAN_POINT('Origin',(15.9099025766973,-15.9099025766973,0.));
#12037=CARTESIAN_POINT('Origin',(15.9099025766973,-15.9099025766973,0.));
#12038=CARTESIAN_POINT('',(14.6014362248357,-19.424218414246,0.));
#12039=CARTESIAN_POINT('Origin',(15.9099025766973,-15.9099025766973,0.));
#12040=CARTESIAN_POINT('',(14.6014362248357,-19.424218414246,2.));
#12041=CARTESIAN_POINT('Origin',(15.9099025766973,-15.9099025766973,2.));
#12042=CARTESIAN_POINT('',(14.6014362248357,-19.424218414246,0.));
#12043=CARTESIAN_POINT('Origin',(7.50000000000007,-16.7801787833146,0.));
#12044=CARTESIAN_POINT('',(7.50000000000007,-16.7801787833146,0.));
#12045=CARTESIAN_POINT('',(7.50000000000007,-16.7801787833146,0.));
#12046=CARTESIAN_POINT('',(7.50000000000007,-16.7801787833146,2.));
#12047=CARTESIAN_POINT('',(7.50000000000007,-16.7801787833146,2.));
#12048=CARTESIAN_POINT('',(7.50000000000007,-16.7801787833146,0.));
#12049=CARTESIAN_POINT('Origin',(13.5799512883487,-14.3802364694374,2.));
#12050=CARTESIAN_POINT('',(13.0307571395251,-12.9623982491944,2.));
#12051=CARTESIAN_POINT('',(16.2690453184545,-9.70703253706256,2.));
#12052=CARTESIAN_POINT('Origin',(0.,0.,2.));
#12053=CARTESIAN_POINT('Origin',(13.0307571395251,-12.9623982491944,0.));
#12054=CARTESIAN_POINT('',(24.9330967270392,-0.997290128350165,0.));
#12055=CARTESIAN_POINT('',(24.9330967270392,-0.997290128350165,0.));
#12056=CARTESIAN_POINT('',(24.9330967270392,-0.997290128350165,2.));
#12057=CARTESIAN_POINT('',(24.9330967270392,-0.997290128350165,0.));
#12058=CARTESIAN_POINT('',(16.2690453184545,-9.70703253706256,2.));
#12059=CARTESIAN_POINT('Origin',(-18.8829955228828,-15.8447145787732,0.));
#12060=CARTESIAN_POINT('',(-20.6329955228828,-15.8447145787732,2.));
#12061=CARTESIAN_POINT('Origin',(-18.8829955228828,-15.8447145787732,2.));
#12062=CARTESIAN_POINT('',(-20.6329955228828,-15.8447145787732,0.));
#12063=CARTESIAN_POINT('',(-20.6329955228828,-15.8447145787732,0.));
#12064=CARTESIAN_POINT('Origin',(-18.8829955228828,-15.8447145787732,0.));
#12065=CARTESIAN_POINT('Origin',(-17.9460031513521,-19.4757674971005,0.));
#12066=CARTESIAN_POINT('',(-17.9460031513521,-19.4757674971005,0.));
#12067=CARTESIAN_POINT('',(-7.49999999999993,-16.7801787833146,0.));
#12068=CARTESIAN_POINT('',(-17.9460031513521,-19.4757674971005,0.));
#12069=CARTESIAN_POINT('',(-7.49999999999993,-16.7801787833146,2.));
#12070=CARTESIAN_POINT('',(-7.49999999999993,-16.7801787833146,0.));
#12071=CARTESIAN_POINT('',(-17.9460031513521,-19.4757674971005,2.));
#12072=CARTESIAN_POINT('',(-17.9460031513521,-19.4757674971005,2.));
#12073=CARTESIAN_POINT('',(-17.9460031513521,-19.4757674971005,0.));
#12074=CARTESIAN_POINT('Origin',(-18.8829955228828,-15.8447145787732,0.));
#12075=CARTESIAN_POINT('',(-21.8359901375644,-13.5333680435991,0.));
#12076=CARTESIAN_POINT('Origin',(-18.8829955228828,-15.8447145787732,0.));
#12077=CARTESIAN_POINT('',(-21.8359901375644,-13.5333680435991,2.));
#12078=CARTESIAN_POINT('Origin',(-18.8829955228828,-15.8447145787732,2.));
#12079=CARTESIAN_POINT('',(-21.8359901375644,-13.5333680435991,0.));
#12080=CARTESIAN_POINT('Origin',(-21.9187681882287,-13.602827075381,0.));
#12081=CARTESIAN_POINT('',(-21.8359901375644,-13.5333680435991,0.));
#12082=CARTESIAN_POINT('',(-21.8359901375644,-13.5333680435991,2.));
#12083=CARTESIAN_POINT('Origin',(-15.0664977614414,-13.5693661686227,2.));
#12084=CARTESIAN_POINT('',(-13.0307571395251,-12.9623982491944,2.));
#12085=CARTESIAN_POINT('Origin',(0.,0.,2.));
#12086=CARTESIAN_POINT('',(-22.2202151122116,-3.72447847664045,2.));
#12087=CARTESIAN_POINT('Origin',(4.4,39.6868425672872,4.5));
#12088=CARTESIAN_POINT('',(5.,41.4868425672872,4.5));
#12089=CARTESIAN_POINT('',(3.8,42.6868425672872,4.5));
#12090=CARTESIAN_POINT('',(5.,41.4868425672872,4.5));
#12091=CARTESIAN_POINT('',(3.8,39.6868425672872,7.5));
#12092=CARTESIAN_POINT('Origin',(3.8,39.6868425672872,4.5));
#12093=CARTESIAN_POINT('',(5.,39.6868425672872,6.3));
#12094=CARTESIAN_POINT('',(3.8,39.6868425672872,7.5));
#12095=CARTESIAN_POINT('Origin',(5.,39.6868425672872,4.5));
#12096=CARTESIAN_POINT('Origin',(4.4,26.4368425672872,6.9));
#12097=CARTESIAN_POINT('',(3.84416801909129,15.765067052353,7.45583198090871));
#12098=CARTESIAN_POINT('',(5.,21.6144036346427,6.3));
#12099=CARTESIAN_POINT('',(4.68770072097652,20.0339458971967,6.61229927902348));
#12100=CARTESIAN_POINT('',(5.,26.4368425672872,6.3));
#12101=CARTESIAN_POINT('',(3.8,15.6456174742277,7.5));
#12102=CARTESIAN_POINT('',(3.8,26.4368425672872,7.5));
#12103=CARTESIAN_POINT('Origin',(2.06233215966937,15.8354912291361,9.23766784033063));
#12104=CARTESIAN_POINT('Origin',(4.4,42.0868425672872,0.));
#12105=CARTESIAN_POINT('',(5.,41.4868425672872,3.));
#12106=CARTESIAN_POINT('',(5.,41.4868425672872,0.));
#12107=CARTESIAN_POINT('',(3.8,42.6868425672872,3.));
#12108=CARTESIAN_POINT('',(5.,41.4868425672872,3.));
#12109=CARTESIAN_POINT('',(3.8,42.6868425672872,0.));
#12110=CARTESIAN_POINT('Origin',(4.4,39.6868425672872,3.));
#12111=CARTESIAN_POINT('',(5.,39.6868425672872,1.2));
#12112=CARTESIAN_POINT('',(3.8,39.6868425672872,0.));
#12113=CARTESIAN_POINT('',(5.,39.6868425672872,1.2));
#12114=CARTESIAN_POINT('Origin',(3.8,39.6868425672872,3.));
#12115=CARTESIAN_POINT('Origin',(5.,39.6868425672872,3.));
#12116=CARTESIAN_POINT('Origin',(4.4,15.3200872296367,0.6));
#12117=CARTESIAN_POINT('',(5.,21.1334900099345,1.2));
#12118=CARTESIAN_POINT('',(5.,15.3200872296367,1.2));
#12119=CARTESIAN_POINT('',(3.8,21.1334900099345,0.));
#12120=CARTESIAN_POINT('',(5.,21.1334900099345,1.2));
#12121=CARTESIAN_POINT('',(3.8,15.3200872296367,0.));
#12122=CARTESIAN_POINT('Origin',(10.,21.1334900099345,0.6));
#12123=CARTESIAN_POINT('',(10.4697169625344,15.1066020906232,0.15483565013878));
#12124=CARTESIAN_POINT('',(10.667500911846,14.9695267935708,0.));
#12125=CARTESIAN_POINT('Ctrl Pts',(10.4697169625344,15.1066020906232,0.15483565013878));
#12126=CARTESIAN_POINT('Ctrl Pts',(10.5673584841336,15.0389310757382,0.0797823555082117));
#12127=CARTESIAN_POINT('Ctrl Pts',(10.667500911846,14.9695267935708,0.));
#12128=CARTESIAN_POINT('Origin',(10.,21.1334900099345,0.));
#12129=CARTESIAN_POINT('',(7.86142001710864,16.6139241395464,1.2));
#12130=CARTESIAN_POINT('Origin',(10.,21.1334900099345,1.2));
#12131=CARTESIAN_POINT('Ctrl Pts',(10.4697169625344,15.1066020906232,0.154835650138775));
#12132=CARTESIAN_POINT('Ctrl Pts',(10.147166724551,15.3301473774868,0.402767653327785));
#12133=CARTESIAN_POINT('Ctrl Pts',(9.8119727642094,15.547596039458,0.624029298981131));
#12134=CARTESIAN_POINT('Ctrl Pts',(8.98304358333082,16.0444902357496,1.03385376887292));
#12135=CARTESIAN_POINT('Ctrl Pts',(8.47468191792641,16.3237392715812,1.2));
#12136=CARTESIAN_POINT('Ctrl Pts',(7.86142001710864,16.6139241395464,1.2));
#12137=CARTESIAN_POINT('Origin',(5.,17.6868425672872,0.));
#12138=CARTESIAN_POINT('',(5.,19.1816435617398,5.81925212918565));
#12139=CARTESIAN_POINT('',(5.,15.340913348114,5.06026940289772));
#12140=CARTESIAN_POINT('',(5.,21.1334900099345,4.07106781186548));
#12141=CARTESIAN_POINT('Ctrl Pts',(5.,21.1334900099345,4.07106781186548));
#12142=CARTESIAN_POINT('Ctrl Pts',(5.,20.4855204193894,4.65677606116086));
#12143=CARTESIAN_POINT('Ctrl Pts',(5.,19.8352888056969,5.23995864003794));
#12144=CARTESIAN_POINT('Ctrl Pts',(5.,19.1818593030609,5.81949541203836));
#12145=CARTESIAN_POINT('',(5.,21.1334900099345,0.));
#12146=CARTESIAN_POINT('',(5.,31.1694083370384,2.4));
#12147=CARTESIAN_POINT('',(5.,31.1867535574283,5.00000000000007));
#12148=CARTESIAN_POINT('',(5.,31.1697758068661,2.45508269890028));
#12149=CARTESIAN_POINT('',(5.,35.1868425672872,5.));
#12150=CARTESIAN_POINT('',(5.,26.4368425672872,5.00000000000016));
#12151=CARTESIAN_POINT('',(5.,35.1694973468976,2.39999999999996));
#12152=CARTESIAN_POINT('',(5.,35.1644388169677,1.64174051857498));
#12153=CARTESIAN_POINT('',(5.,24.4314610714685,2.40000000000007));
#12154=CARTESIAN_POINT('Origin',(4.24894111238891,13.7598574555355,6.25));
#12155=CARTESIAN_POINT('',(5.07204160533787,15.765067052353,5.));
#12156=CARTESIAN_POINT('',(5.40753475835884,15.765067052353,4.32899052166815));
#12157=CARTESIAN_POINT('',(5.26263996608748,17.6941285060173,4.99999999975816));
#12158=CARTESIAN_POINT('',(4.80787979759366,13.0914639804385,5.));
#12159=CARTESIAN_POINT('Ctrl Pts',(5.,19.1816435617301,5.81925212918958));
#12160=CARTESIAN_POINT('Ctrl Pts',(5.,18.8500873431754,5.753731921135));
#12161=CARTESIAN_POINT('Ctrl Pts',(5.02170795982757,18.5238271288822,5.64584085957516));
#12162=CARTESIAN_POINT('Ctrl Pts',(5.12072147583248,18.0256518483796,5.34936049251862));
#12163=CARTESIAN_POINT('Ctrl Pts',(5.18068109503322,17.8436043081429,5.1934619385414));
#12164=CARTESIAN_POINT('Ctrl Pts',(5.26106786521679,17.6969749628385,5.0037068090495));
#12165=CARTESIAN_POINT('Ctrl Pts',(5.26185321272567,17.6955495014138,5.00185436843425));
#12166=CARTESIAN_POINT('Ctrl Pts',(5.26263996650829,17.6941285083399,4.9999999981568));
#12167=CARTESIAN_POINT('Origin',(4.69476595581167,15.8354912291361,3.97261842758685));
#12168=CARTESIAN_POINT('',(2.93113607597908,15.0354912291361,7.5));
#12169=CARTESIAN_POINT('Origin',(2.93113607597908,15.8354912291361,7.5));
#12170=CARTESIAN_POINT('',(4.18109290913369,15.0354912291361,5.));
#12171=CARTESIAN_POINT('',(4.69476595581167,15.0354912291361,3.97261842758685));
#12172=CARTESIAN_POINT('Origin',(4.18109290913369,15.8354912291361,5.));
#12173=CARTESIAN_POINT('Origin',(0.,35.1868425672872,7.5));
#12174=CARTESIAN_POINT('',(-3.8,39.6868425672872,7.5));
#12175=CARTESIAN_POINT('',(2.5,39.6868425672872,7.5));
#12176=CARTESIAN_POINT('',(-3.8,15.6456174742277,7.5));
#12177=CARTESIAN_POINT('',(-3.8,38.9368425672872,7.5));
#12178=CARTESIAN_POINT('',(-2.93113607597908,15.0354912291361,7.5));
#12179=CARTESIAN_POINT('Origin',(-2.93113607597908,15.8354912291361,7.5));
#12180=CARTESIAN_POINT('',(-2.55,15.0354912291361,7.5));
#12181=CARTESIAN_POINT('',(-0.875,15.0354912291361,7.5));
#12182=CARTESIAN_POINT('',(-1.75,15.8354912291361,7.5));
#12183=CARTESIAN_POINT('Origin',(-2.55,15.8354912291361,7.5));
#12184=CARTESIAN_POINT('',(-1.75,18.7938679531254,7.5));
#12185=CARTESIAN_POINT('',(-1.75,20.4483290636739,7.5));
#12186=CARTESIAN_POINT('',(-0.993678160919542,19.5926746996284,7.5));
#12187=CARTESIAN_POINT('Origin',(-0.950000000000002,18.7938679531254,7.5));
#12188=CARTESIAN_POINT('',(0.99367816091954,19.5926746996284,7.5));
#12189=CARTESIAN_POINT('Origin',(0.,1.4198212166854,7.5));
#12190=CARTESIAN_POINT('',(1.75,18.7938679531254,7.5));
#12191=CARTESIAN_POINT('Origin',(0.95,18.7938679531254,7.5));
#12192=CARTESIAN_POINT('',(1.75,15.8354912291361,7.5));
#12193=CARTESIAN_POINT('',(1.75,18.1983290636739,7.5));
#12194=CARTESIAN_POINT('',(2.55,15.0354912291361,7.5));
#12195=CARTESIAN_POINT('Origin',(2.55,15.8354912291361,7.5));
#12196=CARTESIAN_POINT('',(1.875,15.0354912291361,7.5));
#12197=CARTESIAN_POINT('Origin',(2.5,39.6868425672872,4.5));
#12198=CARTESIAN_POINT('',(2.95361394349716,42.6868425672872,4.49999999999977));
#12199=CARTESIAN_POINT('',(2.5,42.6868425672872,4.5));
#12200=CARTESIAN_POINT('',(2.90776318681663,42.548660171538,5.4));
#12201=CARTESIAN_POINT('Ctrl Pts',(2.95361394349716,42.6868425672872,4.49999999999977));
#12202=CARTESIAN_POINT('Ctrl Pts',(2.94468503137167,42.6868425672872,4.80525942316651));
#12203=CARTESIAN_POINT('Ctrl Pts',(2.93100652020037,42.6402176369305,5.10886581526588));
#12204=CARTESIAN_POINT('Ctrl Pts',(2.90776318681663,42.548660171538,5.4));
#12205=CARTESIAN_POINT('',(-2.90776318681663,42.548660171538,5.4));
#12206=CARTESIAN_POINT('Ctrl Pts',(2.90776318681664,42.548660171538,5.4));
#12207=CARTESIAN_POINT('Ctrl Pts',(2.90464718726527,42.5363859845108,5.4390294272358));
#12208=CARTESIAN_POINT('Ctrl Pts',(2.90124610820109,42.5233136753174,5.4778046772321));
#12209=CARTESIAN_POINT('Ctrl Pts',(2.86563151369434,42.3905653945054,5.8465090851719));
#12210=CARTESIAN_POINT('Ctrl Pts',(2.80930739778654,42.2112376116454,6.1516766063085));
#12211=CARTESIAN_POINT('Ctrl Pts',(2.6641197121464,41.9023650476627,6.52996669495984));
#12212=CARTESIAN_POINT('Ctrl Pts',(2.59573333187469,41.7745823728787,6.66136181779384));
#12213=CARTESIAN_POINT('Ctrl Pts',(2.42327659176399,41.51131636559,6.88776828778738));
#12214=CARTESIAN_POINT('Ctrl Pts',(2.31872576964564,41.3763467172444,6.98301036877155));
#12215=CARTESIAN_POINT('Ctrl Pts',(1.95630977807184,40.9821058467069,7.22506856609989));
#12216=CARTESIAN_POINT('Ctrl Pts',(1.61584204202427,40.7238313423497,7.32091825491219));
#12217=CARTESIAN_POINT('Ctrl Pts',(0.841815220955713,40.3762881556577,7.42533481896805));
#12218=CARTESIAN_POINT('Ctrl Pts',(0.40908558434874,40.2868425672872,7.43938769133981));
#12219=CARTESIAN_POINT('Ctrl Pts',(-0.40908558434874,40.2868425672872,7.43938769133981));
#12220=CARTESIAN_POINT('Ctrl Pts',(-0.841815220955713,40.3762881556577,
7.42533481896805));
#12221=CARTESIAN_POINT('Ctrl Pts',(-1.61584204202427,40.7238313423497,7.32091825491219));
#12222=CARTESIAN_POINT('Ctrl Pts',(-1.95630977807184,40.9821058467069,7.22506856609989));
#12223=CARTESIAN_POINT('Ctrl Pts',(-2.31872576964564,41.3763467172444,6.98301036877155));
#12224=CARTESIAN_POINT('Ctrl Pts',(-2.42327659176399,41.51131636559,6.88776828778737));
#12225=CARTESIAN_POINT('Ctrl Pts',(-2.59573333187469,41.7745823728787,6.66136181779382));
#12226=CARTESIAN_POINT('Ctrl Pts',(-2.6641197121464,41.9023650476627,6.52996669495984));
#12227=CARTESIAN_POINT('Ctrl Pts',(-2.80930739778654,42.2112376116454,6.1516766063085));
#12228=CARTESIAN_POINT('Ctrl Pts',(-2.86563151369434,42.3905653945054,5.8465090851719));
#12229=CARTESIAN_POINT('Ctrl Pts',(-2.90124610820109,42.5233136753174,5.4778046772321));
#12230=CARTESIAN_POINT('Ctrl Pts',(-2.90464718726527,42.5363859845108,5.4390294272358));
#12231=CARTESIAN_POINT('Ctrl Pts',(-2.90776318681664,42.548660171538,5.4));
#12232=CARTESIAN_POINT('',(-2.95361394349718,42.6868425672872,4.49999999999941));
#12233=CARTESIAN_POINT('Ctrl Pts',(-2.90776318681663,42.548660171538,5.4));
#12234=CARTESIAN_POINT('Ctrl Pts',(-2.93098234318366,42.6401224016071,5.10916864429352));
#12235=CARTESIAN_POINT('Ctrl Pts',(-2.94467565294261,42.6868425672872,4.80558005056268));
#12236=CARTESIAN_POINT('Ctrl Pts',(-2.95361394349717,42.6868425672872,4.49999999999941));
#12237=CARTESIAN_POINT('',(-3.8,42.6868425672872,4.5));
#12238=CARTESIAN_POINT('',(2.5,42.6868425672872,4.5));
#12239=CARTESIAN_POINT('Origin',(-3.8,39.6868425672872,4.5));
#12240=CARTESIAN_POINT('Origin',(-4.4,27.8200872296367,0.6));
#12241=CARTESIAN_POINT('',(-3.8,21.1334900099345,0.));
#12242=CARTESIAN_POINT('',(-5.,21.1334900099345,1.2));
#12243=CARTESIAN_POINT('',(-3.8,21.1334900099345,0.));
#12244=CARTESIAN_POINT('',(-5.,39.6868425672872,1.2));
#12245=CARTESIAN_POINT('',(-5.,27.8200872296367,1.2));
#12246=CARTESIAN_POINT('',(-3.8,39.6868425672872,0.));
#12247=CARTESIAN_POINT('',(-5.,39.6868425672872,1.2));
#12248=CARTESIAN_POINT('',(-3.8,27.8200872296367,0.));
#12249=CARTESIAN_POINT('Origin',(-4.4,39.6868425672872,3.));
#12250=CARTESIAN_POINT('',(-5.,41.4868425672872,3.));
#12251=CARTESIAN_POINT('',(-3.8,42.6868425672872,3.));
#12252=CARTESIAN_POINT('',(-5.,41.4868425672872,3.));
#12253=CARTESIAN_POINT('Origin',(-3.8,39.6868425672872,3.));
#12254=CARTESIAN_POINT('Origin',(-5.,39.6868425672872,3.));
#12255=CARTESIAN_POINT('Origin',(-10.,21.1334900099345,0.6));
#12256=CARTESIAN_POINT('',(-7.86142001710864,16.6139241395464,1.2));
#12257=CARTESIAN_POINT('Ctrl Pts',(-7.86142001710863,16.6139241395464,1.2));
#12258=CARTESIAN_POINT('Ctrl Pts',(-8.47468191792639,16.3237392715812,1.2));
#12259=CARTESIAN_POINT('Ctrl Pts',(-8.98304358333081,16.0444902357496,1.03385376887293));
#12260=CARTESIAN_POINT('Ctrl Pts',(-9.49468028269018,15.7377941845236,0.780899422556032));
#12261=CARTESIAN_POINT('Ctrl Pts',(-9.53898957855291,15.7109747386912,0.758116051211184));
#12262=CARTESIAN_POINT('Ctrl Pts',(-9.58291242923707,15.6841381457055,0.734709725745495));
#12263=CARTESIAN_POINT('Origin',(-10.,21.1334900099345,1.2));
#12264=CARTESIAN_POINT('Origin',(-10.,21.1334900099345,0.));
#12265=CARTESIAN_POINT('Origin',(-4.4,42.0868425672872,0.));
#12266=CARTESIAN_POINT('',(-5.,41.4868425672872,4.5));
#12267=CARTESIAN_POINT('',(-5.,41.4868425672872,4.5));
#12268=CARTESIAN_POINT('',(-3.8,42.6868425672872,0.));
#12269=CARTESIAN_POINT('',(-5.,41.4868425672872,0.));
#12270=CARTESIAN_POINT('Origin',(-4.4,39.6868425672872,4.5));
#12271=CARTESIAN_POINT('',(-5.,39.6868425672872,6.3));
#12272=CARTESIAN_POINT('',(-5.,39.6868425672872,6.3));
#12273=CARTESIAN_POINT('Origin',(-5.,39.6868425672872,4.5));
#12274=CARTESIAN_POINT('Origin',(-4.4,38.9368425672872,6.9));
#12275=CARTESIAN_POINT('',(-3.84416801909128,15.765067052353,7.45583198090872));
#12276=CARTESIAN_POINT('Origin',(-2.06233215966937,15.8354912291361,9.23766784033063));
#12277=CARTESIAN_POINT('',(-5.,21.6144036346427,6.3));
#12278=CARTESIAN_POINT('',(-5.,38.9368425672872,6.3));
#12279=CARTESIAN_POINT('',(-6.42427206879016,28.8222390750135,4.87572793120984));
#12280=CARTESIAN_POINT('Origin',(-5.,42.6868425672872,0.));
#12281=CARTESIAN_POINT('',(-5.,21.1334900099345,4.07106781186548));
#12282=CARTESIAN_POINT('',(-5.,21.1334900099345,0.));
#12283=CARTESIAN_POINT('',(-5.,19.1816435617398,5.81925212918565));
#12284=CARTESIAN_POINT('Ctrl Pts',(-5.,19.1818593030609,5.81949541203835));
#12285=CARTESIAN_POINT('Ctrl Pts',(-5.,19.8352888056969,5.23995864003793));
#12286=CARTESIAN_POINT('Ctrl Pts',(-5.,20.4855204193894,4.65677606116085));
#12287=CARTESIAN_POINT('Ctrl Pts',(-5.,21.1334900099345,4.07106781186548));
#12288=CARTESIAN_POINT('',(-5.,30.4150842838882,8.03913923157323));
#12289=CARTESIAN_POINT('',(-5.,35.1694973468976,2.39999999999996));
#12290=CARTESIAN_POINT('',(-5.,35.1868425672872,5.));
#12291=CARTESIAN_POINT('',(-5.,35.1649951100172,1.72512729005342));
#12292=CARTESIAN_POINT('',(-5.,31.1867535574283,5.00000000000007));
#12293=CARTESIAN_POINT('',(-5.,38.9368425672872,4.99999999999993));
#12294=CARTESIAN_POINT('',(-5.,31.1694083370384,2.4));
#12295=CARTESIAN_POINT('',(-5.,31.1703320999157,2.53846947038077));
#12296=CARTESIAN_POINT('',(-5.,36.9314610714685,2.39999999999994));
#12297=CARTESIAN_POINT('Origin',(-10.,21.1334900099345,0.));
#12298=CARTESIAN_POINT('',(-7.86142001710864,16.6139241395464,2.0547096093384));
#12299=CARTESIAN_POINT('',(-7.86142001710864,16.6139241395464,0.));
#12300=CARTESIAN_POINT('Ctrl Pts',(-5.,21.1334900099345,4.07106781186548));
#12301=CARTESIAN_POINT('Ctrl Pts',(-5.,21.1301318927463,4.06957657228157));
#12302=CARTESIAN_POINT('Ctrl Pts',(-5.0000033830853,21.1267737811881,4.068085320836));
#12303=CARTESIAN_POINT('Ctrl Pts',(-5.00122787522169,20.5190461696916,3.79820643234819));
#12304=CARTESIAN_POINT('Ctrl Pts',(-5.11202049773122,19.9168990193047,3.53032430567742));
#12305=CARTESIAN_POINT('Ctrl Pts',(-5.56256419998455,18.7392281533459,3.00548941472226));
#12306=CARTESIAN_POINT('Ctrl Pts',(-5.91487842274994,18.1737471649974,2.75294728979439));
#12307=CARTESIAN_POINT('Ctrl Pts',(-6.79434509122912,17.2486361080936,2.33918353205437));
#12308=CARTESIAN_POINT('Ctrl Pts',(-7.29572940205514,16.8815991022656,2.17472809326316));
#12309=CARTESIAN_POINT('Ctrl Pts',(-7.86142001710864,16.6139241395464,2.0547096093384));
#12310=CARTESIAN_POINT('Origin',(0.,0.,0.));
#12311=CARTESIAN_POINT('',(-8.38674525516472,16.3550268732603,1.99999999999495));
#12312=CARTESIAN_POINT('Origin',(0.,0.,2.));
#12313=CARTESIAN_POINT('Ctrl Pts',(-7.86207474755409,16.6145000720592,2.05555964561264));
#12314=CARTESIAN_POINT('Ctrl Pts',(-7.96774716290464,16.5642065453271,2.03288456046571));
#12315=CARTESIAN_POINT('Ctrl Pts',(-8.07378003878621,16.5125341156852,2.01735810172084));
#12316=CARTESIAN_POINT('Ctrl Pts',(-8.17993748287927,16.4596118042917,2.00864608902942));
#12317=CARTESIAN_POINT('Ctrl Pts',(-8.2488621520925,16.4252510221727,2.002989654871));
#12318=CARTESIAN_POINT('Ctrl Pts',(-8.31784047301494,16.3903633920589,2.00020597626569));
#12319=CARTESIAN_POINT('Ctrl Pts',(-8.38681932445566,16.3549852719597,2.00020562638286));
#12320=CARTESIAN_POINT('Origin',(0.,12.9533318919863,0.));
#12321=CARTESIAN_POINT('',(24.340908438018,5.49309351932255,0.));
#12322=CARTESIAN_POINT('',(24.340908438018,5.49309351932255,0.));
#12323=CARTESIAN_POINT('Origin',(21.92,2.,0.));
#12324=CARTESIAN_POINT('',(-7.49999999999993,-16.7801787833146,0.));
#12325=CARTESIAN_POINT('',(-24.9330967270392,-0.997290128350165,0.));
#12326=CARTESIAN_POINT('',(-24.9330967270392,-0.997290128350165,0.));
#12327=CARTESIAN_POINT('Origin',(-21.92,2.,0.));
#12328=CARTESIAN_POINT('',(-2.99862904890417,39.686842567287,2.28642643633499E-18));
#12329=CARTESIAN_POINT('',(2.5,39.6868425672872,0.));
#12330=CARTESIAN_POINT('',(-2.93938769133981,37.2868425672872,0.));
#12331=CARTESIAN_POINT('Ctrl Pts',(-2.93938769133981,37.2868425672872,0.));
#12332=CARTESIAN_POINT('Ctrl Pts',(-2.93938769133981,37.8558696199031,0.));
#12333=CARTESIAN_POINT('Ctrl Pts',(-2.96645819704376,38.5381652746142,0.));
#12334=CARTESIAN_POINT('Ctrl Pts',(-2.99061013247137,39.2867080812518,0.));
#12335=CARTESIAN_POINT('Ctrl Pts',(-2.99624298558123,39.4925779977569,6.92525286991515E-19));
#12336=CARTESIAN_POINT('Ctrl Pts',(-2.99862904890417,39.686842567287,2.88167619172481E-19));
#12337=CARTESIAN_POINT('',(-2.93938769133981,23.6868425672872,1.15648231731785E-17));
#12338=CARTESIAN_POINT('',(-2.93938769133981,36.2368425672872,0.));
#12339=CARTESIAN_POINT('',(2.93938769133981,23.6868425672872,1.15648231731785E-17));
#12340=CARTESIAN_POINT('',(0.,23.6868425672872,0.));
#12341=CARTESIAN_POINT('',(2.93938769133981,37.2868425672872,0.));
#12342=CARTESIAN_POINT('',(2.93938769133981,36.2368425672872,0.));
#12343=CARTESIAN_POINT('',(2.99862904890417,39.686842567287,-9.0618326346668E-19));
#12344=CARTESIAN_POINT('Ctrl Pts',(2.99862904890417,39.686842567287,-1.21393796224145E-19));
#12345=CARTESIAN_POINT('Ctrl Pts',(2.99624298558123,39.4925779977569,1.36248112493811E-19));
#12346=CARTESIAN_POINT('Ctrl Pts',(2.99061013247137,39.2867080812518,0.));
#12347=CARTESIAN_POINT('Ctrl Pts',(2.96645819704376,38.5381652746142,0.));
#12348=CARTESIAN_POINT('Ctrl Pts',(2.93938769133981,37.8558696199031,0.));
#12349=CARTESIAN_POINT('Ctrl Pts',(2.93938769133981,37.2868425672872,0.));
#12350=CARTESIAN_POINT('',(2.5,39.6868425672872,0.));
#12351=CARTESIAN_POINT('',(-7.06050388663989,-14.7801787833146,0.));
#12352=CARTESIAN_POINT('',(7.0605038866399,-14.7801787833146,0.));
#12353=CARTESIAN_POINT('Origin',(0.,0.,0.));
#12354=CARTESIAN_POINT('',(3.17221483482538,-14.7801787833146,0.));
#12355=CARTESIAN_POINT('',(19.67,2.,0.));
#12356=CARTESIAN_POINT('Origin',(21.92,2.,0.));
#12357=CARTESIAN_POINT('',(-24.17,2.,0.));
#12358=CARTESIAN_POINT('Origin',(-21.92,2.,0.));
#12359=CARTESIAN_POINT('Ctrl Pts',(-3.79473319220294,-15.8877979098911,
6.90369641684111));
#12360=CARTESIAN_POINT('Ctrl Pts',(-3.79473319220294,-15.8877979070466,
6.81125960944132));
#12361=CARTESIAN_POINT('Ctrl Pts',(-3.79473319220294,-15.8806157620106,
6.71836014348307));
#12362=CARTESIAN_POINT('Ctrl Pts',(-3.79473319220294,-15.8582235763733,
6.62867651406081));
#12363=CARTESIAN_POINT('Ctrl Pts',(-3.79473319220294,-16.0266244548589,
6.90369641256902));
#12364=CARTESIAN_POINT('Ctrl Pts',(-3.7945177993298,-16.016924546006,6.80367901620637));
#12365=CARTESIAN_POINT('Ctrl Pts',(-3.79484303773413,-15.9990625161614,
6.70178650466843));
#12366=CARTESIAN_POINT('Ctrl Pts',(-3.79473319220294,-15.9634270697869,
6.60240933275491));
#12367=CARTESIAN_POINT('Ctrl Pts',(-3.69434866355037,-16.3036317525011,
6.90369640404472));
#12368=CARTESIAN_POINT('Ctrl Pts',(-3.70897049959861,-16.2750534826771,
6.78859745285113));
#12369=CARTESIAN_POINT('Ctrl Pts',(-3.72246096650235,-16.2355763911537,
6.66868460566775));
#12370=CARTESIAN_POINT('Ctrl Pts',(-3.73446650247831,-16.1736629773122,
6.54991768517939));
#12371=CARTESIAN_POINT('Ctrl Pts',(-3.44016486386213,-16.4526307206717,
6.9036963994596));
#12372=CARTESIAN_POINT('Ctrl Pts',(-3.48513363617505,-16.4304806715143,
6.78041091221808));
#12373=CARTESIAN_POINT('Ctrl Pts',(-3.53012708451661,-16.3931633477867,
6.64790468482519));
#12374=CARTESIAN_POINT('Ctrl Pts',(-3.57108953040106,-16.3236375574805,
6.51247207039289));
#12375=CARTESIAN_POINT('Ctrl Pts',(-3.30364458313321,-16.4778303741892,
6.90369639868413));
#12376=CARTESIAN_POINT('Ctrl Pts',(-3.36055177656658,-16.4673261320864,
6.77907590499748));
#12377=CARTESIAN_POINT('Ctrl Pts',(-3.41965084834933,-16.4386732042509,
6.64258961377707));
#12378=CARTESIAN_POINT('Ctrl Pts',(-3.47523564486022,-16.3728206206982,
6.50019205575839));
#12379=CARTESIAN_POINT('',(-3.47523564486025,-16.3728206206982,6.50019205575829));
#12380=CARTESIAN_POINT('',(-3.79473319220294,-15.8582235763734,6.62867651406051));
#12381=CARTESIAN_POINT('Origin',(-3.19473319220294,-15.8582235763733,6.62867651406075));
#12382=CARTESIAN_POINT('',(-3.30364458313321,-16.4778303741892,6.90369639868413));
#12383=CARTESIAN_POINT('Ctrl Pts',(-3.47523564486022,-16.3728206206982,
6.50019205575839));
#12384=CARTESIAN_POINT('Ctrl Pts',(-3.41965084834933,-16.4386732042509,
6.64258961377707));
#12385=CARTESIAN_POINT('Ctrl Pts',(-3.36055177656658,-16.4673261320864,
6.77907590499748));
#12386=CARTESIAN_POINT('Ctrl Pts',(-3.30364458313321,-16.4778303741892,
6.90369639868413));
#12387=CARTESIAN_POINT('',(-3.79473319220294,-15.8877979134399,6.90369639868413));
#12388=CARTESIAN_POINT('Origin',(-3.19473319220294,-15.8877979098911,6.90369641684111));
#12389=CARTESIAN_POINT('Ctrl Pts',(-3.79473319220294,-15.8877979098911,
6.90369639868413));
#12390=CARTESIAN_POINT('Ctrl Pts',(-3.79473319220294,-15.8877979061061,
6.81125959727608));
#12391=CARTESIAN_POINT('Ctrl Pts',(-3.79473319220294,-15.8806157605444,
6.718360137611));
#12392=CARTESIAN_POINT('Ctrl Pts',(-3.79473319220294,-15.8582235763733,
6.62867651406081));
#12393=CARTESIAN_POINT('Ctrl Pts',(-3.79473319220294,-15.8582235763734,
6.62867651406051));
#12394=CARTESIAN_POINT('Ctrl Pts',(-3.79473319220281,-15.9049093700213,
6.32941661815967));
#12395=CARTESIAN_POINT('Ctrl Pts',(-3.68005131002269,-15.922037253467,6.05329545604797));
#12396=CARTESIAN_POINT('Ctrl Pts',(-3.49720022404653,-15.9089388845617,
5.83613293015978));
#12397=CARTESIAN_POINT('Ctrl Pts',(-3.49590101921963,-15.9088431512093,
5.83460187716353));
#12398=CARTESIAN_POINT('Ctrl Pts',(-3.49459978830441,-15.9087464614641,
5.83307382752726));
#12399=CARTESIAN_POINT('Ctrl Pts',(-3.7947331922029,-15.9784561402746,6.59865687828236));
#12400=CARTESIAN_POINT('Ctrl Pts',(-3.76976762269143,-15.98076775468,6.29884562693625));
#12401=CARTESIAN_POINT('Ctrl Pts',(-3.65789317460671,-15.9558053298924,
6.0480532269862));
#12402=CARTESIAN_POINT('Ctrl Pts',(-3.49689597963446,-15.9094097697285,
5.83605434107098));
#12403=CARTESIAN_POINT('Ctrl Pts',(-3.49574761641008,-15.9090781788269,
5.83456400893538));
#12404=CARTESIAN_POINT('Ctrl Pts',(-3.49459978830441,-15.9087464614641,
5.83307382752726));
#12405=CARTESIAN_POINT('Ctrl Pts',(-3.72529105707133,-16.1883584538246,
6.54624852236525));
#12406=CARTESIAN_POINT('Ctrl Pts',(-3.70818300855136,-16.1045629468991,
6.26250008287283));
#12407=CARTESIAN_POINT('Ctrl Pts',(-3.61947150059964,-16.0150087133037,
6.03865015107864));
#12408=CARTESIAN_POINT('Ctrl Pts',(-3.49636005132177,-15.9102323863757,
5.83591952147695));
#12409=CARTESIAN_POINT('Ctrl Pts',(-3.49547916149337,-15.9094894771577,
5.83449773953613));
#12410=CARTESIAN_POINT('Ctrl Pts',(-3.49459978830441,-15.9087464614641,
5.83307382752726));
#12411=CARTESIAN_POINT('Ctrl Pts',(-3.55739611818094,-16.3306637093687,
6.51071778258783));
#12412=CARTESIAN_POINT('Ctrl Pts',(-3.61580573808025,-16.2158258441689,
6.25619067951451));
#12413=CARTESIAN_POINT('Ctrl Pts',(-3.58095190316458,-16.0738352738301,
6.02884107286212));
#12414=CARTESIAN_POINT('Ctrl Pts',(-3.49582143953453,-15.9110552706778,
5.83578949340232));
#12415=CARTESIAN_POINT('Ctrl Pts',(-3.49521070657666,-15.9099007754885,
5.83443147013687));
#12416=CARTESIAN_POINT('Ctrl Pts',(-3.49459978830441,-15.9087464614641,
5.83307382752726));
#12417=CARTESIAN_POINT('Ctrl Pts',(-3.47523564486025,-16.3728206206982,
6.50019205575829));
#12418=CARTESIAN_POINT('Ctrl Pts',(-3.56973069621935,-16.2608701656178,
6.25811390844039));
#12419=CARTESIAN_POINT('Ctrl Pts',(-3.56454799326328,-16.0990548922166,
6.02465111047843));
#12420=CARTESIAN_POINT('Ctrl Pts',(-3.49558951202812,-15.9114076059699,
5.83573420048305));
#12421=CARTESIAN_POINT('Ctrl Pts',(-3.4950956544695,-15.9100770462017,5.83440306896576));
#12422=CARTESIAN_POINT('Ctrl Pts',(-3.49459978830441,-15.9087464614641,
5.83307382752726));
#12423=CARTESIAN_POINT('',(-3.49459978830441,-15.9087464614641,5.83307382752726));
#12424=CARTESIAN_POINT('Ctrl Pts',(-3.79473319220294,-15.8582235763734,
6.62867651406051));
#12425=CARTESIAN_POINT('Ctrl Pts',(-3.79473319220281,-15.9049093700213,
6.32941661815967));
#12426=CARTESIAN_POINT('Ctrl Pts',(-3.68005131002269,-15.922037253467,6.05329545604797));
#12427=CARTESIAN_POINT('Ctrl Pts',(-3.49720022404653,-15.9089388845617,
5.83613293015978));
#12428=CARTESIAN_POINT('Ctrl Pts',(-3.49590101921963,-15.9088431512093,
5.83460187716353));
#12429=CARTESIAN_POINT('Ctrl Pts',(-3.49459978830441,-15.9087464614641,
5.83307382752726));
#12430=CARTESIAN_POINT('Ctrl Pts',(-3.49459978830441,-15.9087464614641,
5.83307382752726));
#12431=CARTESIAN_POINT('Ctrl Pts',(-3.4950956544695,-15.9100770462017,5.83440306896576));
#12432=CARTESIAN_POINT('Ctrl Pts',(-3.49558951202812,-15.9114076059699,
5.83573420048305));
#12433=CARTESIAN_POINT('Ctrl Pts',(-3.56454799326328,-16.0990548922166,
6.02465111047843));
#12434=CARTESIAN_POINT('Ctrl Pts',(-3.56973069621935,-16.2608701656178,
6.25811390844039));
#12435=CARTESIAN_POINT('Ctrl Pts',(-3.47523564486025,-16.3728206206982,
6.50019205575829));
#12436=CARTESIAN_POINT('Ctrl Pts',(3.30364455102804,-16.4778303801153,6.9036964689909));
#12437=CARTESIAN_POINT('Ctrl Pts',(3.36055175445137,-16.4673261432054,6.77907595594659));
#12438=CARTESIAN_POINT('Ctrl Pts',(3.41965083789402,-16.4386732166376,6.64258964056153));
#12439=CARTESIAN_POINT('Ctrl Pts',(3.4752356448602,-16.3728206206982,6.50019205575839));
#12440=CARTESIAN_POINT('Ctrl Pts',(3.440164838479,-16.4526307330385,6.9036964689909));
#12441=CARTESIAN_POINT('Ctrl Pts',(3.48513361934147,-16.4304806859111,6.78041096172952));
#12442=CARTESIAN_POINT('Ctrl Pts',(3.53012707681171,-16.3931633608643,6.64790471029957));
#12443=CARTESIAN_POINT('Ctrl Pts',(3.57108953040105,-16.3236375574805,6.51247207039289));
#12444=CARTESIAN_POINT('Ctrl Pts',(3.69434865535689,-16.3036317686905,6.9036964689909));
#12445=CARTESIAN_POINT('Ctrl Pts',(3.70897049449308,-16.2750534977358,6.78859749771631));
#12446=CARTESIAN_POINT('Ctrl Pts',(3.72246096424403,-16.2355764027993,6.66868462800739));
#12447=CARTESIAN_POINT('Ctrl Pts',(3.73446650247819,-16.1736629773121,6.54991768517941));
#12448=CARTESIAN_POINT('Ctrl Pts',(3.79473319220293,-16.0266244603002,6.9036964689909));
#12449=CARTESIAN_POINT('Ctrl Pts',(3.79451779926828,-16.0169245529103,6.80367905432533));
#12450=CARTESIAN_POINT('Ctrl Pts',(3.79484303775479,-15.9990625228643,6.70178652336091));
#12451=CARTESIAN_POINT('Ctrl Pts',(3.79473319220293,-15.9634270697869,6.60240933275491));
#12452=CARTESIAN_POINT('Ctrl Pts',(3.79473319220293,-15.8877979098911,6.9036964689909));
#12453=CARTESIAN_POINT('Ctrl Pts',(3.79473319220293,-15.8877979098911,6.81125964419491));
#12454=CARTESIAN_POINT('Ctrl Pts',(3.79473319220293,-15.8806157662224,6.71836016035223));
#12455=CARTESIAN_POINT('Ctrl Pts',(3.79473319220293,-15.8582235763733,6.62867651406081));
#12456=CARTESIAN_POINT('',(3.79473319220293,-15.8582235763734,6.62867651406052));
#12457=CARTESIAN_POINT('',(3.47523564486024,-16.3728206206982,6.5001920557583));
#12458=CARTESIAN_POINT('Origin',(3.19473319220293,-15.8582235763733,6.62867651406075));
#12459=CARTESIAN_POINT('',(3.79473319220293,-15.8877979098911,6.9036964689909));
#12460=CARTESIAN_POINT('Ctrl Pts',(3.79473319220293,-15.8582235763733,6.62867651406081));
#12461=CARTESIAN_POINT('Ctrl Pts',(3.79473319220293,-15.8806157662224,6.71836016035223));
#12462=CARTESIAN_POINT('Ctrl Pts',(3.79473319220293,-15.8877979098911,6.81125964419491));
#12463=CARTESIAN_POINT('Ctrl Pts',(3.79473319220293,-15.8877979098911,6.9036964689909));
#12464=CARTESIAN_POINT('',(3.30364455102804,-16.4778303801153,6.9036964689909));
#12465=CARTESIAN_POINT('Origin',(3.19473319220293,-15.8877979098911,6.9036964689909));
#12466=CARTESIAN_POINT('Ctrl Pts',(3.30364455102804,-16.4778303801153,6.9036964689909));
#12467=CARTESIAN_POINT('Ctrl Pts',(3.36055175445137,-16.4673261432054,6.77907595594659));
#12468=CARTESIAN_POINT('Ctrl Pts',(3.41965083789402,-16.4386732166376,6.64258964056153));
#12469=CARTESIAN_POINT('Ctrl Pts',(3.4752356448602,-16.3728206206982,6.50019205575839));
#12470=CARTESIAN_POINT('Ctrl Pts',(3.47523564486024,-16.3728206206982,6.5001920557583));
#12471=CARTESIAN_POINT('Ctrl Pts',(3.5697306962455,-16.2608701655868,6.25811390837338));
#12472=CARTESIAN_POINT('Ctrl Pts',(3.56454799323744,-16.0990548921899,6.02465111040942));
#12473=CARTESIAN_POINT('Ctrl Pts',(3.49558951199693,-15.9114076058853,5.83573420039837));
#12474=CARTESIAN_POINT('Ctrl Pts',(3.49509565445262,-15.9100770461583,5.83440306892163));
#12475=CARTESIAN_POINT('Ctrl Pts',(3.49459978830441,-15.9087464614641,5.83307382752726));
#12476=CARTESIAN_POINT('Ctrl Pts',(3.58478294262117,-16.3166114055923,6.51422635819768));
#12477=CARTESIAN_POINT('Ctrl Pts',(3.63071211841828,-16.2005033281807,6.25553740299662));
#12478=CARTESIAN_POINT('Ctrl Pts',(3.58638831813883,-16.0654114713193,6.03025256503249));
#12479=CARTESIAN_POINT('Ctrl Pts',(3.4958988896766,-15.9109379011664,5.83580785253355));
#12480=CARTESIAN_POINT('Ctrl Pts',(3.49524905725728,-15.9098420185482,5.83444093714857));
#12481=CARTESIAN_POINT('Ctrl Pts',(3.49459978830441,-15.9087464614641,5.83307382752726));
#12482=CARTESIAN_POINT('Ctrl Pts',(3.7435664095348,-16.1589233534931,6.55359787068134));
#12483=CARTESIAN_POINT('Ctrl Pts',(3.71883734738999,-16.0877713936754,6.26568593945817));
#12484=CARTESIAN_POINT('Ctrl Pts',(3.62497418576542,-16.0065703796144,6.04003210850188));
#12485=CARTESIAN_POINT('Ctrl Pts',(3.49643673866508,-15.9101148736393,5.83593841845099));
#12486=CARTESIAN_POINT('Ctrl Pts',(3.49551751216543,-15.9094307202305,5.83450720654572));
#12487=CARTESIAN_POINT('Ctrl Pts',(3.4945997883044,-15.9087464614641,5.83307382752726));
#12488=CARTESIAN_POINT('Ctrl Pts',(3.7947331922029,-15.9483979992993,6.6061617872269));
#12489=CARTESIAN_POINT('Ctrl Pts',(3.77636608548375,-15.9620046061882,6.30650543921191));
#12490=CARTESIAN_POINT('Ctrl Pts',(3.66345697225179,-15.9473753222022,6.04935281733509));
#12491=CARTESIAN_POINT('Ctrl Pts',(3.49697193246134,-15.9092919954739,5.836074041478));
#12492=CARTESIAN_POINT('Ctrl Pts',(3.49578596707359,-15.9090194219128,5.83457347594287));
#12493=CARTESIAN_POINT('Ctrl Pts',(3.49459978830441,-15.9087464614641,5.83307382752726));
#12494=CARTESIAN_POINT('Ctrl Pts',(3.79473319220293,-15.8582235763734,6.62867651406052));
#12495=CARTESIAN_POINT('Ctrl Pts',(3.79473319220281,-15.9049093700342,6.32941661807684));
#12496=CARTESIAN_POINT('Ctrl Pts',(3.680051309985,-15.9220372534532,6.05329545596976));
#12497=CARTESIAN_POINT('Ctrl Pts',(3.49720022396403,-15.9089388845558,5.83613293006236));
#12498=CARTESIAN_POINT('Ctrl Pts',(3.49590101917709,-15.9088431512053,5.83460187711308));
#12499=CARTESIAN_POINT('Ctrl Pts',(3.49459978830441,-15.9087464614641,5.83307382752726));
#12500=CARTESIAN_POINT('',(3.49459978830441,-15.9087464614641,5.83307382752726));
#12501=CARTESIAN_POINT('Ctrl Pts',(3.47523564486024,-16.3728206206982,6.5001920557583));
#12502=CARTESIAN_POINT('Ctrl Pts',(3.5697306962455,-16.2608701655868,6.25811390837338));
#12503=CARTESIAN_POINT('Ctrl Pts',(3.56454799323744,-16.0990548921899,6.02465111040942));
#12504=CARTESIAN_POINT('Ctrl Pts',(3.49558951199693,-15.9114076058853,5.83573420039837));
#12505=CARTESIAN_POINT('Ctrl Pts',(3.49509565445262,-15.9100770461583,5.83440306892163));
#12506=CARTESIAN_POINT('Ctrl Pts',(3.49459978830441,-15.9087464614641,5.83307382752726));
#12507=CARTESIAN_POINT('Ctrl Pts',(3.49459978830441,-15.9087464614641,5.83307382752726));
#12508=CARTESIAN_POINT('Ctrl Pts',(3.49590101917709,-15.9088431512053,5.83460187711308));
#12509=CARTESIAN_POINT('Ctrl Pts',(3.49720022396403,-15.9089388845558,5.83613293006236));
#12510=CARTESIAN_POINT('Ctrl Pts',(3.680051309985,-15.9220372534532,6.05329545596976));
#12511=CARTESIAN_POINT('Ctrl Pts',(3.79473319220281,-15.9049093700342,6.32941661807684));
#12512=CARTESIAN_POINT('Ctrl Pts',(3.79473319220293,-15.8582235763734,6.62867651406052));
#12513=CARTESIAN_POINT('Origin',(2.79473319220293,-14.3324891129676,5.74779331090182));
#12514=CARTESIAN_POINT('',(3.49459978830441,-15.3015891539185,5.48253139257538));
#12515=CARTESIAN_POINT('',(3.49459978830441,-14.689625903169,5.12921424502099));
#12516=CARTESIAN_POINT('',(3.74755373917936,-15.0962195308094,5.83824201413168));
#12517=CARTESIAN_POINT('Origin',(2.79473319220293,-14.9444523637171,6.10111045845621));
#12518=CARTESIAN_POINT('',(3.79473319220293,-15.4661740296495,6.40232660272567));
#12519=CARTESIAN_POINT('Ctrl Pts',(3.74755369520205,-15.0962195308417,5.83824201978869));
#12520=CARTESIAN_POINT('Ctrl Pts',(3.74834991984952,-15.1018856931999,5.84439945947246));
#12521=CARTESIAN_POINT('Ctrl Pts',(3.74915901326802,-15.1075453119319,5.85063899289556));
#12522=CARTESIAN_POINT('Ctrl Pts',(3.76835749572449,-15.2398380667814,5.99860556070423));
#12523=CARTESIAN_POINT('Ctrl Pts',(3.78896430376884,-15.3497298381009,6.16717697006243));
#12524=CARTESIAN_POINT('Ctrl Pts',(3.79431631151501,-15.4423785584291,6.3510869903441));
#12525=CARTESIAN_POINT('Ctrl Pts',(3.79473319220297,-15.454533267161,6.37640726463369));
#12526=CARTESIAN_POINT('Ctrl Pts',(3.79473319220293,-15.4661740296486,6.40232660272607));
#12527=CARTESIAN_POINT('',(3.79473319220293,-14.3324891129676,5.74779331090182));
#12528=CARTESIAN_POINT('Ctrl Pts',(3.30364455102803,-16.4778303801153,6.90369646899091));
#12529=CARTESIAN_POINT('Ctrl Pts',(3.15264602460836,-16.5057024982153,6.63670579203177));
#12530=CARTESIAN_POINT('Ctrl Pts',(2.65626282548604,-16.5937811782115,6.08385464239176));
#12531=CARTESIAN_POINT('Ctrl Pts',(1.90295175118536,-16.6854868312386,5.87209387613394));
#12532=CARTESIAN_POINT('Ctrl Pts',(1.47610465116278,-16.7202205434323,5.89104555256594));
#12533=CARTESIAN_POINT('Ctrl Pts',(3.46984693965669,-16.4471518515614,6.81183749100139));
#12534=CARTESIAN_POINT('Ctrl Pts',(3.29985145239123,-16.4798863668538,6.52430150437349));
#12535=CARTESIAN_POINT('Ctrl Pts',(2.7520314820021,-16.5811121506277,5.92954329050904));
#12536=CARTESIAN_POINT('Ctrl Pts',(1.93294387394402,-16.6832112838158,5.69861422768714));
#12537=CARTESIAN_POINT('Ctrl Pts',(1.46795307761861,-16.7208838591943,5.71638717432687));
#12538=CARTESIAN_POINT('Ctrl Pts',(3.78117489624698,-16.2735788410569,6.62831376495393));
#12539=CARTESIAN_POINT('Ctrl Pts',(3.57606226593242,-16.3249681971211,6.299717237543));
#12540=CARTESIAN_POINT('Ctrl Pts',(2.930634428888,-16.4662016558518,5.6211284337677));
#12541=CARTESIAN_POINT('Ctrl Pts',(1.98323287330717,-16.5886320781408,5.35185787873603));
#12542=CARTESIAN_POINT('Ctrl Pts',(1.44404796737017,-16.6286463589641,5.36731744156878));
#12543=CARTESIAN_POINT('Ctrl Pts',(3.95035886137551,-15.931961509348,6.50418468225337));
#12544=CARTESIAN_POINT('Ctrl Pts',(3.73384334479572,-16.0089063735001,6.1433694622687));
#12545=CARTESIAN_POINT('Ctrl Pts',(3.0382848328378,-16.2006087197647,5.39414133326737));
#12546=CARTESIAN_POINT('Ctrl Pts',(2.00087319360743,-16.3384795989812,5.09523823144878));
#12547=CARTESIAN_POINT('Ctrl Pts',(1.4113570338443,-16.3742752371199,5.11206163985323));
#12548=CARTESIAN_POINT('Ctrl Pts',(3.98568842947931,-15.7465635722348,6.46701070655584));
#12549=CARTESIAN_POINT('Ctrl Pts',(3.77163557334593,-15.8340020178594,6.0941956005707));
#12550=CARTESIAN_POINT('Ctrl Pts',(3.06797147788668,-16.0473418939792,5.3160034560818));
#12551=CARTESIAN_POINT('Ctrl Pts',(2.00009094398841,-16.1906896857482,5.00606847234948));
#12552=CARTESIAN_POINT('Ctrl Pts',(1.39499999999999,-16.2235149522171,5.0250201487815));
#12553=CARTESIAN_POINT('',(1.47610465116278,-16.7202205434323,5.89104555256594));
#12554=CARTESIAN_POINT('Ctrl Pts',(3.30364455102803,-16.4778303801153,6.90369646899091));
#12555=CARTESIAN_POINT('Ctrl Pts',(3.15264602460836,-16.5057024982153,6.63670579203177));
#12556=CARTESIAN_POINT('Ctrl Pts',(2.65626282548604,-16.5937811782115,6.08385464239176));
#12557=CARTESIAN_POINT('Ctrl Pts',(1.90295175118536,-16.6854868312386,5.87209387613394));
#12558=CARTESIAN_POINT('Ctrl Pts',(1.47610465116278,-16.7202205434323,5.89104555256594));
#12559=CARTESIAN_POINT('',(1.39499999999999,-16.2235149522171,5.0250201487815));
#12560=CARTESIAN_POINT('Origin',(1.39499999999999,-15.7235149522171,5.89104555256594));
#12561=CARTESIAN_POINT('Ctrl Pts',(1.39499999999999,-16.2235149522171,5.0250201487815));
#12562=CARTESIAN_POINT('Ctrl Pts',(2.00009094398841,-16.1906896857482,5.00606847234948));
#12563=CARTESIAN_POINT('Ctrl Pts',(2.78573307239535,-16.0852283905444,5.23408834213618));
#12564=CARTESIAN_POINT('Ctrl Pts',(3.37424020389582,-15.9418833320731,5.71555606379029));
#12565=CARTESIAN_POINT('Ctrl Pts',(3.49465698552989,-15.9089361172563,5.8330683810156));
#12566=CARTESIAN_POINT('Ctrl Pts',(-1.39499999999999,-16.2235149522171,
5.0250201487815));
#12567=CARTESIAN_POINT('Ctrl Pts',(-0.467044554665532,-16.2990252165838,
5.06861602024021));
#12568=CARTESIAN_POINT('Ctrl Pts',(0.467044554665526,-16.2990252165838,
5.06861602024021));
#12569=CARTESIAN_POINT('Ctrl Pts',(1.39499999999999,-16.2235149522171,5.0250201487815));
#12570=CARTESIAN_POINT('Ctrl Pts',(-1.41135703384431,-16.3742752371199,
5.11206163985323));
#12571=CARTESIAN_POINT('Ctrl Pts',(-0.472502071595,-16.4503028525847,5.15596076166979));
#12572=CARTESIAN_POINT('Ctrl Pts',(0.472502071594994,-16.4503028525847,
5.15596076166979));
#12573=CARTESIAN_POINT('Ctrl Pts',(1.4113570338443,-16.3742752371199,5.11206163985323));
#12574=CARTESIAN_POINT('Ctrl Pts',(-1.44404406053327,-16.6285742621785,
5.36735915828863));
#12575=CARTESIAN_POINT('Ctrl Pts',(-0.483424790820423,-16.7058785750108,
5.41145270367885));
#12576=CARTESIAN_POINT('Ctrl Pts',(0.483424790820416,-16.7058785750108,
5.41145270367885));
#12577=CARTESIAN_POINT('Ctrl Pts',(1.44404406053327,-16.6285742621785,5.36735915828863));
#12578=CARTESIAN_POINT('Ctrl Pts',(-1.46795307761862,-16.7208838591943,
5.71638717432687));
#12579=CARTESIAN_POINT('Ctrl Pts',(-0.491420566706819,-16.7998987261216,
5.76015092472348));
#12580=CARTESIAN_POINT('Ctrl Pts',(0.491420566706813,-16.7998987261216,
5.76015092472348));
#12581=CARTESIAN_POINT('Ctrl Pts',(1.46795307761861,-16.7208838591943,5.71638717432687));
#12582=CARTESIAN_POINT('Ctrl Pts',(-1.47610465116278,-16.7202205434323,
5.89104555256593));
#12583=CARTESIAN_POINT('Ctrl Pts',(-0.49419830784376,-16.8001209394483,
5.93464142402465));
#12584=CARTESIAN_POINT('Ctrl Pts',(0.494198307843754,-16.8001209394483,
5.93464142402465));
#12585=CARTESIAN_POINT('Ctrl Pts',(1.47610465116278,-16.7202205434323,5.89104555256593));
#12586=CARTESIAN_POINT('',(-1.47610465116278,-16.7202205434323,5.89104555256593));
#12587=CARTESIAN_POINT('',(-1.39499999999999,-16.2235149522171,5.0250201487815));
#12588=CARTESIAN_POINT('Origin',(-1.39499999999999,-15.7235149522171,5.89104555256593));
#12589=CARTESIAN_POINT('Origin',(0.,0.919821216685401,-4.87268960314269));
#12590=CARTESIAN_POINT('Origin',(0.,1.4198212166854,-4.00666419935826));
#12591=CARTESIAN_POINT('Ctrl Pts',(-1.47610465116278,-16.7202205434323,
5.89104555256594));
#12592=CARTESIAN_POINT('Ctrl Pts',(-1.90295174269871,-16.6854868319292,
5.87209387651074));
#12593=CARTESIAN_POINT('Ctrl Pts',(-2.65626280180907,-16.5937811814903,
6.08385463302051));
#12594=CARTESIAN_POINT('Ctrl Pts',(-3.15264600007588,-16.5057025025526,
6.63670576185014));
#12595=CARTESIAN_POINT('Ctrl Pts',(-3.30364452912794,-16.4778303841577,
6.90369643026786));
#12596=CARTESIAN_POINT('Ctrl Pts',(-1.46795307761862,-16.7208838591943,
5.71638717432687));
#12597=CARTESIAN_POINT('Ctrl Pts',(-1.932943864699,-16.6832112845649,5.6986142280405));
#12598=CARTESIAN_POINT('Ctrl Pts',(-2.75203145626762,-16.5811121543007,
5.92954328035597));
#12599=CARTESIAN_POINT('Ctrl Pts',(-3.29985142521268,-16.479886371872,6.52430147190109));
#12600=CARTESIAN_POINT('Ctrl Pts',(-3.46984691500783,-16.4471518563215,
6.81183744929896));
#12601=CARTESIAN_POINT('Ctrl Pts',(-1.44404796737019,-16.6286463589642,
5.36731744156869));
#12602=CARTESIAN_POINT('Ctrl Pts',(-1.98323286258703,-16.5886320789365,
5.35185787904331));
#12603=CARTESIAN_POINT('Ctrl Pts',(-2.93063439913887,-16.4662016603368,
5.62112842205019));
#12604=CARTESIAN_POINT('Ctrl Pts',(-3.57606223374427,-16.3249682042863,
6.29971720048717));
#12605=CARTESIAN_POINT('Ctrl Pts',(-3.78117486648858,-16.2735788485048,
6.62831371729442));
#12606=CARTESIAN_POINT('Ctrl Pts',(-1.41135703384431,-16.3742752371199,
5.11206163985323));
#12607=CARTESIAN_POINT('Ctrl Pts',(-2.00087318188659,-16.3384795996929,
5.09523823178326));
#12608=CARTESIAN_POINT('Ctrl Pts',(-3.03828480024909,-16.2006087249838,
5.39414132024609));
#12609=CARTESIAN_POINT('Ctrl Pts',(-3.73384331026814,-16.008906383462,6.14336942141129));
#12610=CARTESIAN_POINT('Ctrl Pts',(-3.95035882999084,-15.9319615205087,
6.50418462992538));
#12611=CARTESIAN_POINT('Ctrl Pts',(-1.39499999999999,-16.2235149522171,
5.0250201487815));
#12612=CARTESIAN_POINT('Ctrl Pts',(-2.00009093195791,-16.1906896864009,
5.00606847272628));
#12613=CARTESIAN_POINT('Ctrl Pts',(-3.06797144432262,-16.0473418994941,
5.31600344252545));
#12614=CARTESIAN_POINT('Ctrl Pts',(-3.7716355385691,-15.8340020290053,6.09419555818349));
#12615=CARTESIAN_POINT('Ctrl Pts',(-3.98568839843411,-15.7465635849165,
6.46701065248453));
#12616=CARTESIAN_POINT('Ctrl Pts',(-3.49465698556135,-15.9089361172364,
5.8330683809778));
#12617=CARTESIAN_POINT('Ctrl Pts',(-3.37424019537046,-15.9418833344038,
5.71555605539331));
#12618=CARTESIAN_POINT('Ctrl Pts',(-2.78573306066969,-16.0852283926067,
5.23408833694877));
#12619=CARTESIAN_POINT('Ctrl Pts',(-2.00009093195791,-16.1906896864009,
5.00606847272628));
#12620=CARTESIAN_POINT('Ctrl Pts',(-1.39499999999999,-16.2235149522171,
5.0250201487815));
#12621=CARTESIAN_POINT('Ctrl Pts',(-1.47610465116278,-16.7202205434323,
5.89104555256594));
#12622=CARTESIAN_POINT('Ctrl Pts',(-1.90295174269871,-16.6854868319292,
5.87209387651074));
#12623=CARTESIAN_POINT('Ctrl Pts',(-2.65626280180907,-16.5937811814903,
6.08385463302051));
#12624=CARTESIAN_POINT('Ctrl Pts',(-3.15264600007588,-16.5057025025526,
6.63670576185014));
#12625=CARTESIAN_POINT('Ctrl Pts',(-3.30364452912794,-16.4778303841577,
6.90369643026786));
#12626=CARTESIAN_POINT('Origin',(-2.79473319220294,-13.5944523637173,5.32168759505032));
#12627=CARTESIAN_POINT('',(-3.79473319220294,-15.4661740296495,6.40232660272568));
#12628=CARTESIAN_POINT('',(-3.79473319220294,-13.5944523637173,5.32168759505032));
#12629=CARTESIAN_POINT('',(-3.74755369491726,-15.0962195288149,5.83824201758619));
#12630=CARTESIAN_POINT('Ctrl Pts',(-3.79473319220294,-15.4661740296486,
6.40232660272608));
#12631=CARTESIAN_POINT('Ctrl Pts',(-3.79473319220299,-15.4497094444142,
6.36566653413571));
#12632=CARTESIAN_POINT('Ctrl Pts',(-3.7938957272577,-15.4318059368226,6.32928712070006));
#12633=CARTESIAN_POINT('Ctrl Pts',(-3.78609295430389,-15.3308097329827,
6.1371911715892));
#12634=CARTESIAN_POINT('Ctrl Pts',(-3.76520172824456,-15.2218079828592,
5.97471945667097));
#12635=CARTESIAN_POINT('Ctrl Pts',(-3.74755369491725,-15.0962195288149,
5.83824201758619));
#12636=CARTESIAN_POINT('',(-3.49459978830441,-15.3015891539185,5.48253139257538));
#12637=CARTESIAN_POINT('Origin',(-2.79473319220294,-14.9444523637171,6.10111045845621));
#12638=CARTESIAN_POINT('',(-3.49459978830441,-13.9515891539187,4.70310852916949));
#12639=CARTESIAN_POINT('Ctrl Pts',(3.79473319220293,-15.7801787833144,7.30940107675838));
#12640=CARTESIAN_POINT('Ctrl Pts',(3.79473319220293,-15.6455390981606,7.1021097208459));
#12641=CARTESIAN_POINT('Ctrl Pts',(3.71616438524329,-15.421911369983,6.75781231001496));
#12642=CARTESIAN_POINT('Ctrl Pts',(3.4637554257979,-15.2212153699815,6.44882060434525));
#12643=CARTESIAN_POINT('Ctrl Pts',(3.2844929823055,-15.1801787833144,6.385640646055));
#12644=CARTESIAN_POINT('Ctrl Pts',(3.19473319220293,-15.1801787833144,6.385640646055));
#12645=CARTESIAN_POINT('Ctrl Pts',(3.79473319220293,-15.9297784334853,7.05028688186778));
#12646=CARTESIAN_POINT('Ctrl Pts',(3.82932939150979,-15.7849386030397,6.86190482825094));
#12647=CARTESIAN_POINT('Ctrl Pts',(3.78915724638476,-15.508577453961,6.53963218292697));
#12648=CARTESIAN_POINT('Ctrl Pts',(3.51550543580899,-15.2373186824406,6.24660336676885));
#12649=CARTESIAN_POINT('Ctrl Pts',(3.30163782452034,-15.1801787833144,6.18617444582708));
#12650=CARTESIAN_POINT('Ctrl Pts',(3.19473319220293,-15.1801787833144,6.18617444582708));
#12651=CARTESIAN_POINT('Ctrl Pts',(4.04581528325751,-16.1888069981481,6.60163624726031));
#12652=CARTESIAN_POINT('Ctrl Pts',(4.09916159188301,-15.9693099625781,6.44335459745975));
#12653=CARTESIAN_POINT('Ctrl Pts',(4.04689404697426,-15.5557663640194,6.1595979919527));
#12654=CARTESIAN_POINT('Ctrl Pts',(3.65324397143131,-15.1562189722924,5.89308252278738));
#12655=CARTESIAN_POINT('Ctrl Pts',(3.34794731654781,-15.0724614309147,5.83783829203699));
#12656=CARTESIAN_POINT('Ctrl Pts',(3.19473319220293,-15.0724614309147,5.83783829203699));
#12657=CARTESIAN_POINT('Ctrl Pts',(4.57033371694652,-16.2801787833144,6.44337567297394));
#12658=CARTESIAN_POINT('Ctrl Pts',(4.58622337339325,-15.9586840556975,6.25809467626107));
#12659=CARTESIAN_POINT('Ctrl Pts',(4.42382750735577,-15.4115101239299,5.94180246081754));
#12660=CARTESIAN_POINT('Ctrl Pts',(3.83446661982467,-14.9122970220983,5.65375527935898));
#12661=CARTESIAN_POINT('Ctrl Pts',(3.40826311043023,-14.8097358807597,5.59441506735603));
#12662=CARTESIAN_POINT('Ctrl Pts',(3.19473319220293,-14.8097358807597,5.59441506735603));
#12663=CARTESIAN_POINT('Ctrl Pts',(4.79473319220293,-16.2801787833144,6.44337567297394));
#12664=CARTESIAN_POINT('Ctrl Pts',(4.79473319220293,-15.9211396229041,6.23608431706146));
#12665=CARTESIAN_POINT('Ctrl Pts',(4.58521637364387,-15.3247990144305,5.89178690623052));
#12666=CARTESIAN_POINT('Ctrl Pts',(3.91212581512284,-14.7896096810932,5.58279520056081));
#12667=CARTESIAN_POINT('Ctrl Pts',(3.43409263247644,-14.6801787833144,5.51961524227056));
#12668=CARTESIAN_POINT('Ctrl Pts',(3.19473319220293,-14.6801787833144,5.51961524227056));
#12669=CARTESIAN_POINT('',(3.79473314732143,-15.1008884393996,5.83015522723744));
#12670=CARTESIAN_POINT('Ctrl Pts',(3.79444924648936,-15.1009885832669,5.83030515881501));
#12671=CARTESIAN_POINT('Ctrl Pts',(3.77860509741212,-15.0994572451674,5.83298315544465));
#12672=CARTESIAN_POINT('Ctrl Pts',(3.76287625342527,-15.0978837976652,5.83566336128565));
#12673=CARTESIAN_POINT('Ctrl Pts',(3.74726807404179,-15.0963178177217,5.83836168046812));
#12674=CARTESIAN_POINT('',(3.83263866799296,-15.1045239274528,5.82385837722173));
#12675=CARTESIAN_POINT('Ctrl Pts',(3.79444924636027,-15.1009885815848,5.83030515706593));
#12676=CARTESIAN_POINT('Ctrl Pts',(3.80700829782137,-15.102210501233,5.82819098834233));
#12677=CARTESIAN_POINT('Ctrl Pts',(3.81964632062811,-15.1034269535378,5.82609866106927));
#12678=CARTESIAN_POINT('Ctrl Pts',(3.83236262101114,-15.1046269136415,5.82403364333168));
#12679=CARTESIAN_POINT('',(3.79514490008525,-14.8158283505297,5.59815566340195));
#12680=CARTESIAN_POINT('Ctrl Pts',(3.83236262101104,-15.1046269136419,5.82403364333221));
#12681=CARTESIAN_POINT('Ctrl Pts',(3.82667233007783,-15.0802690078205,5.80085895685515));
#12682=CARTESIAN_POINT('Ctrl Pts',(3.82146410652279,-15.0556449448358,5.77835046831228));
#12683=CARTESIAN_POINT('Ctrl Pts',(3.81684774434855,-15.0306355440146,5.75660224964236));
#12684=CARTESIAN_POINT('Ctrl Pts',(3.81313842633487,-15.010540105772,5.73912722142035));
#12685=CARTESIAN_POINT('Ctrl Pts',(3.8098115825835,-14.9901965727421,5.72214358152404));
#12686=CARTESIAN_POINT('Ctrl Pts',(3.80693375624392,-14.9695611897439,5.70571350047566));
#12687=CARTESIAN_POINT('Ctrl Pts',(3.80651683797952,-14.9665716875817,5.70333323145788));
#12688=CARTESIAN_POINT('Ctrl Pts',(3.80610925394857,-14.9635744409035,5.70096327470763));
#12689=CARTESIAN_POINT('Ctrl Pts',(3.80571121897506,-14.9605692614093,5.69860383532686));
#12690=CARTESIAN_POINT('Ctrl Pts',(3.80246094159395,-14.9360295410675,5.67933710511069));
#12691=CARTESIAN_POINT('Ctrl Pts',(3.79984642235124,-14.9109583244296,5.66076846295405));
#12692=CARTESIAN_POINT('Ctrl Pts',(3.7979929982216,-14.8852647071505,5.64302837354732));
#12693=CARTESIAN_POINT('Ctrl Pts',(3.79636187681125,-14.8626528243206,5.62741605945789));
#12694=CARTESIAN_POINT('Ctrl Pts',(3.79532045071671,-14.8395592491825,5.61244600925026));
#12695=CARTESIAN_POINT('Ctrl Pts',(3.79496148802883,-14.8159426016238,5.59823245493199));
#12696=CARTESIAN_POINT('',(3.79527707628952,-14.7971592138932,5.58715392535515));
#12697=CARTESIAN_POINT('Ctrl Pts',(3.79527707628952,-14.7971592138932,5.58715392535515));
#12698=CARTESIAN_POINT('Ctrl Pts',(3.79509334024874,-14.8034143272226,5.59076531671966));
#12699=CARTESIAN_POINT('Ctrl Pts',(3.79504931585116,-14.8096364572019,5.59443358588272));
#12700=CARTESIAN_POINT('Ctrl Pts',(3.79514490008525,-14.8158283505297,5.59815566340194));
#12701=CARTESIAN_POINT('',(3.795,-14.7970470428891,5.58708916339571));
#12702=CARTESIAN_POINT('Ctrl Pts',(3.79509986152985,-14.7972856759242,5.58722693824281));
#12703=CARTESIAN_POINT('Ctrl Pts',(3.79500750609152,-14.7972483406239,5.58720538269711));
#12704=CARTESIAN_POINT('Ctrl Pts',(3.79491514717539,-14.7972110139705,5.58718383214375));
#12705=CARTESIAN_POINT('Ctrl Pts',(3.79482278478314,-14.7971736959646,5.58716228658295));
#12706=CARTESIAN_POINT('',(3.19473319220293,-14.6801787833144,5.51961524227056));
#12707=CARTESIAN_POINT('Origin',(3.19473319220293,-16.2801787833144,6.44337567297394));
#12708=CARTESIAN_POINT('',(3.19473319220293,-15.1801787833144,6.385640646055));
#12709=CARTESIAN_POINT('Origin',(3.19473319220293,-14.1801787833144,6.385640646055));
#12710=CARTESIAN_POINT('',(3.79473319220293,-15.7801787833144,7.30940107675838));
#12711=CARTESIAN_POINT('Origin',(3.19473319220293,-15.7801787833144,7.30940107675838));
#12712=CARTESIAN_POINT('Ctrl Pts',(3.79473319220293,-15.7801787833144,7.30940107675838));
#12713=CARTESIAN_POINT('Ctrl Pts',(3.79473319220293,-15.7791685379587,7.30605322176875));
#12714=CARTESIAN_POINT('Ctrl Pts',(3.79473319220293,-15.778158279081,7.30270532196745));
#12715=CARTESIAN_POINT('Ctrl Pts',(3.79473319220293,-15.6805241870686,6.9791704300068));
#12716=CARTESIAN_POINT('Ctrl Pts',(3.79473319220293,-15.5875676848787,6.67262188583308));
#12717=CARTESIAN_POINT('Ctrl Pts',(3.79473319220293,-15.4661740296486,6.40232660272607));
#12718=CARTESIAN_POINT('Origin',(1.39499999999999,-13.6182155325649,6.98495144266348));
#12719=CARTESIAN_POINT('Origin',(1.39499999999999,-14.2301787833144,7.33826859021787));
#12720=CARTESIAN_POINT('',(1.39499999999999,-15.7872660321342,4.77315171733795));
#12721=CARTESIAN_POINT('',(1.39499999999999,-15.1182155325649,4.38687523131017));
#12722=CARTESIAN_POINT('Origin',(1.39499999999999,-13.3590628018587,6.83532954382902));
#12723=CARTESIAN_POINT('Origin',(0.,-16.1801787833146,5.));
#12724=CARTESIAN_POINT('',(-1.39499999999999,-15.7872660321342,4.77315171733795));
#12725=CARTESIAN_POINT('',(-1.39499999999999,-14.3801787833146,3.96076951545867));
#12726=CARTESIAN_POINT('',(-1.87499999999998,-15.7872660321342,4.77315171733795));
#12727=CARTESIAN_POINT('Origin',(-1.39499999999999,-12.8801787833146,6.55884572681198));
#12728=CARTESIAN_POINT('',(-3.8326386679925,-15.104523927452,5.82385837722049));
#12729=CARTESIAN_POINT('Origin',(-1.39499999999999,-14.2301787833144,7.33826859021787));
#12730=CARTESIAN_POINT('',(-3.79514490008525,-14.8158283505297,5.59815566340194));
#12731=CARTESIAN_POINT('Ctrl Pts',(-3.79514490008525,-14.8158283505297,
5.59815566340195));
#12732=CARTESIAN_POINT('Ctrl Pts',(-3.7967752686592,-14.9214427166562,5.66164268377767));
#12733=CARTESIAN_POINT('Ctrl Pts',(-3.81208757072034,-15.0164097263735,
5.73990597639033));
#12734=CARTESIAN_POINT('Ctrl Pts',(-3.83263866799234,-15.1045239274513,
5.82385837721984));
#12735=CARTESIAN_POINT('Origin',(-1.39499999999999,-13.3590628018587,6.83532954382902));
#12736=CARTESIAN_POINT('Ctrl Pts',(5.0861734264677,-13.7801787833146,5.00000000000001));
#12737=CARTESIAN_POINT('Ctrl Pts',(4.8274160606597,-14.233853693987,4.54632508932764));
#12738=CARTESIAN_POINT('Ctrl Pts',(3.85238461087809,-15.1799382576816,3.60024052563296));
#12739=CARTESIAN_POINT('Ctrl Pts',(2.29044273170771,-15.5801592509476,3.20001953236696));
#12740=CARTESIAN_POINT('Ctrl Pts',(1.39499999999999,-15.5801592509476,3.20001953236696));
#12741=CARTESIAN_POINT('Ctrl Pts',(4.93860966668803,-13.7380966570265,5.04208212628811));
#12742=CARTESIAN_POINT('Ctrl Pts',(4.68603955587166,-14.1736431265884,4.60651213246253));
#12743=CARTESIAN_POINT('Ctrl Pts',(3.74246842558331,-15.0778202492234,3.70233994724462));
#12744=CARTESIAN_POINT('Ctrl Pts',(2.24996946960921,-15.4567458359988,3.32343294731581));
#12745=CARTESIAN_POINT('Ctrl Pts',(1.39499999999999,-15.4567458359988,3.32343294731581));
#12746=CARTESIAN_POINT('Ctrl Pts',(4.64405541322294,-13.708946010195,5.1809330173887));
#12747=CARTESIAN_POINT('Ctrl Pts',(4.40387634703517,-14.1110293971376,4.7842300284078));
#12748=CARTESIAN_POINT('Ctrl Pts',(3.52318959362246,-14.9375529754766,3.96955458744844));
#12749=CARTESIAN_POINT('Ctrl Pts',(2.1691952867425,-15.2767885193296,3.63581814902105));
#12750=CARTESIAN_POINT('Ctrl Pts',(1.39499999999999,-15.2767885193296,3.63581814902105));
#12751=CARTESIAN_POINT('Ctrl Pts',(4.24215875957081,-13.8600665183168,5.56127871954194));
#12752=CARTESIAN_POINT('Ctrl Pts',(4.02424935648704,-14.2265041257648,5.22433627432091));
#12753=CARTESIAN_POINT('Ctrl Pts',(3.23934849959473,-14.9738044132822,4.54131784204214));
#12754=CARTESIAN_POINT('Ctrl Pts',(2.06541812850016,-15.2755084865711,4.268945633351));
#12755=CARTESIAN_POINT('Ctrl Pts',(1.39499999999999,-15.2755084865711,4.268945633351));
#12756=CARTESIAN_POINT('Ctrl Pts',(4.14130709624453,-14.1204198415288,5.87915365156627));
#12757=CARTESIAN_POINT('Ctrl Pts',(3.93923902346592,-14.4878387244261,5.5617372378174));
#12758=CARTESIAN_POINT('Ctrl Pts',(3.19706350821716,-15.2463165620778,4.90973791696467));
#12759=CARTESIAN_POINT('Ctrl Pts',(2.05038061004028,-15.5605411116049,4.64225202343837));
#12760=CARTESIAN_POINT('Ctrl Pts',(1.39499999999999,-15.5605411116049,4.64225202343837));
#12761=CARTESIAN_POINT('Ctrl Pts',(4.16338006985077,-14.2946379451389,6.04078224587905));
#12762=CARTESIAN_POINT('Ctrl Pts',(3.96931204549477,-14.6708464241816,5.72128313067049));
#12763=CARTESIAN_POINT('Ctrl Pts',(3.23803845815856,-15.4553840443593,5.05500608095454));
#12764=CARTESIAN_POINT('Ctrl Pts',(2.06658204878078,-15.7872660321342,4.77315171733795));
#12765=CARTESIAN_POINT('Ctrl Pts',(1.39499999999999,-15.7872660321342,4.77315171733795));
#12766=CARTESIAN_POINT('',(1.39499999999999,-15.5801592509476,3.20001953236696));
#12767=CARTESIAN_POINT('Origin',(1.39499999999999,-16.2872660321342,3.90712631355351));
#12768=CARTESIAN_POINT('',(5.08617342646769,-13.7801787833146,5.));
#12769=CARTESIAN_POINT('Origin',(1.39499999999999,-12.6519560206721,6.12822276264247));
#12770=CARTESIAN_POINT('Ctrl Pts',(5.0861734264677,-13.7801787833146,5.00000000000001));
#12771=CARTESIAN_POINT('Ctrl Pts',(4.9351426767668,-13.7801787833146,5.00000000000001));
#12772=CARTESIAN_POINT('Ctrl Pts',(4.78532096026651,-13.8064998948543,5.01519650083283));
#12773=CARTESIAN_POINT('Ctrl Pts',(4.47931165363837,-13.9093102392846,5.07455408086513));
#12774=CARTESIAN_POINT('Ctrl Pts',(4.3266505705815,-13.9934553057015,5.12313525761191));
#12775=CARTESIAN_POINT('Ctrl Pts',(4.07782223736459,-14.1933807946884,5.2385622924964));
#12776=CARTESIAN_POINT('Ctrl Pts',(3.9760191395293,-14.3077730900256,5.30460671500254));
#12777=CARTESIAN_POINT('Ctrl Pts',(3.86969207021937,-14.4943552454446,5.41232997265964));
#12778=CARTESIAN_POINT('Ctrl Pts',(3.84191984778342,-14.5580988170995,5.4491323408039));
#12779=CARTESIAN_POINT('Ctrl Pts',(3.80665408272979,-14.680595609098,5.51985589663914));
#12780=CARTESIAN_POINT('Ctrl Pts',(3.79699491872763,-14.7386769526755,5.5533891760983));
#12781=CARTESIAN_POINT('Ctrl Pts',(3.79527707628952,-14.7971592138931,5.58715392535508));
#12782=CARTESIAN_POINT('Origin',(-1.87499999999998,-16.2872660321342,3.90712631355351));
#12783=CARTESIAN_POINT('',(-1.39499999999999,-15.5801592509476,3.20001953236696));
#12784=CARTESIAN_POINT('Origin',(-1.39499999999999,-16.2872660321342,3.90712631355351));
#12785=CARTESIAN_POINT('',(-1.87499999999998,-15.5801592509476,3.20001953236696));
#12786=CARTESIAN_POINT('Ctrl Pts',(-4.16338006985078,-14.2946379451389,
6.04078224587905));
#12787=CARTESIAN_POINT('Ctrl Pts',(-3.96931204549478,-14.6708464241816,
5.72128313067049));
#12788=CARTESIAN_POINT('Ctrl Pts',(-3.23803845815857,-15.4553840443593,
5.05500608095454));
#12789=CARTESIAN_POINT('Ctrl Pts',(-2.06658204878078,-15.7872660321342,
4.77315171733795));
#12790=CARTESIAN_POINT('Ctrl Pts',(-1.39499999999999,-15.7872660321342,
4.77315171733795));
#12791=CARTESIAN_POINT('Ctrl Pts',(-4.14866475411328,-14.1784925427322,
5.93302984967053));
#12792=CARTESIAN_POINT('Ctrl Pts',(-3.94929165476927,-14.5489342344712,
5.61480593630759));
#12793=CARTESIAN_POINT('Ctrl Pts',(-3.21079731451419,-15.3160837211585,
4.95806446989926));
#12794=CARTESIAN_POINT('Ctrl Pts',(-2.05604435963836,-15.6361160851147,
4.68588525473823));
#12795=CARTESIAN_POINT('Ctrl Pts',(-1.39499999999999,-15.6361160851147,
4.68588525473823));
#12796=CARTESIAN_POINT('Ctrl Pts',(-4.19087217350159,-13.9615965824906,
5.69206052675994));
#12797=CARTESIAN_POINT('Ctrl Pts',(-3.97941596874312,-14.3273421199258,
5.36464818148282));
#12798=CARTESIAN_POINT('Ctrl Pts',(-3.21337401084457,-15.0763217361723,
4.69855246301683));
#12799=CARTESIAN_POINT('Ctrl Pts',(-2.0561398104537,-15.3814394257047,4.43072070152015));
#12800=CARTESIAN_POINT('Ctrl Pts',(-1.39499999999999,-15.3814394257047,
4.43072070152015));
#12801=CARTESIAN_POINT('Ctrl Pts',(-4.49758318274287,-13.7176668860347,
5.27319558273223));
#12802=CARTESIAN_POINT('Ctrl Pts',(-4.26367180504503,-14.1044760189801,
4.89701421755441));
#12803=CARTESIAN_POINT('Ctrl Pts',(-3.41447242535835,-14.8953668572091,
4.12954204622783));
#12804=CARTESIAN_POINT('Ctrl Pts',(-2.12930084837117,-15.2163375580823,
3.81949780992869));
#12805=CARTESIAN_POINT('Ctrl Pts',(-1.39499999999999,-15.2163375580823,
3.81949780992869));
#12806=CARTESIAN_POINT('Ctrl Pts',(-4.8648277867982,-13.7170555938824,5.06312318943216));
#12807=CARTESIAN_POINT('Ctrl Pts',(-4.61533418065069,-14.1434208867829,
4.63656403543829));
#12808=CARTESIAN_POINT('Ctrl Pts',(-3.6874723470167,-15.0266659313695,3.75335769227537));
#12809=CARTESIAN_POINT('Ctrl Pts',(-2.22962993117534,-15.3950391285244,
3.38513965479023));
#12810=CARTESIAN_POINT('Ctrl Pts',(-1.39499999999999,-15.3950391285244,
3.38513965479023));
#12811=CARTESIAN_POINT('Ctrl Pts',(-5.0861734264677,-13.7801787833146,5.00000000000001));
#12812=CARTESIAN_POINT('Ctrl Pts',(-4.82741606065971,-14.233853693987,4.54632508932764));
#12813=CARTESIAN_POINT('Ctrl Pts',(-3.85238461087809,-15.1799382576816,
3.60024052563296));
#12814=CARTESIAN_POINT('Ctrl Pts',(-2.29044273170771,-15.5801592509476,
3.20001953236696));
#12815=CARTESIAN_POINT('Ctrl Pts',(-1.39499999999999,-15.5801592509476,
3.20001953236696));
#12816=CARTESIAN_POINT('',(-5.08617342646769,-13.7801787833146,5.));
#12817=CARTESIAN_POINT('',(-3.79527707628953,-14.7971592138932,5.58715392535515));
#12818=CARTESIAN_POINT('Ctrl Pts',(-3.79527707628953,-14.7971592138932,
5.58715392535515));
#12819=CARTESIAN_POINT('Ctrl Pts',(-3.79799352832583,-14.7046802681824,
5.53376118115466));
#12820=CARTESIAN_POINT('Ctrl Pts',(-3.8205495419074,-14.6133925422412,5.48105618800881));
#12821=CARTESIAN_POINT('Ctrl Pts',(-3.90892558141525,-14.4078854913809,
5.36240663687421));
#12822=CARTESIAN_POINT('Ctrl Pts',(-3.98746772354861,-14.2973875346128,
5.29861061178925));
#12823=CARTESIAN_POINT('Ctrl Pts',(-4.19905713727209,-14.0826589699899,
5.17463701720155));
#12824=CARTESIAN_POINT('Ctrl Pts',(-4.34308818311776,-13.9826300243851,
5.11688527852987));
#12825=CARTESIAN_POINT('Ctrl Pts',(-4.59391192073634,-13.8681519005874,
5.05079130293892));
#12826=CARTESIAN_POINT('Ctrl Pts',(-4.69108467908021,-13.8351800520851,
5.03175499735984));
#12827=CARTESIAN_POINT('Ctrl Pts',(-4.88784696560784,-13.7915859798288,
5.0065859480076));
#12828=CARTESIAN_POINT('Ctrl Pts',(-4.98682591047065,-13.7801787833146,
5.00000000000002));
#12829=CARTESIAN_POINT('Ctrl Pts',(-5.0861734264677,-13.7801787833146,5.00000000000002));
#12830=CARTESIAN_POINT('Origin',(-1.39499999999999,-12.6519560206721,6.12822276264247));
#12831=CARTESIAN_POINT('Ctrl Pts',(-3.79514490008525,-14.8158283505297,
5.59815566340194));
#12832=CARTESIAN_POINT('Ctrl Pts',(-3.79504931585116,-14.8096364572018,
5.59443358588266));
#12833=CARTESIAN_POINT('Ctrl Pts',(-3.79509334024874,-14.8034143272225,
5.59076531671963));
#12834=CARTESIAN_POINT('Ctrl Pts',(-3.79527707628953,-14.7971592138932,
5.58715392535515));
#12835=CARTESIAN_POINT('Origin',(1.89736659610147,-14.1801787833144,6.385640646055));
#12836=CARTESIAN_POINT('',(-3.19473319220294,-14.6801787833144,5.51961524227056));
#12837=CARTESIAN_POINT('',(-3.19473319220294,-15.1801787833144,6.385640646055));
#12838=CARTESIAN_POINT('Origin',(-3.19473319220294,-14.1801787833144,6.385640646055));
#12839=CARTESIAN_POINT('',(1.89736659610147,-15.1801787833144,6.385640646055));
#12840=CARTESIAN_POINT('',(1.89736659610147,-14.6801787833144,5.51961524227056));
#12841=CARTESIAN_POINT('Ctrl Pts',(-3.19473319220294,-15.1801787833144,
6.385640646055));
#12842=CARTESIAN_POINT('Ctrl Pts',(-3.28449298230551,-15.1801787833144,
6.385640646055));
#12843=CARTESIAN_POINT('Ctrl Pts',(-3.46375542579791,-15.2212153699815,
6.44882060434525));
#12844=CARTESIAN_POINT('Ctrl Pts',(-3.71616438524329,-15.421911369983,6.75781231001496));
#12845=CARTESIAN_POINT('Ctrl Pts',(-3.79473319220294,-15.6455390981606,
7.1021097208459));
#12846=CARTESIAN_POINT('Ctrl Pts',(-3.79473319220294,-15.7801787833144,
7.30940107675838));
#12847=CARTESIAN_POINT('Ctrl Pts',(-3.19473319220294,-15.1801787833144,
6.18617444582708));
#12848=CARTESIAN_POINT('Ctrl Pts',(-3.30163782452034,-15.1801787833144,
6.18617444582708));
#12849=CARTESIAN_POINT('Ctrl Pts',(-3.51550543580899,-15.2373186824406,
6.24660336676884));
#12850=CARTESIAN_POINT('Ctrl Pts',(-3.78915724638477,-15.508577453961,6.53963218292698));
#12851=CARTESIAN_POINT('Ctrl Pts',(-3.8293293915098,-15.7849386030397,6.86190482825094));
#12852=CARTESIAN_POINT('Ctrl Pts',(-3.79473319220294,-15.9297784334853,
7.05028688186778));
#12853=CARTESIAN_POINT('Ctrl Pts',(-3.19473319220294,-15.0724614309147,
5.83783829203699));
#12854=CARTESIAN_POINT('Ctrl Pts',(-3.34794731654782,-15.0724614309147,
5.83783829203699));
#12855=CARTESIAN_POINT('Ctrl Pts',(-3.65324397143132,-15.1562189722924,
5.89308252278738));
#12856=CARTESIAN_POINT('Ctrl Pts',(-4.04689404697426,-15.5557663640194,
6.1595979919527));
#12857=CARTESIAN_POINT('Ctrl Pts',(-4.09916159188302,-15.9693099625781,
6.44335459745975));
#12858=CARTESIAN_POINT('Ctrl Pts',(-4.04581528325751,-16.1888069981481,
6.60163624726031));
#12859=CARTESIAN_POINT('Ctrl Pts',(-3.19473319220294,-14.8097358807597,
5.59441506735603));
#12860=CARTESIAN_POINT('Ctrl Pts',(-3.40826311043024,-14.8097358807597,
5.59441506735603));
#12861=CARTESIAN_POINT('Ctrl Pts',(-3.83446661982468,-14.9122970220983,
5.65375527935898));
#12862=CARTESIAN_POINT('Ctrl Pts',(-4.42382750735578,-15.4115101239299,
5.94180246081754));
#12863=CARTESIAN_POINT('Ctrl Pts',(-4.58622337339326,-15.9586840556975,
6.25809467626107));
#12864=CARTESIAN_POINT('Ctrl Pts',(-4.57033371694653,-16.2801787833144,
6.44337567297394));
#12865=CARTESIAN_POINT('Ctrl Pts',(-3.19473319220294,-14.6801787833144,
5.51961524227056));
#12866=CARTESIAN_POINT('Ctrl Pts',(-3.43409263247645,-14.6801787833144,
5.51961524227056));
#12867=CARTESIAN_POINT('Ctrl Pts',(-3.91212581512285,-14.7896096810932,
5.58279520056081));
#12868=CARTESIAN_POINT('Ctrl Pts',(-4.58521637364388,-15.3247990144305,
5.89178690623052));
#12869=CARTESIAN_POINT('Ctrl Pts',(-4.79473319220294,-15.9211396229041,
6.23608431706146));
#12870=CARTESIAN_POINT('Ctrl Pts',(-4.79473319220294,-16.2801787833144,
6.44337567297394));
#12871=CARTESIAN_POINT('',(-3.79473319220294,-15.7801787833144,7.30940107675838));
#12872=CARTESIAN_POINT('Ctrl Pts',(-3.79473319220294,-15.4661740296486,
6.40232660272607));
#12873=CARTESIAN_POINT('Ctrl Pts',(-3.79473319220294,-15.5875676848787,
6.67262188583309));
#12874=CARTESIAN_POINT('Ctrl Pts',(-3.79473319220294,-15.6805241870686,
6.97917043000681));
#12875=CARTESIAN_POINT('Ctrl Pts',(-3.79473319220294,-15.778158279081,7.30270532196745));
#12876=CARTESIAN_POINT('Ctrl Pts',(-3.79473319220294,-15.7791685379587,
7.30605322176875));
#12877=CARTESIAN_POINT('Ctrl Pts',(-3.79473319220294,-15.7801787833144,
7.30940107675838));
#12878=CARTESIAN_POINT('Origin',(-3.19473319220294,-15.7801787833144,7.30940107675838));
#12879=CARTESIAN_POINT('',(-3.795,-14.7970470428891,5.5870891633957));
#12880=CARTESIAN_POINT('Origin',(-3.19473319220294,-16.2801787833144,6.44337567297394));
#12881=CARTESIAN_POINT('Ctrl Pts',(-3.79482278478313,-14.7971736959646,
5.58716228658294));
#12882=CARTESIAN_POINT('Ctrl Pts',(-3.79491514717539,-14.7972110139705,
5.58718383214375));
#12883=CARTESIAN_POINT('Ctrl Pts',(-3.79500750609152,-14.7972483406239,
5.58720538269711));
#12884=CARTESIAN_POINT('Ctrl Pts',(-3.79509986152985,-14.7972856759242,
5.58722693824281));
#12885=CARTESIAN_POINT('',(-3.79473319220294,-15.1008884367583,5.8301551915297));
#12886=CARTESIAN_POINT('Ctrl Pts',(-3.8326386679925,-15.104523927452,5.82385837722049));
#12887=CARTESIAN_POINT('Ctrl Pts',(-3.81991914653036,-15.1033255300496,
5.82593406240913));
#12888=CARTESIAN_POINT('Ctrl Pts',(-3.80728641230939,-15.1021118432579,
5.82803622959674));
#12889=CARTESIAN_POINT('Ctrl Pts',(-3.79473319447835,-15.1008884483694,
5.83015521170136));
#12890=CARTESIAN_POINT('Ctrl Pts',(-3.74726803063204,-15.0963178123828,
5.83836168686573));
#12891=CARTESIAN_POINT('Ctrl Pts',(-3.7628720314812,-15.0978788580596,5.83565900846964));
#12892=CARTESIAN_POINT('Ctrl Pts',(-3.77859927333132,-15.0994424934322,
5.83296909005215));
#12893=CARTESIAN_POINT('Ctrl Pts',(-3.79444929393445,-15.1009885706381,
5.83030513253748));
#12894=CARTESIAN_POINT('Origin',(0.,-13.7801787833146,5.00000000000002));
#12895=CARTESIAN_POINT('',(-3.74999999999997,-13.7801787833146,5.));
#12896=CARTESIAN_POINT('Origin',(-3.795,-15.1801787833144,5.69282032302745));
#12897=CARTESIAN_POINT('Origin',(-3.79473319220294,-15.1801787833144,5.));
#12898=CARTESIAN_POINT('',(-3.79473319220294,-15.8877979098911,7.5));
#12899=CARTESIAN_POINT('',(-3.79473319220294,-15.8877979098911,5.));
#12900=CARTESIAN_POINT('',(-3.79473319220294,-15.7801787833144,7.5));
#12901=CARTESIAN_POINT('',(-3.79473319220294,-16.1801787833145,7.5));
#12902=CARTESIAN_POINT('',(-3.79473319220294,-15.7801787833144,5.));
#12903=CARTESIAN_POINT('Origin',(0.,1.4198212166854,5.));
#12904=CARTESIAN_POINT('',(3.30364455102803,-16.4778303801153,7.5));
#12905=CARTESIAN_POINT('',(3.30364455102803,-16.4778303801153,5.));
#12906=CARTESIAN_POINT('',(-3.30364455102804,-16.4778303801153,7.5));
#12907=CARTESIAN_POINT('Origin',(0.,1.4198212166854,7.5));
#12908=CARTESIAN_POINT('',(-3.30364455102804,-16.4778303801153,5.));
#12909=CARTESIAN_POINT('Origin',(3.19473319220293,-15.8877979098911,5.));
#12910=CARTESIAN_POINT('',(3.79473319220293,-15.8877979098911,7.5));
#12911=CARTESIAN_POINT('',(3.79473319220293,-15.8877979098911,5.));
#12912=CARTESIAN_POINT('Origin',(3.19473319220293,-15.8877979098911,7.5));
#12913=CARTESIAN_POINT('Origin',(3.79473319220293,-16.3801787833144,5.));
#12914=CARTESIAN_POINT('',(3.79473319220293,-15.7801787833144,7.5));
#12915=CARTESIAN_POINT('',(3.79473319220293,-15.7801787833144,5.));
#12916=CARTESIAN_POINT('',(3.79473319220293,-15.5801787833145,7.5));
#12917=CARTESIAN_POINT('Origin',(3.79473319220293,-15.1801787833144,5.69282032302745));
#12918=CARTESIAN_POINT('Origin',(2.5,39.6868425672872,3.));
#12919=CARTESIAN_POINT('',(2.99998848760727,39.8985592130894,0.00747998137184572));
#12920=CARTESIAN_POINT('Ctrl Pts',(2.99862904890417,39.686842567287,1.03025214962565E-30));
#12921=CARTESIAN_POINT('Ctrl Pts',(2.9994965725505,39.7574731771669,-3.55484639638331E-15));
#12922=CARTESIAN_POINT('Ctrl Pts',(2.99991582111122,39.8280898091409,0.00249436866323039));
#12923=CARTESIAN_POINT('Ctrl Pts',(2.99998848760727,39.8985592130894,0.00747998137184569));
#12924=CARTESIAN_POINT('',(3.,39.9209943710755,0.00915180378831565));
#12925=CARTESIAN_POINT('Ctrl Pts',(2.99998848760727,39.8985592130894,0.00747998137184569));
#12926=CARTESIAN_POINT('Ctrl Pts',(2.99999620252254,39.9060408657156,0.00800929793086835));
#12927=CARTESIAN_POINT('Ctrl Pts',(3.,39.9135192998354,0.00856658471349679));
#12928=CARTESIAN_POINT('Ctrl Pts',(3.,39.9209943710755,0.00915180378831648));
#12929=CARTESIAN_POINT('',(3.,42.6776907634989,2.76584819621169));
#12930=CARTESIAN_POINT('Origin',(3.,39.6868425672872,3.));
#12931=CARTESIAN_POINT('',(2.99998848760727,42.6793625859153,2.78828335419776));
#12932=CARTESIAN_POINT('Ctrl Pts',(3.,42.6776907634988,2.76584819621169));
#12933=CARTESIAN_POINT('Ctrl Pts',(3.,42.6782760442573,2.7733240553434));
#12934=CARTESIAN_POINT('Ctrl Pts',(2.99999620175506,42.6788333220131,2.78080244585137));
#12935=CARTESIAN_POINT('Ctrl Pts',(2.99998848760727,42.6793625859153,2.78828335419776));
#12936=CARTESIAN_POINT('',(2.99862904890417,42.6868425672872,3.00000000000015));
#12937=CARTESIAN_POINT('Ctrl Pts',(2.99998848760727,42.6793625859153,2.78828335419776));
#12938=CARTESIAN_POINT('Ctrl Pts',(2.99994382606346,42.682426792565,2.83159454357429));
#12939=CARTESIAN_POINT('Ctrl Pts',(2.99976803160283,42.6845523837241,2.87499567283173));
#12940=CARTESIAN_POINT('Ctrl Pts',(2.99923018409233,42.686473634257,2.94565256277146));
#12941=CARTESIAN_POINT('Ctrl Pts',(2.99896268795375,42.6868425672872,2.97283632595961));
#12942=CARTESIAN_POINT('Ctrl Pts',(2.99862904890417,42.6868425672872,3.00000000000015));
#12943=CARTESIAN_POINT('',(2.5,42.6868425672872,3.));
#12944=CARTESIAN_POINT('Origin',(5.,42.6868425672872,0.));
#12945=CARTESIAN_POINT('Ctrl Pts',(2.95361394349716,42.6868425672872,4.49999999999977));
#12946=CARTESIAN_POINT('Ctrl Pts',(2.96286225428836,42.6868425672872,4.18382105482572));
#12947=CARTESIAN_POINT('Ctrl Pts',(2.97553383477315,42.6868425672872,3.86739534910612));
#12948=CARTESIAN_POINT('Ctrl Pts',(2.99061013247137,42.6868425672872,3.40013448603536));
#12949=CARTESIAN_POINT('Ctrl Pts',(2.99624298558123,42.6868425672872,3.19426456953026));
#12950=CARTESIAN_POINT('Ctrl Pts',(2.99862904890417,42.6868425672872,3.00000000000015));
#12951=CARTESIAN_POINT('Origin',(0.,37.2868425672872,5.4));
#12952=CARTESIAN_POINT('',(-2.99998848760727,42.6793625859153,2.78828335419776));
#12953=CARTESIAN_POINT('Origin',(0.,42.6868425672872,2.7846606338756));
#12954=CARTESIAN_POINT('',(-2.99862904890417,42.6868425672872,3.00000000000015));
#12955=CARTESIAN_POINT('Ctrl Pts',(-2.99862904890417,42.6868425672872,3.00000000000015));
#12956=CARTESIAN_POINT('Ctrl Pts',(-2.99949657397532,42.6868425672872,2.92936927411706));
#12957=CARTESIAN_POINT('Ctrl Pts',(-2.9999158212292,42.6843481905292,2.85875264373138));
#12958=CARTESIAN_POINT('Ctrl Pts',(-2.99998848760727,42.6793625859153,2.78828335419776));
#12959=CARTESIAN_POINT('Ctrl Pts',(-2.99862904890417,42.6868425672872,3.00000000000015));
#12960=CARTESIAN_POINT('Ctrl Pts',(-2.99624298558123,42.6868425672872,3.19426456953026));
#12961=CARTESIAN_POINT('Ctrl Pts',(-2.99061013247138,42.6868425672872,3.40013448603536));
#12962=CARTESIAN_POINT('Ctrl Pts',(-2.97553383477315,42.6868425672872,3.86739534910601));
#12963=CARTESIAN_POINT('Ctrl Pts',(-2.96286225428837,42.6868425672872,4.18382105482548));
#12964=CARTESIAN_POINT('Ctrl Pts',(-2.95361394349717,42.6868425672872,4.49999999999941));
#12965=CARTESIAN_POINT('Origin',(0.,43.2868425672872,5.4));
#12966=CARTESIAN_POINT('Origin',(2.5,39.6868425672872,3.));
#12967=CARTESIAN_POINT('',(2.5,42.6868425672872,3.));
#12968=CARTESIAN_POINT('',(-3.,42.6776907634989,2.76584819621169));
#12969=CARTESIAN_POINT('Ctrl Pts',(-2.99998848760727,42.6793625859153,2.78828335419776));
#12970=CARTESIAN_POINT('Ctrl Pts',(-2.99999620252254,42.6788332693563,2.78080170157161));
#12971=CARTESIAN_POINT('Ctrl Pts',(-3.,42.6782759825737,2.77332326745178));
#12972=CARTESIAN_POINT('Ctrl Pts',(-3.,42.6776907634988,2.76584819621169));
#12973=CARTESIAN_POINT('',(-3.,39.9209943710755,0.00915180378831565));
#12974=CARTESIAN_POINT('Origin',(-3.,39.6868425672872,3.));
#12975=CARTESIAN_POINT('',(-2.99998848760727,39.8985592130894,0.00747998137184564));
#12976=CARTESIAN_POINT('Ctrl Pts',(-3.,39.9209943710755,0.00915180378831648));
#12977=CARTESIAN_POINT('Ctrl Pts',(-3.,39.9135185119438,0.00856652302991013));
#12978=CARTESIAN_POINT('Ctrl Pts',(-2.99999620175506,39.9060401214358,0.00800924527410653));
#12979=CARTESIAN_POINT('Ctrl Pts',(-2.99998848760727,39.8985592130894,0.00747998137184569));
#12980=CARTESIAN_POINT('Ctrl Pts',(-2.99998848760727,39.8985592130894,0.00747998137184569));
#12981=CARTESIAN_POINT('Ctrl Pts',(-2.99993689813937,39.84852956737,0.00394045324289407));
#12982=CARTESIAN_POINT('Ctrl Pts',(-2.99971039971363,39.7983816649857,0.00165344694148588));
#12983=CARTESIAN_POINT('Ctrl Pts',(-2.99909348474167,39.727712835318,0.000208676729691835));
#12984=CARTESIAN_POINT('Ctrl Pts',(-2.99887997177949,39.7072717922323,-1.02820514789839E-15));
#12985=CARTESIAN_POINT('Ctrl Pts',(-2.99862904890417,39.686842567287,1.03037252024717E-30));
#12986=CARTESIAN_POINT('Origin',(0.,37.2868425672872,5.4));
#12987=CARTESIAN_POINT('Origin',(0.,39.9021819334116,1.38777878078145E-15));
#12988=CARTESIAN_POINT('Origin',(-3.,37.2868425672872,5.4));
#12989=CARTESIAN_POINT('Origin',(3.,37.2868425672872,5.4));
#12990=CARTESIAN_POINT('Origin',(5.,42.6868425672872,0.));
#12991=CARTESIAN_POINT('Origin',(10.,21.1334900099345,0.));
#12992=CARTESIAN_POINT('',(7.86142001710864,16.6139241395464,2.0547096093384));
#12993=CARTESIAN_POINT('Ctrl Pts',(5.,21.1334900099345,4.07106781186549));
#12994=CARTESIAN_POINT('Ctrl Pts',(5.,21.130131892752,4.06957657228412));
#12995=CARTESIAN_POINT('Ctrl Pts',(5.00000338308532,21.1267737811821,4.06808532082938));
#12996=CARTESIAN_POINT('Ctrl Pts',(5.00122787522116,20.5190461699957,3.79820643265815));
#12997=CARTESIAN_POINT('Ctrl Pts',(5.11202049770619,19.9168990193701,3.53032430570656));
#12998=CARTESIAN_POINT('Ctrl Pts',(5.56256419998455,18.7392281533459,3.00548941472225));
#12999=CARTESIAN_POINT('Ctrl Pts',(5.91487842274994,18.1737471649975,2.75294728979438));
#13000=CARTESIAN_POINT('Ctrl Pts',(6.79434509122911,17.2486361080936,2.33918353205437));
#13001=CARTESIAN_POINT('Ctrl Pts',(7.29572940205513,16.8815991022656,2.17472809326316));
#13002=CARTESIAN_POINT('Ctrl Pts',(7.86142001710864,16.6139241395464,2.0547096093384));
#13003=CARTESIAN_POINT('',(7.86142001710864,16.6139241395464,0.));
#13004=CARTESIAN_POINT('Ctrl Pts',(8.48779559198771,17.9376743349638,0.535533905932748));
#13005=CARTESIAN_POINT('Ctrl Pts',(8.3900398815068,16.3118799929388,2.04692251115956));
#13006=CARTESIAN_POINT('Ctrl Pts',(8.27500400841065,14.6834987647176,3.54149342869462));
#13007=CARTESIAN_POINT('Ctrl Pts',(8.13088336627715,13.0550042391413,5.));
#13008=CARTESIAN_POINT('Ctrl Pts',(7.34077673857565,18.1817270987808,0.80552970952973));
#13009=CARTESIAN_POINT('Ctrl Pts',(7.26929192660235,16.566140281445,2.33205465161666));
#13010=CARTESIAN_POINT('Ctrl Pts',(7.18503297791656,14.9475397425022,3.8430182021291));
#13011=CARTESIAN_POINT('Ctrl Pts',(7.08177624588424,13.3286345132146,5.32236171954886));
#13012=CARTESIAN_POINT('Ctrl Pts',(5.58217668347463,19.1144221717952,1.83737115156442));
#13013=CARTESIAN_POINT('Ctrl Pts',(5.5627094363635,17.4912042072984,3.37047553396841));
#13014=CARTESIAN_POINT('Ctrl Pts',(5.54045538334733,15.8634074215263,4.89027694997787));
#13015=CARTESIAN_POINT('Ctrl Pts',(5.51290916809374,14.2248705384725,6.37821048190611));
#13016=CARTESIAN_POINT('Ctrl Pts',(5.,20.5282822354666,3.4015258781665));
#13017=CARTESIAN_POINT('Ctrl Pts',(5.00010338982325,18.8708186451962,4.91937256574953));
#13018=CARTESIAN_POINT('Ctrl Pts',(4.99987907732493,17.201506254514,6.4215181010859));
#13019=CARTESIAN_POINT('Ctrl Pts',(5.,15.5070880727529,7.8887810888544));
#13020=CARTESIAN_POINT('Ctrl Pts',(5.,21.1334900099345,4.07106781186548));
#13021=CARTESIAN_POINT('Ctrl Pts',(5.,19.4614393655027,5.58245641709229));
#13022=CARTESIAN_POINT('Ctrl Pts',(5.,17.7743265820964,7.07702733462736));
#13023=CARTESIAN_POINT('Ctrl Pts',(5.,16.0560712176575,8.53553390593274));
#13024=CARTESIAN_POINT('',(8.13088336627478,13.0550042391512,4.99999999998568));
#13025=CARTESIAN_POINT('Ctrl Pts',(5.26263996653803,17.6941285061179,5.));
#13026=CARTESIAN_POINT('Ctrl Pts',(5.39230521382677,17.1135741269769,5.));
#13027=CARTESIAN_POINT('Ctrl Pts',(5.56855824608796,16.5554366160327,5.));
#13028=CARTESIAN_POINT('Ctrl Pts',(6.05297494336068,15.4034208588361,5.));
#13029=CARTESIAN_POINT('Ctrl Pts',(6.39291539875309,14.7965295584193,5.0000000007053));
#13030=CARTESIAN_POINT('Ctrl Pts',(7.18478603069125,13.7918546702169,5.0000000007053));
#13031=CARTESIAN_POINT('Ctrl Pts',(7.62434326701056,13.3704862100418,5.));
#13032=CARTESIAN_POINT('Ctrl Pts',(8.13088336627715,13.0550042391413,5.));
#13033=CARTESIAN_POINT('',(8.38674525516472,16.3550268732602,1.99999999999496));
#13034=CARTESIAN_POINT('Ctrl Pts',(8.13088336627715,13.0550042391413,5.));
#13035=CARTESIAN_POINT('Ctrl Pts',(8.2282627766292,14.1553451362854,4.01451653416346));
#13036=CARTESIAN_POINT('Ctrl Pts',(8.31236373267374,15.2556343082894,3.01256813532622));
#13037=CARTESIAN_POINT('Ctrl Pts',(8.38682768455155,16.35510870977,2.00009195589609));
#13038=CARTESIAN_POINT('Ctrl Pts',(8.38681932445566,16.3549852719597,2.00020562638287));
#13039=CARTESIAN_POINT('Ctrl Pts',(8.27263254509803,16.413549795861,2.00020620557435));
#13040=CARTESIAN_POINT('Ctrl Pts',(8.15902131427308,16.4704731160791,2.00783351714552));
#13041=CARTESIAN_POINT('Ctrl Pts',(8.04618202382914,16.5256618196279,2.02326621618324));
#13042=CARTESIAN_POINT('Ctrl Pts',(7.98456936582245,16.5557960282375,2.03169279884066));
#13043=CARTESIAN_POINT('Ctrl Pts',(7.923187608703,16.5854133292978,2.04244682356295));
#13044=CARTESIAN_POINT('Ctrl Pts',(7.86207474755409,16.6145000720592,2.05555964561264));
#13045=CARTESIAN_POINT('Origin',(0.,0.,0.));
#13046=CARTESIAN_POINT('',(10.4697169625344,15.1066020906232,2.));
#13047=CARTESIAN_POINT('Origin',(0.,0.,2.));
#13048=CARTESIAN_POINT('',(10.4697169625344,15.1066020906232,0.));
#13049=CARTESIAN_POINT('Origin',(0.,0.,3.5));
#13050=CARTESIAN_POINT('',(8.76084041805107,12.6408890181602,5.));
#13051=CARTESIAN_POINT('Origin',(0.,0.,5.));
#13052=CARTESIAN_POINT('',(10.4697169625344,15.1066020906232,2.));
#13053=CARTESIAN_POINT('Ctrl Pts',(-8.13088336627715,13.0550042391413,5.));
#13054=CARTESIAN_POINT('Ctrl Pts',(-8.27500400841065,14.6834987647176,3.54149342869462));
#13055=CARTESIAN_POINT('Ctrl Pts',(-8.3900398815068,16.3118799929388,2.04692251115956));
#13056=CARTESIAN_POINT('Ctrl Pts',(-8.4877955919877,17.9376743349638,0.535533905932744));
#13057=CARTESIAN_POINT('Ctrl Pts',(-7.08177624588424,13.3286345132146,5.32236171954886));
#13058=CARTESIAN_POINT('Ctrl Pts',(-7.18503297791656,14.9475397425022,3.84301820212909));
#13059=CARTESIAN_POINT('Ctrl Pts',(-7.26929192660235,16.566140281445,2.33205465161666));
#13060=CARTESIAN_POINT('Ctrl Pts',(-7.34077673857565,18.1817270987808,0.805529709529726));
#13061=CARTESIAN_POINT('Ctrl Pts',(-5.51290916809374,14.2248705384725,6.37821048190611));
#13062=CARTESIAN_POINT('Ctrl Pts',(-5.54045538334734,15.8634074215263,4.89027694997788));
#13063=CARTESIAN_POINT('Ctrl Pts',(-5.5627094363635,17.4912042072985,3.37047553396842));
#13064=CARTESIAN_POINT('Ctrl Pts',(-5.58217668347463,19.1144221717952,1.83737115156442));
#13065=CARTESIAN_POINT('Ctrl Pts',(-5.,15.5070880727529,7.88878108885441));
#13066=CARTESIAN_POINT('Ctrl Pts',(-4.99987907732493,17.201506254514,6.4215181010859));
#13067=CARTESIAN_POINT('Ctrl Pts',(-5.00010338982325,18.8708186451962,4.91937256574953));
#13068=CARTESIAN_POINT('Ctrl Pts',(-5.,20.5282822354666,3.40152587816649));
#13069=CARTESIAN_POINT('Ctrl Pts',(-5.,16.0560712176575,8.53553390593274));
#13070=CARTESIAN_POINT('Ctrl Pts',(-5.,17.7743265820964,7.07702733462736));
#13071=CARTESIAN_POINT('Ctrl Pts',(-5.,19.4614393655027,5.58245641709229));
#13072=CARTESIAN_POINT('Ctrl Pts',(-5.,21.1334900099345,4.07106781186548));
#13073=CARTESIAN_POINT('',(-8.13088336627478,13.0550042391512,4.99999999998568));
#13074=CARTESIAN_POINT('Ctrl Pts',(-8.38682768455155,16.35510870977,2.00009195589609));
#13075=CARTESIAN_POINT('Ctrl Pts',(-8.31236373267374,15.2556343082894,3.01256813532622));
#13076=CARTESIAN_POINT('Ctrl Pts',(-8.2282627766292,14.1553451362854,4.01451653416346));
#13077=CARTESIAN_POINT('Ctrl Pts',(-8.13088336627715,13.0550042391413,5.));
#13078=CARTESIAN_POINT('',(-5.26263996676144,17.6941284990481,4.99999999930693));
#13079=CARTESIAN_POINT('Ctrl Pts',(-8.13088336627715,13.0550042391413,5.));
#13080=CARTESIAN_POINT('Ctrl Pts',(-7.63326851312999,13.364927411754,5.));
#13081=CARTESIAN_POINT('Ctrl Pts',(-7.20031097951066,13.7770556656996,4.99999999977422));
#13082=CARTESIAN_POINT('Ctrl Pts',(-6.31687253801886,14.8864032777725,4.99999999977422));
#13083=CARTESIAN_POINT('Ctrl Pts',(-5.88839938978032,15.6854966692095,5.));
#13084=CARTESIAN_POINT('Ctrl Pts',(-5.45001979773428,16.9511240119244,5.));
#13085=CARTESIAN_POINT('Ctrl Pts',(-5.34624379387715,17.3198064040967,5.));
#13086=CARTESIAN_POINT('Ctrl Pts',(-5.26263996805262,17.6941284993366,5.));
#13087=CARTESIAN_POINT('Ctrl Pts',(-5.26263996796737,17.6941285057046,4.99999999471777));
#13088=CARTESIAN_POINT('Ctrl Pts',(-5.21834160255544,17.7741378700567,5.1044107695985));
#13089=CARTESIAN_POINT('Ctrl Pts',(-5.17933410432108,17.8668073951336,5.2007412718831));
#13090=CARTESIAN_POINT('Ctrl Pts',(-5.09544507003443,18.1308911297757,5.4207118235376));
#13091=CARTESIAN_POINT('Ctrl Pts',(-5.05994920744974,18.3108773708112,5.52727383262309));
#13092=CARTESIAN_POINT('Ctrl Pts',(-5.01064361292206,18.7197233076571,5.70668217902774));
#13093=CARTESIAN_POINT('Ctrl Pts',(-5.,18.9494809882192,5.77337351413832));
#13094=CARTESIAN_POINT('Ctrl Pts',(-5.,19.1816435617301,5.81925212918958));
#13095=CARTESIAN_POINT('Origin',(0.,0.,3.5));
#13096=CARTESIAN_POINT('',(-8.76084041805107,12.6408890181602,5.));
#13097=CARTESIAN_POINT('',(-10.4697169625344,15.1066020906232,2.));
#13098=CARTESIAN_POINT('Origin',(0.,0.,5.));
#13099=CARTESIAN_POINT('Origin',(0.,25.6868425672872,1.2));
#13100=CARTESIAN_POINT('Origin',(0.,22.6868425672872,-0.600000000000003));
#13101=CARTESIAN_POINT('Origin',(0.,37.2868425672872,5.4));
#13102=CARTESIAN_POINT('Origin',(0.,37.2868425672872,-0.599999999999999));
#13103=CARTESIAN_POINT('Origin',(0.,36.2368425672872,-0.6));
#13104=CARTESIAN_POINT('Origin',(0.,43.2868425672872,5.625));
#13105=CARTESIAN_POINT('Origin',(1.75,15.0354912291361,0.));
#13106=CARTESIAN_POINT('',(2.55,15.0354912291361,5.));
#13107=CARTESIAN_POINT('',(2.55,15.0354912291361,0.));
#13108=CARTESIAN_POINT('',(0.875,15.0354912291361,5.));
#13109=CARTESIAN_POINT('Origin',(2.55,15.8354912291361,0.));
#13110=CARTESIAN_POINT('',(1.75,15.8354912291361,5.));
#13111=CARTESIAN_POINT('',(1.75,15.8354912291361,0.));
#13112=CARTESIAN_POINT('Origin',(2.55,15.8354912291361,5.));
#13113=CARTESIAN_POINT('Origin',(1.75,19.5354912291361,0.));
#13114=CARTESIAN_POINT('',(1.75,18.7938679531254,5.));
#13115=CARTESIAN_POINT('',(1.75,18.7938679531254,0.));
#13116=CARTESIAN_POINT('',(1.75,16.2444115605612,5.));
#13117=CARTESIAN_POINT('Origin',(0.95,18.7938679531254,0.));
#13118=CARTESIAN_POINT('',(0.99367816091954,19.5926746996284,5.));
#13119=CARTESIAN_POINT('Origin',(0.95,18.7938679531254,5.));
#13120=CARTESIAN_POINT('',(0.99367816091954,19.5926746996284,0.));
#13121=CARTESIAN_POINT('Origin',(0.,12.9533318919863,5.));
#13122=CARTESIAN_POINT('',(-0.993678160919542,19.5926746996284,5.));
#13123=CARTESIAN_POINT('Origin',(0.,1.4198212166854,5.));
#13124=CARTESIAN_POINT('',(-1.75,18.7938679531254,5.));
#13125=CARTESIAN_POINT('Origin',(-0.950000000000002,18.7938679531254,5.));
#13126=CARTESIAN_POINT('',(-1.75,15.8354912291361,5.));
#13127=CARTESIAN_POINT('',(-1.75,13.9944115605612,5.));
#13128=CARTESIAN_POINT('',(-2.55,15.0354912291361,5.));
#13129=CARTESIAN_POINT('Origin',(-2.55,15.8354912291361,5.));
#13130=CARTESIAN_POINT('',(-4.18109290913369,15.0354912291361,5.));
#13131=CARTESIAN_POINT('',(-1.875,15.0354912291361,5.));
#13132=CARTESIAN_POINT('',(-5.07204160533787,15.765067052353,5.));
#13133=CARTESIAN_POINT('Origin',(-4.18109290913369,15.8354912291361,5.));
#13134=CARTESIAN_POINT('',(-5.12037979759366,16.2543018149763,5.));
#13135=CARTESIAN_POINT('',(-20.0051664151084,4.84794458780873,5.));
#13136=CARTESIAN_POINT('',(-4.21249463886538,15.7931460690936,5.));
#13137=CARTESIAN_POINT('',(-20.5521919872157,-1.14745568248719,5.));
#13138=CARTESIAN_POINT('Origin',(-21.92,2.,5.));
#13139=CARTESIAN_POINT('',(-10.9038653322032,-10.8466640409472,5.));
#13140=CARTESIAN_POINT('',(-20.0933233048898,-1.60874426839328,5.));
#13141=CARTESIAN_POINT('',(-6.8301590537766,-13.7801787833146,5.));
#13142=CARTESIAN_POINT('Origin',(0.,0.,5.));
#13143=CARTESIAN_POINT('',(-3.74999999999997,-13.7801787833146,5.));
#13144=CARTESIAN_POINT('',(6.8301590537766,-13.7801787833146,5.));
#13145=CARTESIAN_POINT('',(-3.74999999999997,-13.7801787833146,5.));
#13146=CARTESIAN_POINT('',(10.9038653322032,-10.8466640409472,5.));
#13147=CARTESIAN_POINT('Origin',(0.,0.,5.));
#13148=CARTESIAN_POINT('',(20.5521919872157,-1.14745568248719,5.));
#13149=CARTESIAN_POINT('',(15.7612976005974,-5.96361547274948,5.));
#13150=CARTESIAN_POINT('',(18.4881818181818,2.,5.));
#13151=CARTESIAN_POINT('Origin',(21.92,2.,5.));
#13152=CARTESIAN_POINT('',(20.0051664151084,4.84794458780873,5.));
#13153=CARTESIAN_POINT('Origin',(21.92,2.,5.));
#13154=CARTESIAN_POINT('',(12.6642056363358,9.93563943313215,5.));
#13155=CARTESIAN_POINT('',(6.34442966965075,-11.7801787833146,5.));
#13156=CARTESIAN_POINT('',(-6.34442966965075,-11.7801787833146,5.));
#13157=CARTESIAN_POINT('',(3.17221483482538,-11.7801787833146,5.));
#13158=CARTESIAN_POINT('Origin',(0.,0.,5.));
#13159=CARTESIAN_POINT('Origin',(0.,1.4198212166854,0.));
#13160=CARTESIAN_POINT('',(-0.993678160919542,19.5926746996284,0.));
#13161=CARTESIAN_POINT('Origin',(-0.950000000000002,18.7938679531254,0.));
#13162=CARTESIAN_POINT('',(-1.75,18.7938679531254,0.));
#13163=CARTESIAN_POINT('Origin',(-2.55,15.8354912291361,0.));
#13164=CARTESIAN_POINT('',(-2.55,15.0354912291361,0.));
#13165=CARTESIAN_POINT('',(-1.75,15.8354912291361,0.));
#13166=CARTESIAN_POINT('Origin',(-3.75,15.0354912291361,0.));
#13167=CARTESIAN_POINT('',(-4.95725145180171,15.0354912291361,3.44762930590737));
#13168=CARTESIAN_POINT('Origin',(-4.95725145180171,15.8354912291361,3.44762930590737));
#13169=CARTESIAN_POINT('',(-5.67002025434888,15.765067052353,3.80400139998867));
#13170=CARTESIAN_POINT('Origin',(-4.87394111238891,20.085533124611,6.25));
#13171=CARTESIAN_POINT('Origin',(-3.19473319220294,-15.7801787833144,5.));
#13172=CARTESIAN_POINT('',(-3.19473319220294,-15.1801787833144,7.5));
#13173=CARTESIAN_POINT('Origin',(-3.19473319220294,-15.7801787833144,7.5));
#13174=CARTESIAN_POINT('',(-3.19473319220294,-15.1801787833144,5.));
#13175=CARTESIAN_POINT('Origin',(-3.19473319220294,-15.8877979098911,5.));
#13176=CARTESIAN_POINT('Origin',(-3.19473319220294,-15.8877979098911,7.5));
#13177=CARTESIAN_POINT('Origin',(3.19473319220293,-15.7801787833144,5.));
#13178=CARTESIAN_POINT('',(3.19473319220293,-15.1801787833144,7.5));
#13179=CARTESIAN_POINT('',(3.19473319220293,-15.1801787833144,5.));
#13180=CARTESIAN_POINT('Origin',(3.19473319220293,-15.7801787833144,7.5));
#13181=CARTESIAN_POINT('Origin',(3.79473319220293,-15.1801787833144,5.));
#13182=CARTESIAN_POINT('',(-1.89736659610147,-15.1801787833144,7.5));
#13183=CARTESIAN_POINT('Origin',(-4.5,36.9314610714685,2.89999999999994));
#13184=CARTESIAN_POINT('',(-4.,31.1760795756499,3.4));
#13185=CARTESIAN_POINT('',(-4.09038130578621,31.175476620393,3.30961869421379));
#13186=CARTESIAN_POINT('',(-4.,35.176168585509,3.39999999999996));
#13187=CARTESIAN_POINT('',(-4.,36.9314610714685,3.39999999999994));
#13188=CARTESIAN_POINT('',(-4.49706144528302,35.172852570003,2.90293855471694));
#13189=CARTESIAN_POINT('Origin',(-5.,31.1760795756499,3.4));
#13190=CARTESIAN_POINT('',(4.,31.1760795756499,3.4));
#13191=CARTESIAN_POINT('',(-5.,31.1760795756499,3.4));
#13192=CARTESIAN_POINT('',(4.,35.176168585509,3.39999999999996));
#13193=CARTESIAN_POINT('',(4.,24.4314610714685,3.40000000000007));
#13194=CARTESIAN_POINT('',(-5.,35.176168585509,3.39999999999996));
#13195=CARTESIAN_POINT('Origin',(4.5,24.4314610714685,2.90000000000007));
#13196=CARTESIAN_POINT('',(2.01796423258056,35.1893912190497,5.38203576741939));
#13197=CARTESIAN_POINT('',(1.61128409308426,31.1920152694401,5.78871590691574));
#13198=CARTESIAN_POINT('Origin',(-3.,35.1868425672872,3.75));
#13199=CARTESIAN_POINT('Origin',(3.,35.1868425672872,3.75));
#13200=CARTESIAN_POINT('Origin',(-3.33066907387547E-15,-15.9801787833145,
7.5));
#13201=CARTESIAN_POINT('Origin',(-3.74999999999997,-15.2801787833146,3.5));
#13202=CARTESIAN_POINT('Ctrl Pts',(-6.8301590537766,-13.7801787833146,5.));
#13203=CARTESIAN_POINT('Ctrl Pts',(-7.06350524633184,-14.776409857839,4.00376892547557));
#13204=CARTESIAN_POINT('Ctrl Pts',(-7.28702329986592,-15.7817389361956,
2.99843984711896));
#13205=CARTESIAN_POINT('Ctrl Pts',(-7.49999999999992,-16.7801787833146,
2.));
#13206=CARTESIAN_POINT('',(-3.74999999999997,-16.7801787833146,2.));
#13207=CARTESIAN_POINT('Ctrl Pts',(6.83015905377661,-13.7801787833146,5.));
#13208=CARTESIAN_POINT('Ctrl Pts',(7.0635052463307,-14.7764098578342,4.00376892548044));
#13209=CARTESIAN_POINT('Ctrl Pts',(7.28702329986328,-15.7817389361833,2.99843984713129));
#13210=CARTESIAN_POINT('Ctrl Pts',(7.49999999999992,-16.7801787833146,1.99999999999998));
#13211=CARTESIAN_POINT('Origin',(-5.,35.176168585509,3.39999999999996));
#13212=CARTESIAN_POINT('',(-5.,35.1868425672872,5.));
#13213=CARTESIAN_POINT('Origin',(-5.,31.1867535574283,5.00000000000007));
#13214=CARTESIAN_POINT('',(-5.,31.1867535574283,5.00000000000007));
#13215=CARTESIAN_POINT('Origin',(-5.,35.1868425672872,5.));
#13216=CARTESIAN_POINT('Origin',(21.92,2.,4.75));
#13217=CARTESIAN_POINT('',(19.17,2.,7.5));
#13218=CARTESIAN_POINT('Origin',(21.92,2.,7.5));
#13219=CARTESIAN_POINT('',(18.42,2.,4.75));
#13220=CARTESIAN_POINT('Origin',(22.5656635843656,1.35772354392497,5.33928571428572));
#13221=CARTESIAN_POINT('',(24.340908438018,5.49309351932255,2.));
#13222=CARTESIAN_POINT('Origin',(21.92,2.,2.));
#13223=CARTESIAN_POINT('Origin',(22.438766093861,2.74852003985483,5.33928571428572));
#13224=CARTESIAN_POINT('Origin',(0.,2.,7.5));
#13225=CARTESIAN_POINT('',(20.17,2.,7.5));
#13226=CARTESIAN_POINT('Origin',(21.92,2.,7.5));
#13227=CARTESIAN_POINT('Origin',(-21.92,2.,4.75));
#13228=CARTESIAN_POINT('',(-24.67,2.,7.5));
#13229=CARTESIAN_POINT('Origin',(-21.92,2.,7.5));
#13230=CARTESIAN_POINT('',(-26.17,2.,2.));
#13231=CARTESIAN_POINT('',(-25.42,2.,4.75));
#13232=CARTESIAN_POINT('',(-24.9330967270392,-0.997290128350165,2.));
#13233=CARTESIAN_POINT('Origin',(-21.92,2.,2.));
#13234=CARTESIAN_POINT('Origin',(-22.5656635843656,1.35772354392496,5.33928571428571));
#13235=CARTESIAN_POINT('Origin',(-22.438766093861,2.74852003985483,5.33928571428571));
#13236=CARTESIAN_POINT('Origin',(-21.92,2.,2.));
#13237=CARTESIAN_POINT('Origin',(0.,2.,7.5));
#13238=CARTESIAN_POINT('',(-23.67,2.,7.5));
#13239=CARTESIAN_POINT('Origin',(-21.92,2.,7.5));
#13240=CARTESIAN_POINT('Origin',(0.,0.,1.5));
#13241=CARTESIAN_POINT('',(6.34442966965075,-11.7801787833146,3.));
#13242=CARTESIAN_POINT('Ctrl Pts',(7.0605038866399,-14.7801787833146,-1.11022302462516E-15));
#13243=CARTESIAN_POINT('Ctrl Pts',(6.83437773896627,-13.78221443088,0.997964352434617));
#13244=CARTESIAN_POINT('Ctrl Pts',(6.59535560143647,-12.775278679417,2.0049001038976));
#13245=CARTESIAN_POINT('Ctrl Pts',(6.34442966965075,-11.7801787833146,3.));
#13246=CARTESIAN_POINT('',(-6.34442966965075,-11.7801787833146,3.));
#13247=CARTESIAN_POINT('Origin',(0.,0.,3.));
#13248=CARTESIAN_POINT('Ctrl Pts',(-6.34442966965075,-11.7801787833146,
3.));
#13249=CARTESIAN_POINT('Ctrl Pts',(-6.59535560143652,-12.7752786794172,
2.0049001038974));
#13250=CARTESIAN_POINT('Ctrl Pts',(-6.83437773896638,-13.7822144308805,
0.9979643524341));
#13251=CARTESIAN_POINT('Ctrl Pts',(-7.0605038866399,-14.7801787833146,-1.38777878078145E-15));
#13252=CARTESIAN_POINT('Origin',(3.17221483482538,-13.2801787833146,1.5));
#13253=CARTESIAN_POINT('',(3.17221483482538,-11.7801787833146,3.));
#13254=CARTESIAN_POINT('Origin',(6.34442966965075,-11.7801787833146,0.));
#13255=CARTESIAN_POINT('',(-6.34442966965075,-11.7801787833146,0.));
#13256=CARTESIAN_POINT('',(6.34442966965075,-11.7801787833146,0.));
#13257=CARTESIAN_POINT('Origin',(13.5186439085774,11.1684959693636,3.5));
#13258=CARTESIAN_POINT('',(14.3730821808191,12.4013525055951,2.));
#13259=CARTESIAN_POINT('Origin',(24.340908438018,5.49309351932255,0.));
#13260=CARTESIAN_POINT('',(24.340908438018,5.49309351932255,0.));
#13261=CARTESIAN_POINT('Origin',(-6.5830481708356,15.9752502550139,3.5));
#13262=CARTESIAN_POINT('Origin',(0.,0.,3.5));
#13263=CARTESIAN_POINT('',(13.0307571395251,-12.9623982491944,2.));
#13264=CARTESIAN_POINT('Origin',(-21.1567692085507,-2.66661137251687,3.5));
#13265=CARTESIAN_POINT('',(-22.2202151122116,-3.72447847664045,2.));
#13266=CARTESIAN_POINT('',(-13.0307571395251,-12.9623982491944,2.));
#13267=CARTESIAN_POINT('Origin',(0.,0.,3.5));
#13268=CARTESIAN_POINT('Origin',(15.2055994147936,-8.64916543293897,3.5));
#13269=CARTESIAN_POINT('Origin',(-7.49999999999993,-16.7801787833146,0.));
#13270=CARTESIAN_POINT('Origin',(-24.9330967270392,-0.997290128350165,0.));
#13271=CARTESIAN_POINT('',(-24.9330967270392,-0.997290128350165,0.));
#13272=CARTESIAN_POINT('Origin',(-1.75,15.0354912291361,0.));
#13273=CARTESIAN_POINT('Origin',(0.,2.,4.));
#13274=CARTESIAN_POINT('',(19.67,2.,4.));
#13275=CARTESIAN_POINT('Origin',(21.92,2.,4.));
#13276=CARTESIAN_POINT('',(20.17,2.,4.));
#13277=CARTESIAN_POINT('Origin',(21.92,2.,4.));
#13278=CARTESIAN_POINT('Origin',(21.92,2.,5.));
#13279=CARTESIAN_POINT('',(20.17,2.,5.));
#13280=CARTESIAN_POINT('Origin',(21.92,2.,0.));
#13281=CARTESIAN_POINT('Origin',(0.,2.,4.));
#13282=CARTESIAN_POINT('',(-24.17,2.,4.));
#13283=CARTESIAN_POINT('Origin',(-21.92,2.,4.));
#13284=CARTESIAN_POINT('',(-23.67,2.,4.));
#13285=CARTESIAN_POINT('Origin',(-21.92,2.,4.));
#13286=CARTESIAN_POINT('Origin',(-21.92,2.,5.));
#13287=CARTESIAN_POINT('',(-23.67,2.,5.));
#13288=CARTESIAN_POINT('Origin',(0.,0.,0.));
#13289=CARTESIAN_POINT('Origin',(-21.92,2.,0.));
#13290=CARTESIAN_POINT('',(-24.17,2.,0.));
#13291=CARTESIAN_POINT('Origin',(21.92,2.,0.));
#13292=CARTESIAN_POINT('',(19.67,2.,0.));
#13293=CARTESIAN_POINT('Origin',(-21.92,2.,0.));
#13294=CARTESIAN_POINT('',(0.,0.,0.));
#13295=CARTESIAN_POINT('Origin',(0.,12.9533318919863,0.));
#13296=CARTESIAN_POINT('',(-3.8,21.1334900099345,0.));
#13297=CARTESIAN_POINT('',(-10.681530734206,14.9710622536888,2.97789246603633E-10));
#13298=CARTESIAN_POINT('Origin',(-10.,21.1334900099345,0.));
#13299=CARTESIAN_POINT('',(-3.8,39.6868425672872,0.));
#13300=CARTESIAN_POINT('',(-3.8,27.8200872296367,0.));
#13301=CARTESIAN_POINT('',(-2.99862904890417,39.686842567287,2.28642643633499E-18));
#13302=CARTESIAN_POINT('',(2.5,39.6868425672872,0.));
#13303=CARTESIAN_POINT('',(-2.93938769133981,37.2868425672872,0.));
#13304=CARTESIAN_POINT('Ctrl Pts',(-2.93938769133981,37.2868425672872,0.));
#13305=CARTESIAN_POINT('Ctrl Pts',(-2.93938769133981,37.8558696199031,0.));
#13306=CARTESIAN_POINT('Ctrl Pts',(-2.96645819704376,38.5381652746142,0.));
#13307=CARTESIAN_POINT('Ctrl Pts',(-2.99061013247137,39.2867080812518,0.));
#13308=CARTESIAN_POINT('Ctrl Pts',(-2.99624298558123,39.4925779977569,6.92525286991515E-19));
#13309=CARTESIAN_POINT('Ctrl Pts',(-2.99862904890417,39.686842567287,2.88167619172481E-19));
#13310=CARTESIAN_POINT('',(-2.93938769133981,23.6868425672872,1.15648231731785E-17));
#13311=CARTESIAN_POINT('',(-2.93938769133981,36.2368425672872,0.));
#13312=CARTESIAN_POINT('',(2.93938769133981,23.6868425672872,1.15648231731785E-17));
#13313=CARTESIAN_POINT('',(0.,23.6868425672872,0.));
#13314=CARTESIAN_POINT('',(2.93938769133981,37.2868425672872,0.));
#13315=CARTESIAN_POINT('',(2.93938769133981,36.2368425672872,0.));
#13316=CARTESIAN_POINT('',(2.99862904890417,39.686842567287,-9.0618326346668E-19));
#13317=CARTESIAN_POINT('Ctrl Pts',(2.99862904890417,39.686842567287,-1.21393796224145E-19));
#13318=CARTESIAN_POINT('Ctrl Pts',(2.99624298558123,39.4925779977569,1.36248112493811E-19));
#13319=CARTESIAN_POINT('Ctrl Pts',(2.99061013247137,39.2867080812518,0.));
#13320=CARTESIAN_POINT('Ctrl Pts',(2.96645819704376,38.5381652746142,0.));
#13321=CARTESIAN_POINT('Ctrl Pts',(2.93938769133981,37.8558696199031,0.));
#13322=CARTESIAN_POINT('Ctrl Pts',(2.93938769133981,37.2868425672872,0.));
#13323=CARTESIAN_POINT('',(3.8,39.6868425672872,0.));
#13324=CARTESIAN_POINT('',(2.5,39.6868425672872,0.));
#13325=CARTESIAN_POINT('',(3.8,21.1334900099345,0.));
#13326=CARTESIAN_POINT('',(3.8,15.3200872296367,0.));
#13327=CARTESIAN_POINT('',(10.667500911846,14.9695267935708,0.));
#13328=CARTESIAN_POINT('Origin',(10.,21.1334900099345,0.));
#13329=CARTESIAN_POINT('',(24.340908438018,5.49309351932255,0.));
#13330=CARTESIAN_POINT('',(24.340908438018,5.49309351932255,0.));
#13331=CARTESIAN_POINT('',(24.9330967270392,-0.997290128350165,0.));
#13332=CARTESIAN_POINT('Origin',(21.92,2.,0.));
#13333=CARTESIAN_POINT('',(23.4038006050354,-2.53465119203205,0.));
#13334=CARTESIAN_POINT('',(24.9330967270392,-0.997290128350165,0.));
#13335=CARTESIAN_POINT('',(22.8217284765833,-3.94514066419684,0.));
#13336=CARTESIAN_POINT('Origin',(24.8217284765833,-3.94514066419684,0.));
#13337=CARTESIAN_POINT('',(22.8217284765833,-10.9667302745843,0.));
#13338=CARTESIAN_POINT('',(22.8217284765833,-10.9667302745843,0.));
#13339=CARTESIAN_POINT('',(19.0717284765833,-14.7167302745843,0.));
#13340=CARTESIAN_POINT('Origin',(19.0717284765833,-10.9667302745843,0.));
#13341=CARTESIAN_POINT('',(11.6574151906328,-14.7167302745843,0.));
#13342=CARTESIAN_POINT('',(19.0717284765833,-14.7167302745843,0.));
#13343=CARTESIAN_POINT('',(10.5134097744765,-15.0762268128979,0.));
#13344=CARTESIAN_POINT('Origin',(11.6574151906328,-16.7167302745843,0.));
#13345=CARTESIAN_POINT('',(7.50000000000007,-16.7801787833146,0.));
#13346=CARTESIAN_POINT('Origin',(0.,0.,0.));
#13347=CARTESIAN_POINT('',(-7.49999999999993,-16.7801787833146,0.));
#13348=CARTESIAN_POINT('',(-7.49999999999993,-16.7801787833146,0.));
#13349=CARTESIAN_POINT('',(-13.0307571395251,-12.9623982491944,0.));
#13350=CARTESIAN_POINT('Origin',(0.,0.,0.));
#13351=CARTESIAN_POINT('',(-24.9330967270392,-0.997290128350165,0.));
#13352=CARTESIAN_POINT('',(-24.9330967270392,-0.997290128350165,0.));
#13353=CARTESIAN_POINT('',(-24.340908438018,5.49309351932255,0.));
#13354=CARTESIAN_POINT('Origin',(-21.92,2.,0.));
#13355=CARTESIAN_POINT('',(-23.6824774469277,5.94942288278379,0.));
#13356=CARTESIAN_POINT('',(-24.340908438018,5.49309351932255,0.));
#13357=CARTESIAN_POINT('',(-22.8217284765833,7.5932315977591,0.));
#13358=CARTESIAN_POINT('Origin',(-24.8217284765833,7.5932315977591,0.));
#13359=CARTESIAN_POINT('',(-22.8217284765833,10.9667302745842,0.));
#13360=CARTESIAN_POINT('',(-22.8217284765833,10.9667302745842,0.));
#13361=CARTESIAN_POINT('',(-19.0717284765833,14.7167302745842,0.));
#13362=CARTESIAN_POINT('Origin',(-19.0717284765833,10.9667302745842,0.));
#13363=CARTESIAN_POINT('',(-11.6575651397588,14.7167302745842,0.));
#13364=CARTESIAN_POINT('',(-19.0717284765833,14.7167302745842,0.));
#13365=CARTESIAN_POINT('Origin',(-11.6575651397588,16.7167302745842,0.));
#13366=CARTESIAN_POINT('',(-24.17,2.,0.));
#13367=CARTESIAN_POINT('Origin',(-21.92,2.,0.));
#13368=CARTESIAN_POINT('',(19.67,2.,0.));
#13369=CARTESIAN_POINT('Origin',(21.92,2.,0.));
#13370=CARTESIAN_POINT('',(-7.06050388663989,-14.7801787833146,0.));
#13371=CARTESIAN_POINT('',(7.0605038866399,-14.7801787833146,0.));
#13372=CARTESIAN_POINT('Origin',(0.,0.,0.));
#13373=CARTESIAN_POINT('',(3.17221483482538,-14.7801787833146,0.));
#13374=CARTESIAN_POINT('',(-20.8217284765833,10.9667302745842,0.));
#13375=CARTESIAN_POINT('Origin',(-19.0717284765833,10.9667302745842,0.));
#13376=CARTESIAN_POINT('',(17.3217284765833,-10.9667302745843,0.));
#13377=CARTESIAN_POINT('Origin',(19.0717284765833,-10.9667302745843,0.));
#13378=CARTESIAN_POINT('Origin',(24.8217284765833,-3.94514066419684,0.));
#13379=CARTESIAN_POINT('',(22.8217284765833,-3.94514066419684,2.));
#13380=CARTESIAN_POINT('',(23.4038006050354,-2.53465119203205,2.));
#13381=CARTESIAN_POINT('Origin',(24.8217284765833,-3.94514066419684,2.));
#13382=CARTESIAN_POINT('',(22.8217284765833,-3.94514066419684,0.));
#13383=CARTESIAN_POINT('',(23.4038006050354,-2.53465119203205,0.));
#13384=CARTESIAN_POINT('Origin',(22.8217284765833,-10.9667302745843,0.));
#13385=CARTESIAN_POINT('',(22.8217284765833,-10.9667302745843,2.));
#13386=CARTESIAN_POINT('',(22.8217284765833,-10.9667302745843,2.));
#13387=CARTESIAN_POINT('',(22.8217284765833,-10.9667302745843,0.));
#13388=CARTESIAN_POINT('Origin',(11.6574151906328,-16.7167302745843,0.));
#13389=CARTESIAN_POINT('',(11.6574151906328,-14.7167302745843,2.));
#13390=CARTESIAN_POINT('',(10.5134097744765,-15.0762268128979,2.));
#13391=CARTESIAN_POINT('Origin',(11.6574151906328,-16.7167302745843,2.));
#13392=CARTESIAN_POINT('',(10.5134097744765,-15.0762268128979,0.));
#13393=CARTESIAN_POINT('',(11.6574151906328,-14.7167302745843,0.));
#13394=CARTESIAN_POINT('Origin',(11.0110058589184,-14.7167302745843,0.));
#13395=CARTESIAN_POINT('',(19.0717284765833,-14.7167302745843,2.));
#13396=CARTESIAN_POINT('',(19.0717284765833,-14.7167302745843,0.));
#13397=CARTESIAN_POINT('',(19.0717284765833,-14.7167302745843,2.));
#13398=CARTESIAN_POINT('Origin',(-11.6575651397588,16.7167302745842,0.));
#13399=CARTESIAN_POINT('',(-11.6575651397588,14.7167302745842,2.));
#13400=CARTESIAN_POINT('',(-10.5183141101033,15.0729215596089,2.));
#13401=CARTESIAN_POINT('Origin',(-11.6575651397588,16.7167302745842,2.));
#13402=CARTESIAN_POINT('',(-10.5183141101033,15.0729215596089,0.117308206245073));
#13403=CARTESIAN_POINT('',(-10.5183141101033,15.0729215596089,0.));
#13404=CARTESIAN_POINT('Ctrl Pts',(-10.5183141101033,15.0729215596089,0.117308206245072));
#13405=CARTESIAN_POINT('Ctrl Pts',(-10.5692333638056,15.0376316796605,0.0778077829378216));
#13406=CARTESIAN_POINT('Ctrl Pts',(-10.6238397338002,15.0033183302189,0.0384022475648064));
#13407=CARTESIAN_POINT('Ctrl Pts',(-10.6815307343189,14.9710622536256,5.20401650923406E-10));
#13408=CARTESIAN_POINT('',(-11.6575651397588,14.7167302745842,0.));
#13409=CARTESIAN_POINT('Origin',(-11.0322573265504,14.7167302745842,0.));
#13410=CARTESIAN_POINT('',(-19.0717284765833,14.7167302745842,2.));
#13411=CARTESIAN_POINT('',(-19.0717284765833,14.7167302745842,0.));
#13412=CARTESIAN_POINT('',(-19.0717284765833,14.7167302745842,2.));
#13413=CARTESIAN_POINT('Origin',(-24.8217284765833,7.5932315977591,0.));
#13414=CARTESIAN_POINT('',(-22.8217284765833,7.5932315977591,2.));
#13415=CARTESIAN_POINT('',(-23.6824774469277,5.94942288278379,2.));
#13416=CARTESIAN_POINT('Origin',(-24.8217284765833,7.5932315977591,2.));
#13417=CARTESIAN_POINT('',(-22.8217284765833,7.5932315977591,0.));
#13418=CARTESIAN_POINT('',(-23.6824774469277,5.94942288278379,0.));
#13419=CARTESIAN_POINT('Origin',(-22.8217284765833,10.9667302745842,0.));
#13420=CARTESIAN_POINT('',(-22.8217284765833,10.9667302745842,2.));
#13421=CARTESIAN_POINT('',(-22.8217284765833,10.9667302745842,2.));
#13422=CARTESIAN_POINT('',(-22.8217284765833,10.9667302745842,0.));
#13423=CARTESIAN_POINT('Origin',(19.0717284765833,-10.9667302745843,2.));
#13424=CARTESIAN_POINT('',(15.3355133973473,-10.6454875599746,2.));
#13425=CARTESIAN_POINT('',(18.7308387437205,-7.23225652450535,2.));
#13426=CARTESIAN_POINT('Origin',(19.0717284765833,-10.9667302745843,-0.875396480956408));
#13427=CARTESIAN_POINT('Origin',(19.0717284765833,-10.9667302745843,2.));
#13428=CARTESIAN_POINT('Origin',(-19.0717284765833,10.9667302745842,2.));
#13429=CARTESIAN_POINT('',(-15.3930216644402,11.6944776141823,2.));
#13430=CARTESIAN_POINT('',(-21.0445816873793,7.77763162313872,2.));
#13431=CARTESIAN_POINT('Origin',(-19.0717284765833,10.9667302745842,0.502653447798248));
#13432=CARTESIAN_POINT('Origin',(-19.0717284765833,10.9667302745842,2.));
#13433=CARTESIAN_POINT('Origin',(-6.5830481708356,15.9752502550139,3.5));
#13434=CARTESIAN_POINT('',(-7.43748644307726,17.2081067912454,2.));
#13435=CARTESIAN_POINT('',(-24.340908438018,5.49309351932255,2.));
#13436=CARTESIAN_POINT('',(-7.43748644307726,17.2081067912454,2.));
#13437=CARTESIAN_POINT('',(-20.0051664151084,4.84794458780873,5.));
#13438=CARTESIAN_POINT('Origin',(-22.438766093861,2.74852003985483,5.33928571428571));
#13439=CARTESIAN_POINT('',(-8.76084041805107,12.6408890181602,5.));
#13440=CARTESIAN_POINT('',(-4.21249463886538,15.7931460690936,5.));
#13441=CARTESIAN_POINT('',(-10.4697169625344,15.1066020906232,2.));
#13442=CARTESIAN_POINT('',(-10.4697169625344,15.1066020906232,2.));
#13443=CARTESIAN_POINT('',(-7.43748644307726,17.2081067912454,2.));
#13444=CARTESIAN_POINT('',(-7.43748644307726,17.2081067912454,2.));
#13445=CARTESIAN_POINT('Origin',(19.0717284765833,-10.9667302745843,0.));
#13446=CARTESIAN_POINT('',(17.3217284765833,-10.9667302745843,2.));
#13447=CARTESIAN_POINT('Origin',(19.0717284765833,-10.9667302745843,2.));
#13448=CARTESIAN_POINT('',(17.3217284765833,-10.9667302745843,0.));
#13449=CARTESIAN_POINT('Origin',(19.0717284765833,-10.9667302745843,0.));
#13450=CARTESIAN_POINT('Origin',(19.0717284765833,-10.9667302745843,2.));
#13451=CARTESIAN_POINT('Origin',(16.9163671677508,-8.91826161400988,2.));
#13452=CARTESIAN_POINT('',(16.2690453184545,-9.70703253706256,2.));
#13453=CARTESIAN_POINT('',(13.0307571395251,-12.9623982491944,2.));
#13454=CARTESIAN_POINT('',(16.2690453184545,-9.70703253706256,2.));
#13455=CARTESIAN_POINT('Origin',(0.,0.,2.));
#13456=CARTESIAN_POINT('Origin',(13.0307571395251,-12.9623982491944,0.));
#13457=CARTESIAN_POINT('',(24.9330967270392,-0.997290128350165,2.));
#13458=CARTESIAN_POINT('',(24.9330967270392,-0.997290128350165,0.));
#13459=CARTESIAN_POINT('',(16.2690453184545,-9.70703253706256,2.));
#13460=CARTESIAN_POINT('Origin',(-19.0717284765833,10.9667302745842,0.));
#13461=CARTESIAN_POINT('',(-20.8217284765833,10.9667302745842,2.));
#13462=CARTESIAN_POINT('Origin',(-19.0717284765833,10.9667302745842,2.));
#13463=CARTESIAN_POINT('',(-20.8217284765833,10.9667302745842,0.));
#13464=CARTESIAN_POINT('Origin',(-19.0717284765833,10.9667302745842,0.));
#13465=CARTESIAN_POINT('Origin',(-19.0717284765833,10.9667302745842,2.));
#13466=CARTESIAN_POINT('Origin',(-16.9269929015668,10.6313500766301,2.));
#13467=CARTESIAN_POINT('Origin',(-10.4697169625344,15.1066020906232,0.));
#13468=CARTESIAN_POINT('',(-24.340908438018,5.49309351932255,0.));
#13469=CARTESIAN_POINT('Origin',(-10.4697169625344,15.1066020906232,0.));
#13470=CARTESIAN_POINT('',(-10.4697169625344,15.1066020906232,0.154835650138779));
#13471=CARTESIAN_POINT('',(-10.4697169625344,15.1066020906232,0.));
#13472=CARTESIAN_POINT('Ctrl Pts',(-10.5183141101033,15.0729215596089,0.117308206245073));
#13473=CARTESIAN_POINT('Ctrl Pts',(-10.4939403488039,15.0898139342532,0.13621606170076));
#13474=CARTESIAN_POINT('Ctrl Pts',(-10.4697169625344,15.1066020906232,0.154835650138779));
#13475=CARTESIAN_POINT('Origin',(4.4,39.6868425672872,4.5));
#13476=CARTESIAN_POINT('',(5.,41.4868425672872,4.5));
#13477=CARTESIAN_POINT('',(3.8,42.6868425672872,4.5));
#13478=CARTESIAN_POINT('',(5.,41.4868425672872,4.5));
#13479=CARTESIAN_POINT('',(3.8,39.6868425672872,7.5));
#13480=CARTESIAN_POINT('Origin',(3.8,39.6868425672872,4.5));
#13481=CARTESIAN_POINT('',(5.,39.6868425672872,6.3));
#13482=CARTESIAN_POINT('',(3.8,39.6868425672872,7.5));
#13483=CARTESIAN_POINT('Origin',(5.,39.6868425672872,4.5));
#13484=CARTESIAN_POINT('Origin',(4.4,26.4368425672872,6.9));
#13485=CARTESIAN_POINT('',(3.84416801909129,15.765067052353,7.45583198090871));
#13486=CARTESIAN_POINT('',(5.,21.6144036346427,6.3));
#13487=CARTESIAN_POINT('',(4.68770072097652,20.0339458971967,6.61229927902348));
#13488=CARTESIAN_POINT('',(5.,26.4368425672872,6.3));
#13489=CARTESIAN_POINT('',(3.8,15.6456174742277,7.5));
#13490=CARTESIAN_POINT('',(3.8,26.4368425672872,7.5));
#13491=CARTESIAN_POINT('Origin',(2.06233215966937,15.8354912291361,9.23766784033063));
#13492=CARTESIAN_POINT('Origin',(4.4,42.0868425672872,0.));
#13493=CARTESIAN_POINT('',(5.,41.4868425672872,3.));
#13494=CARTESIAN_POINT('',(5.,41.4868425672872,0.));
#13495=CARTESIAN_POINT('',(3.8,42.6868425672872,3.));
#13496=CARTESIAN_POINT('',(5.,41.4868425672872,3.));
#13497=CARTESIAN_POINT('',(3.8,42.6868425672872,0.));
#13498=CARTESIAN_POINT('Origin',(4.4,39.6868425672872,3.));
#13499=CARTESIAN_POINT('',(5.,39.6868425672872,1.2));
#13500=CARTESIAN_POINT('',(5.,39.6868425672872,1.2));
#13501=CARTESIAN_POINT('Origin',(3.8,39.6868425672872,3.));
#13502=CARTESIAN_POINT('Origin',(5.,39.6868425672872,3.));
#13503=CARTESIAN_POINT('Origin',(4.4,15.3200872296367,0.6));
#13504=CARTESIAN_POINT('',(5.,21.1334900099345,1.2));
#13505=CARTESIAN_POINT('',(5.,15.3200872296367,1.2));
#13506=CARTESIAN_POINT('',(5.,21.1334900099345,1.2));
#13507=CARTESIAN_POINT('Origin',(10.,21.1334900099345,0.6));
#13508=CARTESIAN_POINT('',(10.4697169625344,15.1066020906232,0.15483565013878));
#13509=CARTESIAN_POINT('Ctrl Pts',(10.4697169625344,15.1066020906232,0.15483565013878));
#13510=CARTESIAN_POINT('Ctrl Pts',(10.5673584841336,15.0389310757382,0.0797823555082117));
#13511=CARTESIAN_POINT('Ctrl Pts',(10.667500911846,14.9695267935708,0.));
#13512=CARTESIAN_POINT('',(7.86142001710864,16.6139241395464,1.2));
#13513=CARTESIAN_POINT('Origin',(10.,21.1334900099345,1.2));
#13514=CARTESIAN_POINT('Ctrl Pts',(10.4697169625344,15.1066020906232,0.154835650138775));
#13515=CARTESIAN_POINT('Ctrl Pts',(10.147166724551,15.3301473774868,0.402767653327785));
#13516=CARTESIAN_POINT('Ctrl Pts',(9.8119727642094,15.547596039458,0.624029298981131));
#13517=CARTESIAN_POINT('Ctrl Pts',(8.98304358333082,16.0444902357496,1.03385376887292));
#13518=CARTESIAN_POINT('Ctrl Pts',(8.47468191792641,16.3237392715812,1.2));
#13519=CARTESIAN_POINT('Ctrl Pts',(7.86142001710864,16.6139241395464,1.2));
#13520=CARTESIAN_POINT('Origin',(5.,17.6868425672872,0.));
#13521=CARTESIAN_POINT('',(5.,19.1816435617398,5.81925212918565));
#13522=CARTESIAN_POINT('',(5.,15.340913348114,5.06026940289772));
#13523=CARTESIAN_POINT('',(5.,21.1334900099345,4.07106781186548));
#13524=CARTESIAN_POINT('Ctrl Pts',(5.,21.1334900099345,4.07106781186548));
#13525=CARTESIAN_POINT('Ctrl Pts',(5.,20.4855204193894,4.65677606116086));
#13526=CARTESIAN_POINT('Ctrl Pts',(5.,19.8352888056969,5.23995864003794));
#13527=CARTESIAN_POINT('Ctrl Pts',(5.,19.1818593030609,5.81949541203836));
#13528=CARTESIAN_POINT('',(5.,21.1334900099345,0.));
#13529=CARTESIAN_POINT('',(5.,31.1694083370384,2.4));
#13530=CARTESIAN_POINT('',(5.,31.1867535574283,5.00000000000007));
#13531=CARTESIAN_POINT('',(5.,31.1697758068661,2.45508269890028));
#13532=CARTESIAN_POINT('',(5.,35.1868425672872,5.));
#13533=CARTESIAN_POINT('',(5.,26.4368425672872,5.00000000000016));
#13534=CARTESIAN_POINT('',(5.,35.1694973468976,2.39999999999996));
#13535=CARTESIAN_POINT('',(5.,35.1644388169677,1.64174051857498));
#13536=CARTESIAN_POINT('',(5.,24.4314610714685,2.40000000000007));
#13537=CARTESIAN_POINT('Origin',(4.24894111238891,13.7598574555355,6.25));
#13538=CARTESIAN_POINT('',(5.07204160533787,15.765067052353,5.));
#13539=CARTESIAN_POINT('',(5.40753475835884,15.765067052353,4.32899052166815));
#13540=CARTESIAN_POINT('',(5.26263996608748,17.6941285060173,4.99999999975816));
#13541=CARTESIAN_POINT('',(4.80787979759366,13.0914639804385,5.));
#13542=CARTESIAN_POINT('Ctrl Pts',(5.,19.1816435617301,5.81925212918958));
#13543=CARTESIAN_POINT('Ctrl Pts',(5.,18.8500873431754,5.753731921135));
#13544=CARTESIAN_POINT('Ctrl Pts',(5.02170795982757,18.5238271288822,5.64584085957516));
#13545=CARTESIAN_POINT('Ctrl Pts',(5.12072147583248,18.0256518483796,5.34936049251862));
#13546=CARTESIAN_POINT('Ctrl Pts',(5.18068109503322,17.8436043081429,5.1934619385414));
#13547=CARTESIAN_POINT('Ctrl Pts',(5.26106786521679,17.6969749628385,5.0037068090495));
#13548=CARTESIAN_POINT('Ctrl Pts',(5.26185321272567,17.6955495014138,5.00185436843425));
#13549=CARTESIAN_POINT('Ctrl Pts',(5.26263996650829,17.6941285083399,4.9999999981568));
#13550=CARTESIAN_POINT('Origin',(4.69476595581167,15.8354912291361,3.97261842758685));
#13551=CARTESIAN_POINT('',(2.93113607597908,15.0354912291361,7.5));
#13552=CARTESIAN_POINT('Origin',(2.93113607597908,15.8354912291361,7.5));
#13553=CARTESIAN_POINT('',(4.18109290913369,15.0354912291361,5.));
#13554=CARTESIAN_POINT('',(4.69476595581167,15.0354912291361,3.97261842758685));
#13555=CARTESIAN_POINT('Origin',(4.18109290913369,15.8354912291361,5.));
#13556=CARTESIAN_POINT('Origin',(0.,35.1868425672872,7.5));
#13557=CARTESIAN_POINT('',(-3.8,39.6868425672872,7.5));
#13558=CARTESIAN_POINT('',(2.5,39.6868425672872,7.5));
#13559=CARTESIAN_POINT('',(-3.8,15.6456174742277,7.5));
#13560=CARTESIAN_POINT('',(-3.8,38.9368425672872,7.5));
#13561=CARTESIAN_POINT('',(-2.93113607597908,15.0354912291361,7.5));
#13562=CARTESIAN_POINT('Origin',(-2.93113607597908,15.8354912291361,7.5));
#13563=CARTESIAN_POINT('',(-2.55,15.0354912291361,7.5));
#13564=CARTESIAN_POINT('',(-0.875,15.0354912291361,7.5));
#13565=CARTESIAN_POINT('',(-1.75,15.8354912291361,7.5));
#13566=CARTESIAN_POINT('Origin',(-2.55,15.8354912291361,7.5));
#13567=CARTESIAN_POINT('',(-1.75,18.7938679531254,7.5));
#13568=CARTESIAN_POINT('',(-1.75,20.4483290636739,7.5));
#13569=CARTESIAN_POINT('',(-0.993678160919542,19.5926746996284,7.5));
#13570=CARTESIAN_POINT('Origin',(-0.950000000000002,18.7938679531254,7.5));
#13571=CARTESIAN_POINT('',(0.99367816091954,19.5926746996284,7.5));
#13572=CARTESIAN_POINT('Origin',(0.,1.4198212166854,7.5));
#13573=CARTESIAN_POINT('',(1.75,18.7938679531254,7.5));
#13574=CARTESIAN_POINT('Origin',(0.95,18.7938679531254,7.5));
#13575=CARTESIAN_POINT('',(1.75,15.8354912291361,7.5));
#13576=CARTESIAN_POINT('',(1.75,18.1983290636739,7.5));
#13577=CARTESIAN_POINT('',(2.55,15.0354912291361,7.5));
#13578=CARTESIAN_POINT('Origin',(2.55,15.8354912291361,7.5));
#13579=CARTESIAN_POINT('',(1.875,15.0354912291361,7.5));
#13580=CARTESIAN_POINT('Origin',(2.5,39.6868425672872,4.5));
#13581=CARTESIAN_POINT('',(2.95361394349716,42.6868425672872,4.49999999999977));
#13582=CARTESIAN_POINT('',(2.5,42.6868425672872,4.5));
#13583=CARTESIAN_POINT('',(2.90776318681663,42.548660171538,5.4));
#13584=CARTESIAN_POINT('Ctrl Pts',(2.95361394349716,42.6868425672872,4.49999999999977));
#13585=CARTESIAN_POINT('Ctrl Pts',(2.94468503137167,42.6868425672872,4.80525942316651));
#13586=CARTESIAN_POINT('Ctrl Pts',(2.93100652020037,42.6402176369305,5.10886581526588));
#13587=CARTESIAN_POINT('Ctrl Pts',(2.90776318681663,42.548660171538,5.4));
#13588=CARTESIAN_POINT('',(-2.90776318681663,42.548660171538,5.4));
#13589=CARTESIAN_POINT('Ctrl Pts',(2.90776318681664,42.548660171538,5.4));
#13590=CARTESIAN_POINT('Ctrl Pts',(2.90464718726527,42.5363859845108,5.4390294272358));
#13591=CARTESIAN_POINT('Ctrl Pts',(2.90124610820109,42.5233136753174,5.4778046772321));
#13592=CARTESIAN_POINT('Ctrl Pts',(2.86563151369434,42.3905653945054,5.8465090851719));
#13593=CARTESIAN_POINT('Ctrl Pts',(2.80930739778654,42.2112376116454,6.1516766063085));
#13594=CARTESIAN_POINT('Ctrl Pts',(2.6641197121464,41.9023650476627,6.52996669495984));
#13595=CARTESIAN_POINT('Ctrl Pts',(2.59573333187469,41.7745823728787,6.66136181779384));
#13596=CARTESIAN_POINT('Ctrl Pts',(2.42327659176399,41.51131636559,6.88776828778738));
#13597=CARTESIAN_POINT('Ctrl Pts',(2.31872576964564,41.3763467172444,6.98301036877155));
#13598=CARTESIAN_POINT('Ctrl Pts',(1.95630977807184,40.9821058467069,7.22506856609989));
#13599=CARTESIAN_POINT('Ctrl Pts',(1.61584204202427,40.7238313423497,7.32091825491219));
#13600=CARTESIAN_POINT('Ctrl Pts',(0.841815220955713,40.3762881556577,7.42533481896805));
#13601=CARTESIAN_POINT('Ctrl Pts',(0.40908558434874,40.2868425672872,7.43938769133981));
#13602=CARTESIAN_POINT('Ctrl Pts',(-0.40908558434874,40.2868425672872,7.43938769133981));
#13603=CARTESIAN_POINT('Ctrl Pts',(-0.841815220955713,40.3762881556577,
7.42533481896805));
#13604=CARTESIAN_POINT('Ctrl Pts',(-1.61584204202427,40.7238313423497,7.32091825491219));
#13605=CARTESIAN_POINT('Ctrl Pts',(-1.95630977807184,40.9821058467069,7.22506856609989));
#13606=CARTESIAN_POINT('Ctrl Pts',(-2.31872576964564,41.3763467172444,6.98301036877155));
#13607=CARTESIAN_POINT('Ctrl Pts',(-2.42327659176399,41.51131636559,6.88776828778737));
#13608=CARTESIAN_POINT('Ctrl Pts',(-2.59573333187469,41.7745823728787,6.66136181779382));
#13609=CARTESIAN_POINT('Ctrl Pts',(-2.6641197121464,41.9023650476627,6.52996669495984));
#13610=CARTESIAN_POINT('Ctrl Pts',(-2.80930739778654,42.2112376116454,6.1516766063085));
#13611=CARTESIAN_POINT('Ctrl Pts',(-2.86563151369434,42.3905653945054,5.8465090851719));
#13612=CARTESIAN_POINT('Ctrl Pts',(-2.90124610820109,42.5233136753174,5.4778046772321));
#13613=CARTESIAN_POINT('Ctrl Pts',(-2.90464718726527,42.5363859845108,5.4390294272358));
#13614=CARTESIAN_POINT('Ctrl Pts',(-2.90776318681664,42.548660171538,5.4));
#13615=CARTESIAN_POINT('',(-2.95361394349718,42.6868425672872,4.49999999999941));
#13616=CARTESIAN_POINT('Ctrl Pts',(-2.90776318681663,42.548660171538,5.4));
#13617=CARTESIAN_POINT('Ctrl Pts',(-2.93098234318366,42.6401224016071,5.10916864429352));
#13618=CARTESIAN_POINT('Ctrl Pts',(-2.94467565294261,42.6868425672872,4.80558005056268));
#13619=CARTESIAN_POINT('Ctrl Pts',(-2.95361394349717,42.6868425672872,4.49999999999941));
#13620=CARTESIAN_POINT('',(-3.8,42.6868425672872,4.5));
#13621=CARTESIAN_POINT('',(2.5,42.6868425672872,4.5));
#13622=CARTESIAN_POINT('Origin',(-3.8,39.6868425672872,4.5));
#13623=CARTESIAN_POINT('Origin',(-4.4,27.8200872296367,0.6));
#13624=CARTESIAN_POINT('',(-5.,21.1334900099345,1.2));
#13625=CARTESIAN_POINT('',(-3.8,21.1334900099345,0.));
#13626=CARTESIAN_POINT('',(-5.,39.6868425672872,1.2));
#13627=CARTESIAN_POINT('',(-5.,27.8200872296367,1.2));
#13628=CARTESIAN_POINT('',(-5.,39.6868425672872,1.2));
#13629=CARTESIAN_POINT('Origin',(-4.4,39.6868425672872,3.));
#13630=CARTESIAN_POINT('',(-5.,41.4868425672872,3.));
#13631=CARTESIAN_POINT('',(-3.8,42.6868425672872,3.));
#13632=CARTESIAN_POINT('',(-5.,41.4868425672872,3.));
#13633=CARTESIAN_POINT('Origin',(-3.8,39.6868425672872,3.));
#13634=CARTESIAN_POINT('Origin',(-5.,39.6868425672872,3.));
#13635=CARTESIAN_POINT('Origin',(-10.,21.1334900099345,0.6));
#13636=CARTESIAN_POINT('',(-7.86142001710864,16.6139241395464,1.2));
#13637=CARTESIAN_POINT('Ctrl Pts',(-7.86142001710863,16.6139241395464,1.2));
#13638=CARTESIAN_POINT('Ctrl Pts',(-8.47468191792639,16.3237392715812,1.2));
#13639=CARTESIAN_POINT('Ctrl Pts',(-8.98304358333081,16.0444902357496,1.03385376887293));
#13640=CARTESIAN_POINT('Ctrl Pts',(-9.81197276420939,15.547596039458,0.624029298981135));
#13641=CARTESIAN_POINT('Ctrl Pts',(-10.147166724551,15.3301473774868,0.402767653327787));
#13642=CARTESIAN_POINT('Ctrl Pts',(-10.4697169625344,15.1066020906232,0.154835650138776));
#13643=CARTESIAN_POINT('Origin',(-10.,21.1334900099345,1.2));
#13644=CARTESIAN_POINT('Origin',(-4.4,42.0868425672872,0.));
#13645=CARTESIAN_POINT('',(-5.,41.4868425672872,4.5));
#13646=CARTESIAN_POINT('',(-5.,41.4868425672872,4.5));
#13647=CARTESIAN_POINT('',(-3.8,42.6868425672872,0.));
#13648=CARTESIAN_POINT('',(-5.,41.4868425672872,0.));
#13649=CARTESIAN_POINT('Origin',(-4.4,39.6868425672872,4.5));
#13650=CARTESIAN_POINT('',(-5.,39.6868425672872,6.3));
#13651=CARTESIAN_POINT('',(-5.,39.6868425672872,6.3));
#13652=CARTESIAN_POINT('Origin',(-5.,39.6868425672872,4.5));
#13653=CARTESIAN_POINT('Origin',(-4.4,38.9368425672872,6.9));
#13654=CARTESIAN_POINT('',(-3.84416801909128,15.765067052353,7.45583198090872));
#13655=CARTESIAN_POINT('Origin',(-2.06233215966937,15.8354912291361,9.23766784033063));
#13656=CARTESIAN_POINT('',(-5.,21.6144036346427,6.3));
#13657=CARTESIAN_POINT('',(-5.,38.9368425672872,6.3));
#13658=CARTESIAN_POINT('',(-6.42427206879016,28.8222390750135,4.87572793120984));
#13659=CARTESIAN_POINT('Origin',(-5.,42.6868425672872,0.));
#13660=CARTESIAN_POINT('',(-5.,21.1334900099345,4.07106781186548));
#13661=CARTESIAN_POINT('',(-5.,21.1334900099345,0.));
#13662=CARTESIAN_POINT('',(-5.,19.1816435617398,5.81925212918565));
#13663=CARTESIAN_POINT('Ctrl Pts',(-5.,19.1818593030609,5.81949541203835));
#13664=CARTESIAN_POINT('Ctrl Pts',(-5.,19.8352888056969,5.23995864003793));
#13665=CARTESIAN_POINT('Ctrl Pts',(-5.,20.4855204193894,4.65677606116085));
#13666=CARTESIAN_POINT('Ctrl Pts',(-5.,21.1334900099345,4.07106781186548));
#13667=CARTESIAN_POINT('',(-5.,30.4150842838882,8.03913923157323));
#13668=CARTESIAN_POINT('',(-5.,35.1694973468976,2.39999999999996));
#13669=CARTESIAN_POINT('',(-5.,35.1868425672872,5.));
#13670=CARTESIAN_POINT('',(-5.,35.1649951100172,1.72512729005342));
#13671=CARTESIAN_POINT('',(-5.,31.1867535574283,5.00000000000007));
#13672=CARTESIAN_POINT('',(-5.,38.9368425672872,4.99999999999993));
#13673=CARTESIAN_POINT('',(-5.,31.1694083370384,2.4));
#13674=CARTESIAN_POINT('',(-5.,31.1703320999157,2.53846947038077));
#13675=CARTESIAN_POINT('',(-5.,36.9314610714685,2.39999999999994));
#13676=CARTESIAN_POINT('Origin',(-10.,21.1334900099345,0.));
#13677=CARTESIAN_POINT('',(-7.86142001710864,16.6139241395464,2.0547096093384));
#13678=CARTESIAN_POINT('',(-7.86142001710864,16.6139241395464,0.));
#13679=CARTESIAN_POINT('Ctrl Pts',(-5.,21.1334900099345,4.07106781186548));
#13680=CARTESIAN_POINT('Ctrl Pts',(-5.,21.1301318927463,4.06957657228157));
#13681=CARTESIAN_POINT('Ctrl Pts',(-5.0000033830853,21.1267737811881,4.068085320836));
#13682=CARTESIAN_POINT('Ctrl Pts',(-5.00122787522169,20.5190461696916,3.79820643234819));
#13683=CARTESIAN_POINT('Ctrl Pts',(-5.11202049773122,19.9168990193047,3.53032430567742));
#13684=CARTESIAN_POINT('Ctrl Pts',(-5.56256419998455,18.7392281533459,3.00548941472226));
#13685=CARTESIAN_POINT('Ctrl Pts',(-5.91487842274994,18.1737471649974,2.75294728979439));
#13686=CARTESIAN_POINT('Ctrl Pts',(-6.79434509122912,17.2486361080936,2.33918353205437));
#13687=CARTESIAN_POINT('Ctrl Pts',(-7.29572940205514,16.8815991022656,2.17472809326316));
#13688=CARTESIAN_POINT('Ctrl Pts',(-7.86142001710864,16.6139241395464,2.0547096093384));
#13689=CARTESIAN_POINT('Origin',(0.,0.,0.));
#13690=CARTESIAN_POINT('',(-8.38674525516472,16.3550268732603,1.99999999999495));
#13691=CARTESIAN_POINT('Origin',(0.,0.,2.));
#13692=CARTESIAN_POINT('Ctrl Pts',(-7.86207474755409,16.6145000720592,2.05555964561264));
#13693=CARTESIAN_POINT('Ctrl Pts',(-7.96774716290464,16.5642065453271,2.03288456046571));
#13694=CARTESIAN_POINT('Ctrl Pts',(-8.07378003878621,16.5125341156852,2.01735810172084));
#13695=CARTESIAN_POINT('Ctrl Pts',(-8.17993748287927,16.4596118042917,2.00864608902942));
#13696=CARTESIAN_POINT('Ctrl Pts',(-8.2488621520925,16.4252510221727,2.002989654871));
#13697=CARTESIAN_POINT('Ctrl Pts',(-8.31784047301494,16.3903633920589,2.00020597626569));
#13698=CARTESIAN_POINT('Ctrl Pts',(-8.38681932445566,16.3549852719597,2.00020562638286));
#13699=CARTESIAN_POINT('Ctrl Pts',(-3.79473319220294,-15.8877979098911,
6.90369641684111));
#13700=CARTESIAN_POINT('Ctrl Pts',(-3.79473319220294,-15.8877979070466,
6.81125960944132));
#13701=CARTESIAN_POINT('Ctrl Pts',(-3.79473319220294,-15.8806157620106,
6.71836014348307));
#13702=CARTESIAN_POINT('Ctrl Pts',(-3.79473319220294,-15.8582235763733,
6.62867651406081));
#13703=CARTESIAN_POINT('Ctrl Pts',(-3.79473319220294,-16.0266244548589,
6.90369641256902));
#13704=CARTESIAN_POINT('Ctrl Pts',(-3.7945177993298,-16.016924546006,6.80367901620637));
#13705=CARTESIAN_POINT('Ctrl Pts',(-3.79484303773413,-15.9990625161614,
6.70178650466843));
#13706=CARTESIAN_POINT('Ctrl Pts',(-3.79473319220294,-15.9634270697869,
6.60240933275491));
#13707=CARTESIAN_POINT('Ctrl Pts',(-3.69434866355037,-16.3036317525011,
6.90369640404472));
#13708=CARTESIAN_POINT('Ctrl Pts',(-3.70897049959861,-16.2750534826771,
6.78859745285113));
#13709=CARTESIAN_POINT('Ctrl Pts',(-3.72246096650235,-16.2355763911537,
6.66868460566775));
#13710=CARTESIAN_POINT('Ctrl Pts',(-3.73446650247831,-16.1736629773122,
6.54991768517939));
#13711=CARTESIAN_POINT('Ctrl Pts',(-3.44016486386213,-16.4526307206717,
6.9036963994596));
#13712=CARTESIAN_POINT('Ctrl Pts',(-3.48513363617505,-16.4304806715143,
6.78041091221808));
#13713=CARTESIAN_POINT('Ctrl Pts',(-3.53012708451661,-16.3931633477867,
6.64790468482519));
#13714=CARTESIAN_POINT('Ctrl Pts',(-3.57108953040106,-16.3236375574805,
6.51247207039289));
#13715=CARTESIAN_POINT('Ctrl Pts',(-3.30364458313321,-16.4778303741892,
6.90369639868413));
#13716=CARTESIAN_POINT('Ctrl Pts',(-3.36055177656658,-16.4673261320864,
6.77907590499748));
#13717=CARTESIAN_POINT('Ctrl Pts',(-3.41965084834933,-16.4386732042509,
6.64258961377707));
#13718=CARTESIAN_POINT('Ctrl Pts',(-3.47523564486022,-16.3728206206982,
6.50019205575839));
#13719=CARTESIAN_POINT('',(-3.47523564486025,-16.3728206206982,6.50019205575829));
#13720=CARTESIAN_POINT('',(-3.79473319220294,-15.8582235763734,6.62867651406051));
#13721=CARTESIAN_POINT('Origin',(-3.19473319220294,-15.8582235763733,6.62867651406075));
#13722=CARTESIAN_POINT('',(-3.30364458313321,-16.4778303741892,6.90369639868413));
#13723=CARTESIAN_POINT('Ctrl Pts',(-3.47523564486022,-16.3728206206982,
6.50019205575839));
#13724=CARTESIAN_POINT('Ctrl Pts',(-3.41965084834933,-16.4386732042509,
6.64258961377707));
#13725=CARTESIAN_POINT('Ctrl Pts',(-3.36055177656658,-16.4673261320864,
6.77907590499748));
#13726=CARTESIAN_POINT('Ctrl Pts',(-3.30364458313321,-16.4778303741892,
6.90369639868413));
#13727=CARTESIAN_POINT('',(-3.79473319220294,-15.8877979134399,6.90369639868413));
#13728=CARTESIAN_POINT('Origin',(-3.19473319220294,-15.8877979098911,6.90369641684111));
#13729=CARTESIAN_POINT('Ctrl Pts',(-3.79473319220294,-15.8877979098911,
6.90369639868413));
#13730=CARTESIAN_POINT('Ctrl Pts',(-3.79473319220294,-15.8877979061061,
6.81125959727608));
#13731=CARTESIAN_POINT('Ctrl Pts',(-3.79473319220294,-15.8806157605444,
6.718360137611));
#13732=CARTESIAN_POINT('Ctrl Pts',(-3.79473319220294,-15.8582235763733,
6.62867651406081));
#13733=CARTESIAN_POINT('Ctrl Pts',(-3.79473319220294,-15.8582235763734,
6.62867651406051));
#13734=CARTESIAN_POINT('Ctrl Pts',(-3.79473319220281,-15.9049093700213,
6.32941661815967));
#13735=CARTESIAN_POINT('Ctrl Pts',(-3.68005131002269,-15.922037253467,6.05329545604797));
#13736=CARTESIAN_POINT('Ctrl Pts',(-3.49720022404653,-15.9089388845617,
5.83613293015978));
#13737=CARTESIAN_POINT('Ctrl Pts',(-3.49590101921963,-15.9088431512093,
5.83460187716353));
#13738=CARTESIAN_POINT('Ctrl Pts',(-3.49459978830441,-15.9087464614641,
5.83307382752726));
#13739=CARTESIAN_POINT('Ctrl Pts',(-3.7947331922029,-15.9784561402746,6.59865687828236));
#13740=CARTESIAN_POINT('Ctrl Pts',(-3.76976762269143,-15.98076775468,6.29884562693625));
#13741=CARTESIAN_POINT('Ctrl Pts',(-3.65789317460671,-15.9558053298924,
6.0480532269862));
#13742=CARTESIAN_POINT('Ctrl Pts',(-3.49689597963446,-15.9094097697285,
5.83605434107098));
#13743=CARTESIAN_POINT('Ctrl Pts',(-3.49574761641008,-15.9090781788269,
5.83456400893538));
#13744=CARTESIAN_POINT('Ctrl Pts',(-3.49459978830441,-15.9087464614641,
5.83307382752726));
#13745=CARTESIAN_POINT('Ctrl Pts',(-3.72529105707133,-16.1883584538246,
6.54624852236525));
#13746=CARTESIAN_POINT('Ctrl Pts',(-3.70818300855136,-16.1045629468991,
6.26250008287283));
#13747=CARTESIAN_POINT('Ctrl Pts',(-3.61947150059964,-16.0150087133037,
6.03865015107864));
#13748=CARTESIAN_POINT('Ctrl Pts',(-3.49636005132177,-15.9102323863757,
5.83591952147695));
#13749=CARTESIAN_POINT('Ctrl Pts',(-3.49547916149337,-15.9094894771577,
5.83449773953613));
#13750=CARTESIAN_POINT('Ctrl Pts',(-3.49459978830441,-15.9087464614641,
5.83307382752726));
#13751=CARTESIAN_POINT('Ctrl Pts',(-3.55739611818094,-16.3306637093687,
6.51071778258783));
#13752=CARTESIAN_POINT('Ctrl Pts',(-3.61580573808025,-16.2158258441689,
6.25619067951451));
#13753=CARTESIAN_POINT('Ctrl Pts',(-3.58095190316458,-16.0738352738301,
6.02884107286212));
#13754=CARTESIAN_POINT('Ctrl Pts',(-3.49582143953453,-15.9110552706778,
5.83578949340232));
#13755=CARTESIAN_POINT('Ctrl Pts',(-3.49521070657666,-15.9099007754885,
5.83443147013687));
#13756=CARTESIAN_POINT('Ctrl Pts',(-3.49459978830441,-15.9087464614641,
5.83307382752726));
#13757=CARTESIAN_POINT('Ctrl Pts',(-3.47523564486025,-16.3728206206982,
6.50019205575829));
#13758=CARTESIAN_POINT('Ctrl Pts',(-3.56973069621935,-16.2608701656178,
6.25811390844039));
#13759=CARTESIAN_POINT('Ctrl Pts',(-3.56454799326328,-16.0990548922166,
6.02465111047843));
#13760=CARTESIAN_POINT('Ctrl Pts',(-3.49558951202812,-15.9114076059699,
5.83573420048305));
#13761=CARTESIAN_POINT('Ctrl Pts',(-3.4950956544695,-15.9100770462017,5.83440306896576));
#13762=CARTESIAN_POINT('Ctrl Pts',(-3.49459978830441,-15.9087464614641,
5.83307382752726));
#13763=CARTESIAN_POINT('',(-3.49459978830441,-15.9087464614641,5.83307382752726));
#13764=CARTESIAN_POINT('Ctrl Pts',(-3.79473319220294,-15.8582235763734,
6.62867651406051));
#13765=CARTESIAN_POINT('Ctrl Pts',(-3.79473319220281,-15.9049093700213,
6.32941661815967));
#13766=CARTESIAN_POINT('Ctrl Pts',(-3.68005131002269,-15.922037253467,6.05329545604797));
#13767=CARTESIAN_POINT('Ctrl Pts',(-3.49720022404653,-15.9089388845617,
5.83613293015978));
#13768=CARTESIAN_POINT('Ctrl Pts',(-3.49590101921963,-15.9088431512093,
5.83460187716353));
#13769=CARTESIAN_POINT('Ctrl Pts',(-3.49459978830441,-15.9087464614641,
5.83307382752726));
#13770=CARTESIAN_POINT('Ctrl Pts',(-3.49459978830441,-15.9087464614641,
5.83307382752726));
#13771=CARTESIAN_POINT('Ctrl Pts',(-3.4950956544695,-15.9100770462017,5.83440306896576));
#13772=CARTESIAN_POINT('Ctrl Pts',(-3.49558951202812,-15.9114076059699,
5.83573420048305));
#13773=CARTESIAN_POINT('Ctrl Pts',(-3.56454799326328,-16.0990548922166,
6.02465111047843));
#13774=CARTESIAN_POINT('Ctrl Pts',(-3.56973069621935,-16.2608701656178,
6.25811390844039));
#13775=CARTESIAN_POINT('Ctrl Pts',(-3.47523564486025,-16.3728206206982,
6.50019205575829));
#13776=CARTESIAN_POINT('Ctrl Pts',(3.30364455102804,-16.4778303801153,6.9036964689909));
#13777=CARTESIAN_POINT('Ctrl Pts',(3.36055175445137,-16.4673261432054,6.77907595594659));
#13778=CARTESIAN_POINT('Ctrl Pts',(3.41965083789402,-16.4386732166376,6.64258964056153));
#13779=CARTESIAN_POINT('Ctrl Pts',(3.4752356448602,-16.3728206206982,6.50019205575839));
#13780=CARTESIAN_POINT('Ctrl Pts',(3.440164838479,-16.4526307330385,6.9036964689909));
#13781=CARTESIAN_POINT('Ctrl Pts',(3.48513361934147,-16.4304806859111,6.78041096172952));
#13782=CARTESIAN_POINT('Ctrl Pts',(3.53012707681171,-16.3931633608643,6.64790471029957));
#13783=CARTESIAN_POINT('Ctrl Pts',(3.57108953040105,-16.3236375574805,6.51247207039289));
#13784=CARTESIAN_POINT('Ctrl Pts',(3.69434865535689,-16.3036317686905,6.9036964689909));
#13785=CARTESIAN_POINT('Ctrl Pts',(3.70897049449308,-16.2750534977358,6.78859749771631));
#13786=CARTESIAN_POINT('Ctrl Pts',(3.72246096424403,-16.2355764027993,6.66868462800739));
#13787=CARTESIAN_POINT('Ctrl Pts',(3.73446650247819,-16.1736629773121,6.54991768517941));
#13788=CARTESIAN_POINT('Ctrl Pts',(3.79473319220293,-16.0266244603002,6.9036964689909));
#13789=CARTESIAN_POINT('Ctrl Pts',(3.79451779926828,-16.0169245529103,6.80367905432533));
#13790=CARTESIAN_POINT('Ctrl Pts',(3.79484303775479,-15.9990625228643,6.70178652336091));
#13791=CARTESIAN_POINT('Ctrl Pts',(3.79473319220293,-15.9634270697869,6.60240933275491));
#13792=CARTESIAN_POINT('Ctrl Pts',(3.79473319220293,-15.8877979098911,6.9036964689909));
#13793=CARTESIAN_POINT('Ctrl Pts',(3.79473319220293,-15.8877979098911,6.81125964419491));
#13794=CARTESIAN_POINT('Ctrl Pts',(3.79473319220293,-15.8806157662224,6.71836016035223));
#13795=CARTESIAN_POINT('Ctrl Pts',(3.79473319220293,-15.8582235763733,6.62867651406081));
#13796=CARTESIAN_POINT('',(3.79473319220293,-15.8582235763734,6.62867651406052));
#13797=CARTESIAN_POINT('',(3.47523564486024,-16.3728206206982,6.5001920557583));
#13798=CARTESIAN_POINT('Origin',(3.19473319220293,-15.8582235763733,6.62867651406075));
#13799=CARTESIAN_POINT('',(3.79473319220293,-15.8877979098911,6.9036964689909));
#13800=CARTESIAN_POINT('Ctrl Pts',(3.79473319220293,-15.8582235763733,6.62867651406081));
#13801=CARTESIAN_POINT('Ctrl Pts',(3.79473319220293,-15.8806157662224,6.71836016035223));
#13802=CARTESIAN_POINT('Ctrl Pts',(3.79473319220293,-15.8877979098911,6.81125964419491));
#13803=CARTESIAN_POINT('Ctrl Pts',(3.79473319220293,-15.8877979098911,6.9036964689909));
#13804=CARTESIAN_POINT('',(3.30364455102804,-16.4778303801153,6.9036964689909));
#13805=CARTESIAN_POINT('Origin',(3.19473319220293,-15.8877979098911,6.9036964689909));
#13806=CARTESIAN_POINT('Ctrl Pts',(3.30364455102804,-16.4778303801153,6.9036964689909));
#13807=CARTESIAN_POINT('Ctrl Pts',(3.36055175445137,-16.4673261432054,6.77907595594659));
#13808=CARTESIAN_POINT('Ctrl Pts',(3.41965083789402,-16.4386732166376,6.64258964056153));
#13809=CARTESIAN_POINT('Ctrl Pts',(3.4752356448602,-16.3728206206982,6.50019205575839));
#13810=CARTESIAN_POINT('Ctrl Pts',(3.47523564486024,-16.3728206206982,6.5001920557583));
#13811=CARTESIAN_POINT('Ctrl Pts',(3.5697306962455,-16.2608701655868,6.25811390837338));
#13812=CARTESIAN_POINT('Ctrl Pts',(3.56454799323744,-16.0990548921899,6.02465111040942));
#13813=CARTESIAN_POINT('Ctrl Pts',(3.49558951199693,-15.9114076058853,5.83573420039837));
#13814=CARTESIAN_POINT('Ctrl Pts',(3.49509565445262,-15.9100770461583,5.83440306892163));
#13815=CARTESIAN_POINT('Ctrl Pts',(3.49459978830441,-15.9087464614641,5.83307382752726));
#13816=CARTESIAN_POINT('Ctrl Pts',(3.58478294262117,-16.3166114055923,6.51422635819768));
#13817=CARTESIAN_POINT('Ctrl Pts',(3.63071211841828,-16.2005033281807,6.25553740299662));
#13818=CARTESIAN_POINT('Ctrl Pts',(3.58638831813883,-16.0654114713193,6.03025256503249));
#13819=CARTESIAN_POINT('Ctrl Pts',(3.4958988896766,-15.9109379011664,5.83580785253355));
#13820=CARTESIAN_POINT('Ctrl Pts',(3.49524905725728,-15.9098420185482,5.83444093714857));
#13821=CARTESIAN_POINT('Ctrl Pts',(3.49459978830441,-15.9087464614641,5.83307382752726));
#13822=CARTESIAN_POINT('Ctrl Pts',(3.7435664095348,-16.1589233534931,6.55359787068134));
#13823=CARTESIAN_POINT('Ctrl Pts',(3.71883734738999,-16.0877713936754,6.26568593945817));
#13824=CARTESIAN_POINT('Ctrl Pts',(3.62497418576542,-16.0065703796144,6.04003210850188));
#13825=CARTESIAN_POINT('Ctrl Pts',(3.49643673866508,-15.9101148736393,5.83593841845099));
#13826=CARTESIAN_POINT('Ctrl Pts',(3.49551751216543,-15.9094307202305,5.83450720654572));
#13827=CARTESIAN_POINT('Ctrl Pts',(3.4945997883044,-15.9087464614641,5.83307382752726));
#13828=CARTESIAN_POINT('Ctrl Pts',(3.7947331922029,-15.9483979992993,6.6061617872269));
#13829=CARTESIAN_POINT('Ctrl Pts',(3.77636608548375,-15.9620046061882,6.30650543921191));
#13830=CARTESIAN_POINT('Ctrl Pts',(3.66345697225179,-15.9473753222022,6.04935281733509));
#13831=CARTESIAN_POINT('Ctrl Pts',(3.49697193246134,-15.9092919954739,5.836074041478));
#13832=CARTESIAN_POINT('Ctrl Pts',(3.49578596707359,-15.9090194219128,5.83457347594287));
#13833=CARTESIAN_POINT('Ctrl Pts',(3.49459978830441,-15.9087464614641,5.83307382752726));
#13834=CARTESIAN_POINT('Ctrl Pts',(3.79473319220293,-15.8582235763734,6.62867651406052));
#13835=CARTESIAN_POINT('Ctrl Pts',(3.79473319220281,-15.9049093700342,6.32941661807684));
#13836=CARTESIAN_POINT('Ctrl Pts',(3.680051309985,-15.9220372534532,6.05329545596976));
#13837=CARTESIAN_POINT('Ctrl Pts',(3.49720022396403,-15.9089388845558,5.83613293006236));
#13838=CARTESIAN_POINT('Ctrl Pts',(3.49590101917709,-15.9088431512053,5.83460187711308));
#13839=CARTESIAN_POINT('Ctrl Pts',(3.49459978830441,-15.9087464614641,5.83307382752726));
#13840=CARTESIAN_POINT('',(3.49459978830441,-15.9087464614641,5.83307382752726));
#13841=CARTESIAN_POINT('Ctrl Pts',(3.47523564486024,-16.3728206206982,6.5001920557583));
#13842=CARTESIAN_POINT('Ctrl Pts',(3.5697306962455,-16.2608701655868,6.25811390837338));
#13843=CARTESIAN_POINT('Ctrl Pts',(3.56454799323744,-16.0990548921899,6.02465111040942));
#13844=CARTESIAN_POINT('Ctrl Pts',(3.49558951199693,-15.9114076058853,5.83573420039837));
#13845=CARTESIAN_POINT('Ctrl Pts',(3.49509565445262,-15.9100770461583,5.83440306892163));
#13846=CARTESIAN_POINT('Ctrl Pts',(3.49459978830441,-15.9087464614641,5.83307382752726));
#13847=CARTESIAN_POINT('Ctrl Pts',(3.49459978830441,-15.9087464614641,5.83307382752726));
#13848=CARTESIAN_POINT('Ctrl Pts',(3.49590101917709,-15.9088431512053,5.83460187711308));
#13849=CARTESIAN_POINT('Ctrl Pts',(3.49720022396403,-15.9089388845558,5.83613293006236));
#13850=CARTESIAN_POINT('Ctrl Pts',(3.680051309985,-15.9220372534532,6.05329545596976));
#13851=CARTESIAN_POINT('Ctrl Pts',(3.79473319220281,-15.9049093700342,6.32941661807684));
#13852=CARTESIAN_POINT('Ctrl Pts',(3.79473319220293,-15.8582235763734,6.62867651406052));
#13853=CARTESIAN_POINT('Origin',(2.79473319220293,-14.3324891129676,5.74779331090182));
#13854=CARTESIAN_POINT('',(3.49459978830441,-15.3015891539185,5.48253139257538));
#13855=CARTESIAN_POINT('',(3.49459978830441,-14.689625903169,5.12921424502099));
#13856=CARTESIAN_POINT('',(3.74755373917936,-15.0962195308094,5.83824201413168));
#13857=CARTESIAN_POINT('Origin',(2.79473319220293,-14.9444523637171,6.10111045845621));
#13858=CARTESIAN_POINT('',(3.79473319220293,-15.4661740296495,6.40232660272567));
#13859=CARTESIAN_POINT('Ctrl Pts',(3.74755369520205,-15.0962195308417,5.83824201978869));
#13860=CARTESIAN_POINT('Ctrl Pts',(3.74834991984952,-15.1018856931999,5.84439945947246));
#13861=CARTESIAN_POINT('Ctrl Pts',(3.74915901326802,-15.1075453119319,5.85063899289556));
#13862=CARTESIAN_POINT('Ctrl Pts',(3.76835749572449,-15.2398380667814,5.99860556070423));
#13863=CARTESIAN_POINT('Ctrl Pts',(3.78896430376884,-15.3497298381009,6.16717697006243));
#13864=CARTESIAN_POINT('Ctrl Pts',(3.79431631151501,-15.4423785584291,6.3510869903441));
#13865=CARTESIAN_POINT('Ctrl Pts',(3.79473319220297,-15.454533267161,6.37640726463369));
#13866=CARTESIAN_POINT('Ctrl Pts',(3.79473319220293,-15.4661740296486,6.40232660272607));
#13867=CARTESIAN_POINT('',(3.79473319220293,-14.3324891129676,5.74779331090182));
#13868=CARTESIAN_POINT('Ctrl Pts',(3.30364455102803,-16.4778303801153,6.90369646899091));
#13869=CARTESIAN_POINT('Ctrl Pts',(3.15264602460836,-16.5057024982153,6.63670579203177));
#13870=CARTESIAN_POINT('Ctrl Pts',(2.65626282548604,-16.5937811782115,6.08385464239176));
#13871=CARTESIAN_POINT('Ctrl Pts',(1.90295175118536,-16.6854868312386,5.87209387613394));
#13872=CARTESIAN_POINT('Ctrl Pts',(1.47610465116278,-16.7202205434323,5.89104555256594));
#13873=CARTESIAN_POINT('Ctrl Pts',(3.46984693965669,-16.4471518515614,6.81183749100139));
#13874=CARTESIAN_POINT('Ctrl Pts',(3.29985145239123,-16.4798863668538,6.52430150437349));
#13875=CARTESIAN_POINT('Ctrl Pts',(2.7520314820021,-16.5811121506277,5.92954329050904));
#13876=CARTESIAN_POINT('Ctrl Pts',(1.93294387394402,-16.6832112838158,5.69861422768714));
#13877=CARTESIAN_POINT('Ctrl Pts',(1.46795307761861,-16.7208838591943,5.71638717432687));
#13878=CARTESIAN_POINT('Ctrl Pts',(3.78117489624698,-16.2735788410569,6.62831376495393));
#13879=CARTESIAN_POINT('Ctrl Pts',(3.57606226593242,-16.3249681971211,6.299717237543));
#13880=CARTESIAN_POINT('Ctrl Pts',(2.930634428888,-16.4662016558518,5.6211284337677));
#13881=CARTESIAN_POINT('Ctrl Pts',(1.98323287330717,-16.5886320781408,5.35185787873603));
#13882=CARTESIAN_POINT('Ctrl Pts',(1.44404796737017,-16.6286463589641,5.36731744156878));
#13883=CARTESIAN_POINT('Ctrl Pts',(3.95035886137551,-15.931961509348,6.50418468225337));
#13884=CARTESIAN_POINT('Ctrl Pts',(3.73384334479572,-16.0089063735001,6.1433694622687));
#13885=CARTESIAN_POINT('Ctrl Pts',(3.0382848328378,-16.2006087197647,5.39414133326737));
#13886=CARTESIAN_POINT('Ctrl Pts',(2.00087319360743,-16.3384795989812,5.09523823144878));
#13887=CARTESIAN_POINT('Ctrl Pts',(1.4113570338443,-16.3742752371199,5.11206163985323));
#13888=CARTESIAN_POINT('Ctrl Pts',(3.98568842947931,-15.7465635722348,6.46701070655584));
#13889=CARTESIAN_POINT('Ctrl Pts',(3.77163557334593,-15.8340020178594,6.0941956005707));
#13890=CARTESIAN_POINT('Ctrl Pts',(3.06797147788668,-16.0473418939792,5.3160034560818));
#13891=CARTESIAN_POINT('Ctrl Pts',(2.00009094398841,-16.1906896857482,5.00606847234948));
#13892=CARTESIAN_POINT('Ctrl Pts',(1.39499999999999,-16.2235149522171,5.0250201487815));
#13893=CARTESIAN_POINT('',(1.47610465116278,-16.7202205434323,5.89104555256594));
#13894=CARTESIAN_POINT('Ctrl Pts',(3.30364455102803,-16.4778303801153,6.90369646899091));
#13895=CARTESIAN_POINT('Ctrl Pts',(3.15264602460836,-16.5057024982153,6.63670579203177));
#13896=CARTESIAN_POINT('Ctrl Pts',(2.65626282548604,-16.5937811782115,6.08385464239176));
#13897=CARTESIAN_POINT('Ctrl Pts',(1.90295175118536,-16.6854868312386,5.87209387613394));
#13898=CARTESIAN_POINT('Ctrl Pts',(1.47610465116278,-16.7202205434323,5.89104555256594));
#13899=CARTESIAN_POINT('',(1.39499999999999,-16.2235149522171,5.0250201487815));
#13900=CARTESIAN_POINT('Origin',(1.39499999999999,-15.7235149522171,5.89104555256594));
#13901=CARTESIAN_POINT('Ctrl Pts',(1.39499999999999,-16.2235149522171,5.0250201487815));
#13902=CARTESIAN_POINT('Ctrl Pts',(2.00009094398841,-16.1906896857482,5.00606847234948));
#13903=CARTESIAN_POINT('Ctrl Pts',(2.78573307239535,-16.0852283905444,5.23408834213618));
#13904=CARTESIAN_POINT('Ctrl Pts',(3.37424020389582,-15.9418833320731,5.71555606379029));
#13905=CARTESIAN_POINT('Ctrl Pts',(3.49465698552989,-15.9089361172563,5.8330683810156));
#13906=CARTESIAN_POINT('Ctrl Pts',(-1.39499999999999,-16.2235149522171,
5.0250201487815));
#13907=CARTESIAN_POINT('Ctrl Pts',(-0.467044554665532,-16.2990252165838,
5.06861602024021));
#13908=CARTESIAN_POINT('Ctrl Pts',(0.467044554665526,-16.2990252165838,
5.06861602024021));
#13909=CARTESIAN_POINT('Ctrl Pts',(1.39499999999999,-16.2235149522171,5.0250201487815));
#13910=CARTESIAN_POINT('Ctrl Pts',(-1.41135703384431,-16.3742752371199,
5.11206163985323));
#13911=CARTESIAN_POINT('Ctrl Pts',(-0.472502071595,-16.4503028525847,5.15596076166979));
#13912=CARTESIAN_POINT('Ctrl Pts',(0.472502071594994,-16.4503028525847,
5.15596076166979));
#13913=CARTESIAN_POINT('Ctrl Pts',(1.4113570338443,-16.3742752371199,5.11206163985323));
#13914=CARTESIAN_POINT('Ctrl Pts',(-1.44404406053327,-16.6285742621785,
5.36735915828863));
#13915=CARTESIAN_POINT('Ctrl Pts',(-0.483424790820423,-16.7058785750108,
5.41145270367885));
#13916=CARTESIAN_POINT('Ctrl Pts',(0.483424790820416,-16.7058785750108,
5.41145270367885));
#13917=CARTESIAN_POINT('Ctrl Pts',(1.44404406053327,-16.6285742621785,5.36735915828863));
#13918=CARTESIAN_POINT('Ctrl Pts',(-1.46795307761862,-16.7208838591943,
5.71638717432687));
#13919=CARTESIAN_POINT('Ctrl Pts',(-0.491420566706819,-16.7998987261216,
5.76015092472348));
#13920=CARTESIAN_POINT('Ctrl Pts',(0.491420566706813,-16.7998987261216,
5.76015092472348));
#13921=CARTESIAN_POINT('Ctrl Pts',(1.46795307761861,-16.7208838591943,5.71638717432687));
#13922=CARTESIAN_POINT('Ctrl Pts',(-1.47610465116278,-16.7202205434323,
5.89104555256593));
#13923=CARTESIAN_POINT('Ctrl Pts',(-0.49419830784376,-16.8001209394483,
5.93464142402465));
#13924=CARTESIAN_POINT('Ctrl Pts',(0.494198307843754,-16.8001209394483,
5.93464142402465));
#13925=CARTESIAN_POINT('Ctrl Pts',(1.47610465116278,-16.7202205434323,5.89104555256593));
#13926=CARTESIAN_POINT('',(-1.47610465116278,-16.7202205434323,5.89104555256593));
#13927=CARTESIAN_POINT('',(-1.39499999999999,-16.2235149522171,5.0250201487815));
#13928=CARTESIAN_POINT('Origin',(-1.39499999999999,-15.7235149522171,5.89104555256593));
#13929=CARTESIAN_POINT('Origin',(0.,0.919821216685401,-4.87268960314269));
#13930=CARTESIAN_POINT('Origin',(0.,1.4198212166854,-4.00666419935826));
#13931=CARTESIAN_POINT('Ctrl Pts',(-1.47610465116278,-16.7202205434323,
5.89104555256594));
#13932=CARTESIAN_POINT('Ctrl Pts',(-1.90295174269871,-16.6854868319292,
5.87209387651074));
#13933=CARTESIAN_POINT('Ctrl Pts',(-2.65626280180907,-16.5937811814903,
6.08385463302051));
#13934=CARTESIAN_POINT('Ctrl Pts',(-3.15264600007588,-16.5057025025526,
6.63670576185014));
#13935=CARTESIAN_POINT('Ctrl Pts',(-3.30364452912794,-16.4778303841577,
6.90369643026786));
#13936=CARTESIAN_POINT('Ctrl Pts',(-1.46795307761862,-16.7208838591943,
5.71638717432687));
#13937=CARTESIAN_POINT('Ctrl Pts',(-1.932943864699,-16.6832112845649,5.6986142280405));
#13938=CARTESIAN_POINT('Ctrl Pts',(-2.75203145626762,-16.5811121543007,
5.92954328035597));
#13939=CARTESIAN_POINT('Ctrl Pts',(-3.29985142521268,-16.479886371872,6.52430147190109));
#13940=CARTESIAN_POINT('Ctrl Pts',(-3.46984691500783,-16.4471518563215,
6.81183744929896));
#13941=CARTESIAN_POINT('Ctrl Pts',(-1.44404796737019,-16.6286463589642,
5.36731744156869));
#13942=CARTESIAN_POINT('Ctrl Pts',(-1.98323286258703,-16.5886320789365,
5.35185787904331));
#13943=CARTESIAN_POINT('Ctrl Pts',(-2.93063439913887,-16.4662016603368,
5.62112842205019));
#13944=CARTESIAN_POINT('Ctrl Pts',(-3.57606223374427,-16.3249682042863,
6.29971720048717));
#13945=CARTESIAN_POINT('Ctrl Pts',(-3.78117486648858,-16.2735788485048,
6.62831371729442));
#13946=CARTESIAN_POINT('Ctrl Pts',(-1.41135703384431,-16.3742752371199,
5.11206163985323));
#13947=CARTESIAN_POINT('Ctrl Pts',(-2.00087318188659,-16.3384795996929,
5.09523823178326));
#13948=CARTESIAN_POINT('Ctrl Pts',(-3.03828480024909,-16.2006087249838,
5.39414132024609));
#13949=CARTESIAN_POINT('Ctrl Pts',(-3.73384331026814,-16.008906383462,6.14336942141129));
#13950=CARTESIAN_POINT('Ctrl Pts',(-3.95035882999084,-15.9319615205087,
6.50418462992538));
#13951=CARTESIAN_POINT('Ctrl Pts',(-1.39499999999999,-16.2235149522171,
5.0250201487815));
#13952=CARTESIAN_POINT('Ctrl Pts',(-2.00009093195791,-16.1906896864009,
5.00606847272628));
#13953=CARTESIAN_POINT('Ctrl Pts',(-3.06797144432262,-16.0473418994941,
5.31600344252545));
#13954=CARTESIAN_POINT('Ctrl Pts',(-3.7716355385691,-15.8340020290053,6.09419555818349));
#13955=CARTESIAN_POINT('Ctrl Pts',(-3.98568839843411,-15.7465635849165,
6.46701065248453));
#13956=CARTESIAN_POINT('Ctrl Pts',(-3.49465698556135,-15.9089361172364,
5.8330683809778));
#13957=CARTESIAN_POINT('Ctrl Pts',(-3.37424019537046,-15.9418833344038,
5.71555605539331));
#13958=CARTESIAN_POINT('Ctrl Pts',(-2.78573306066969,-16.0852283926067,
5.23408833694877));
#13959=CARTESIAN_POINT('Ctrl Pts',(-2.00009093195791,-16.1906896864009,
5.00606847272628));
#13960=CARTESIAN_POINT('Ctrl Pts',(-1.39499999999999,-16.2235149522171,
5.0250201487815));
#13961=CARTESIAN_POINT('Ctrl Pts',(-1.47610465116278,-16.7202205434323,
5.89104555256594));
#13962=CARTESIAN_POINT('Ctrl Pts',(-1.90295174269871,-16.6854868319292,
5.87209387651074));
#13963=CARTESIAN_POINT('Ctrl Pts',(-2.65626280180907,-16.5937811814903,
6.08385463302051));
#13964=CARTESIAN_POINT('Ctrl Pts',(-3.15264600007588,-16.5057025025526,
6.63670576185014));
#13965=CARTESIAN_POINT('Ctrl Pts',(-3.30364452912794,-16.4778303841577,
6.90369643026786));
#13966=CARTESIAN_POINT('Origin',(-2.79473319220294,-13.5944523637173,5.32168759505032));
#13967=CARTESIAN_POINT('',(-3.79473319220294,-15.4661740296495,6.40232660272568));
#13968=CARTESIAN_POINT('',(-3.79473319220294,-13.5944523637173,5.32168759505032));
#13969=CARTESIAN_POINT('',(-3.74755369491726,-15.0962195288149,5.83824201758619));
#13970=CARTESIAN_POINT('Ctrl Pts',(-3.79473319220294,-15.4661740296486,
6.40232660272608));
#13971=CARTESIAN_POINT('Ctrl Pts',(-3.79473319220299,-15.4497094444142,
6.36566653413571));
#13972=CARTESIAN_POINT('Ctrl Pts',(-3.7938957272577,-15.4318059368226,6.32928712070006));
#13973=CARTESIAN_POINT('Ctrl Pts',(-3.78609295430389,-15.3308097329827,
6.1371911715892));
#13974=CARTESIAN_POINT('Ctrl Pts',(-3.76520172824456,-15.2218079828592,
5.97471945667097));
#13975=CARTESIAN_POINT('Ctrl Pts',(-3.74755369491725,-15.0962195288149,
5.83824201758619));
#13976=CARTESIAN_POINT('',(-3.49459978830441,-15.3015891539185,5.48253139257538));
#13977=CARTESIAN_POINT('Origin',(-2.79473319220294,-14.9444523637171,6.10111045845621));
#13978=CARTESIAN_POINT('',(-3.49459978830441,-13.9515891539187,4.70310852916949));
#13979=CARTESIAN_POINT('Ctrl Pts',(3.79473319220293,-15.7801787833144,7.30940107675838));
#13980=CARTESIAN_POINT('Ctrl Pts',(3.79473319220293,-15.6455390981606,7.1021097208459));
#13981=CARTESIAN_POINT('Ctrl Pts',(3.71616438524329,-15.421911369983,6.75781231001496));
#13982=CARTESIAN_POINT('Ctrl Pts',(3.4637554257979,-15.2212153699815,6.44882060434525));
#13983=CARTESIAN_POINT('Ctrl Pts',(3.2844929823055,-15.1801787833144,6.385640646055));
#13984=CARTESIAN_POINT('Ctrl Pts',(3.19473319220293,-15.1801787833144,6.385640646055));
#13985=CARTESIAN_POINT('Ctrl Pts',(3.79473319220293,-15.9297784334853,7.05028688186778));
#13986=CARTESIAN_POINT('Ctrl Pts',(3.82932939150979,-15.7849386030397,6.86190482825094));
#13987=CARTESIAN_POINT('Ctrl Pts',(3.78915724638476,-15.508577453961,6.53963218292697));
#13988=CARTESIAN_POINT('Ctrl Pts',(3.51550543580899,-15.2373186824406,6.24660336676885));
#13989=CARTESIAN_POINT('Ctrl Pts',(3.30163782452034,-15.1801787833144,6.18617444582708));
#13990=CARTESIAN_POINT('Ctrl Pts',(3.19473319220293,-15.1801787833144,6.18617444582708));
#13991=CARTESIAN_POINT('Ctrl Pts',(4.04581528325751,-16.1888069981481,6.60163624726031));
#13992=CARTESIAN_POINT('Ctrl Pts',(4.09916159188301,-15.9693099625781,6.44335459745975));
#13993=CARTESIAN_POINT('Ctrl Pts',(4.04689404697426,-15.5557663640194,6.1595979919527));
#13994=CARTESIAN_POINT('Ctrl Pts',(3.65324397143131,-15.1562189722924,5.89308252278738));
#13995=CARTESIAN_POINT('Ctrl Pts',(3.34794731654781,-15.0724614309147,5.83783829203699));
#13996=CARTESIAN_POINT('Ctrl Pts',(3.19473319220293,-15.0724614309147,5.83783829203699));
#13997=CARTESIAN_POINT('Ctrl Pts',(4.57033371694652,-16.2801787833144,6.44337567297394));
#13998=CARTESIAN_POINT('Ctrl Pts',(4.58622337339325,-15.9586840556975,6.25809467626107));
#13999=CARTESIAN_POINT('Ctrl Pts',(4.42382750735577,-15.4115101239299,5.94180246081754));
#14000=CARTESIAN_POINT('Ctrl Pts',(3.83446661982467,-14.9122970220983,5.65375527935898));
#14001=CARTESIAN_POINT('Ctrl Pts',(3.40826311043023,-14.8097358807597,5.59441506735603));
#14002=CARTESIAN_POINT('Ctrl Pts',(3.19473319220293,-14.8097358807597,5.59441506735603));
#14003=CARTESIAN_POINT('Ctrl Pts',(4.79473319220293,-16.2801787833144,6.44337567297394));
#14004=CARTESIAN_POINT('Ctrl Pts',(4.79473319220293,-15.9211396229041,6.23608431706146));
#14005=CARTESIAN_POINT('Ctrl Pts',(4.58521637364387,-15.3247990144305,5.89178690623052));
#14006=CARTESIAN_POINT('Ctrl Pts',(3.91212581512284,-14.7896096810932,5.58279520056081));
#14007=CARTESIAN_POINT('Ctrl Pts',(3.43409263247644,-14.6801787833144,5.51961524227056));
#14008=CARTESIAN_POINT('Ctrl Pts',(3.19473319220293,-14.6801787833144,5.51961524227056));
#14009=CARTESIAN_POINT('',(3.79473314732143,-15.1008884393996,5.83015522723744));
#14010=CARTESIAN_POINT('Ctrl Pts',(3.79444924648936,-15.1009885832669,5.83030515881501));
#14011=CARTESIAN_POINT('Ctrl Pts',(3.77860509741212,-15.0994572451674,5.83298315544465));
#14012=CARTESIAN_POINT('Ctrl Pts',(3.76287625342527,-15.0978837976652,5.83566336128565));
#14013=CARTESIAN_POINT('Ctrl Pts',(3.74726807404179,-15.0963178177217,5.83836168046812));
#14014=CARTESIAN_POINT('',(3.83263866799296,-15.1045239274528,5.82385837722173));
#14015=CARTESIAN_POINT('Ctrl Pts',(3.79444924636027,-15.1009885815848,5.83030515706593));
#14016=CARTESIAN_POINT('Ctrl Pts',(3.80700829782137,-15.102210501233,5.82819098834233));
#14017=CARTESIAN_POINT('Ctrl Pts',(3.81964632062811,-15.1034269535378,5.82609866106927));
#14018=CARTESIAN_POINT('Ctrl Pts',(3.83236262101114,-15.1046269136415,5.82403364333168));
#14019=CARTESIAN_POINT('',(3.79514490008525,-14.8158283505297,5.59815566340195));
#14020=CARTESIAN_POINT('Ctrl Pts',(3.83236262101104,-15.1046269136419,5.82403364333221));
#14021=CARTESIAN_POINT('Ctrl Pts',(3.82667233007783,-15.0802690078205,5.80085895685515));
#14022=CARTESIAN_POINT('Ctrl Pts',(3.82146410652279,-15.0556449448358,5.77835046831228));
#14023=CARTESIAN_POINT('Ctrl Pts',(3.81684774434855,-15.0306355440146,5.75660224964236));
#14024=CARTESIAN_POINT('Ctrl Pts',(3.81313842633487,-15.010540105772,5.73912722142035));
#14025=CARTESIAN_POINT('Ctrl Pts',(3.8098115825835,-14.9901965727421,5.72214358152404));
#14026=CARTESIAN_POINT('Ctrl Pts',(3.80693375624392,-14.9695611897439,5.70571350047566));
#14027=CARTESIAN_POINT('Ctrl Pts',(3.80651683797952,-14.9665716875817,5.70333323145788));
#14028=CARTESIAN_POINT('Ctrl Pts',(3.80610925394857,-14.9635744409035,5.70096327470763));
#14029=CARTESIAN_POINT('Ctrl Pts',(3.80571121897506,-14.9605692614093,5.69860383532686));
#14030=CARTESIAN_POINT('Ctrl Pts',(3.80246094159395,-14.9360295410675,5.67933710511069));
#14031=CARTESIAN_POINT('Ctrl Pts',(3.79984642235124,-14.9109583244296,5.66076846295405));
#14032=CARTESIAN_POINT('Ctrl Pts',(3.7979929982216,-14.8852647071505,5.64302837354732));
#14033=CARTESIAN_POINT('Ctrl Pts',(3.79636187681125,-14.8626528243206,5.62741605945789));
#14034=CARTESIAN_POINT('Ctrl Pts',(3.79532045071671,-14.8395592491825,5.61244600925026));
#14035=CARTESIAN_POINT('Ctrl Pts',(3.79496148802883,-14.8159426016238,5.59823245493199));
#14036=CARTESIAN_POINT('',(3.79527707628952,-14.7971592138932,5.58715392535515));
#14037=CARTESIAN_POINT('Ctrl Pts',(3.79527707628952,-14.7971592138932,5.58715392535515));
#14038=CARTESIAN_POINT('Ctrl Pts',(3.79509334024874,-14.8034143272226,5.59076531671966));
#14039=CARTESIAN_POINT('Ctrl Pts',(3.79504931585116,-14.8096364572019,5.59443358588272));
#14040=CARTESIAN_POINT('Ctrl Pts',(3.79514490008525,-14.8158283505297,5.59815566340194));
#14041=CARTESIAN_POINT('',(3.795,-14.7970470428891,5.58708916339571));
#14042=CARTESIAN_POINT('Ctrl Pts',(3.79509986152985,-14.7972856759242,5.58722693824281));
#14043=CARTESIAN_POINT('Ctrl Pts',(3.79500750609152,-14.7972483406239,5.58720538269711));
#14044=CARTESIAN_POINT('Ctrl Pts',(3.79491514717539,-14.7972110139705,5.58718383214375));
#14045=CARTESIAN_POINT('Ctrl Pts',(3.79482278478314,-14.7971736959646,5.58716228658295));
#14046=CARTESIAN_POINT('',(3.19473319220293,-14.6801787833144,5.51961524227056));
#14047=CARTESIAN_POINT('Origin',(3.19473319220293,-16.2801787833144,6.44337567297394));
#14048=CARTESIAN_POINT('',(3.19473319220293,-15.1801787833144,6.385640646055));
#14049=CARTESIAN_POINT('Origin',(3.19473319220293,-14.1801787833144,6.385640646055));
#14050=CARTESIAN_POINT('',(3.79473319220293,-15.7801787833144,7.30940107675838));
#14051=CARTESIAN_POINT('Origin',(3.19473319220293,-15.7801787833144,7.30940107675838));
#14052=CARTESIAN_POINT('Ctrl Pts',(3.79473319220293,-15.7801787833144,7.30940107675838));
#14053=CARTESIAN_POINT('Ctrl Pts',(3.79473319220293,-15.7791685379587,7.30605322176875));
#14054=CARTESIAN_POINT('Ctrl Pts',(3.79473319220293,-15.778158279081,7.30270532196745));
#14055=CARTESIAN_POINT('Ctrl Pts',(3.79473319220293,-15.6805241870686,6.9791704300068));
#14056=CARTESIAN_POINT('Ctrl Pts',(3.79473319220293,-15.5875676848787,6.67262188583308));
#14057=CARTESIAN_POINT('Ctrl Pts',(3.79473319220293,-15.4661740296486,6.40232660272607));
#14058=CARTESIAN_POINT('Origin',(1.39499999999999,-13.6182155325649,6.98495144266348));
#14059=CARTESIAN_POINT('Origin',(1.39499999999999,-14.2301787833144,7.33826859021787));
#14060=CARTESIAN_POINT('',(1.39499999999999,-15.7872660321342,4.77315171733795));
#14061=CARTESIAN_POINT('',(1.39499999999999,-15.1182155325649,4.38687523131017));
#14062=CARTESIAN_POINT('Origin',(1.39499999999999,-13.3590628018587,6.83532954382902));
#14063=CARTESIAN_POINT('Origin',(0.,-16.1801787833146,5.));
#14064=CARTESIAN_POINT('',(-1.39499999999999,-15.7872660321342,4.77315171733795));
#14065=CARTESIAN_POINT('',(-1.39499999999999,-14.3801787833146,3.96076951545867));
#14066=CARTESIAN_POINT('',(-1.87499999999998,-15.7872660321342,4.77315171733795));
#14067=CARTESIAN_POINT('Origin',(-1.39499999999999,-12.8801787833146,6.55884572681198));
#14068=CARTESIAN_POINT('',(-3.8326386679925,-15.104523927452,5.82385837722049));
#14069=CARTESIAN_POINT('Origin',(-1.39499999999999,-14.2301787833144,7.33826859021787));
#14070=CARTESIAN_POINT('',(-3.79514490008525,-14.8158283505297,5.59815566340194));
#14071=CARTESIAN_POINT('Ctrl Pts',(-3.79514490008525,-14.8158283505297,
5.59815566340195));
#14072=CARTESIAN_POINT('Ctrl Pts',(-3.7967752686592,-14.9214427166562,5.66164268377767));
#14073=CARTESIAN_POINT('Ctrl Pts',(-3.81208757072034,-15.0164097263735,
5.73990597639033));
#14074=CARTESIAN_POINT('Ctrl Pts',(-3.83263866799234,-15.1045239274513,
5.82385837721984));
#14075=CARTESIAN_POINT('Origin',(-1.39499999999999,-13.3590628018587,6.83532954382902));
#14076=CARTESIAN_POINT('Ctrl Pts',(5.0861734264677,-13.7801787833146,5.00000000000001));
#14077=CARTESIAN_POINT('Ctrl Pts',(4.8274160606597,-14.233853693987,4.54632508932764));
#14078=CARTESIAN_POINT('Ctrl Pts',(3.85238461087809,-15.1799382576816,3.60024052563296));
#14079=CARTESIAN_POINT('Ctrl Pts',(2.29044273170771,-15.5801592509476,3.20001953236696));
#14080=CARTESIAN_POINT('Ctrl Pts',(1.39499999999999,-15.5801592509476,3.20001953236696));
#14081=CARTESIAN_POINT('Ctrl Pts',(4.93860966668803,-13.7380966570265,5.04208212628811));
#14082=CARTESIAN_POINT('Ctrl Pts',(4.68603955587166,-14.1736431265884,4.60651213246253));
#14083=CARTESIAN_POINT('Ctrl Pts',(3.74246842558331,-15.0778202492234,3.70233994724462));
#14084=CARTESIAN_POINT('Ctrl Pts',(2.24996946960921,-15.4567458359988,3.32343294731581));
#14085=CARTESIAN_POINT('Ctrl Pts',(1.39499999999999,-15.4567458359988,3.32343294731581));
#14086=CARTESIAN_POINT('Ctrl Pts',(4.64405541322294,-13.708946010195,5.1809330173887));
#14087=CARTESIAN_POINT('Ctrl Pts',(4.40387634703517,-14.1110293971376,4.7842300284078));
#14088=CARTESIAN_POINT('Ctrl Pts',(3.52318959362246,-14.9375529754766,3.96955458744844));
#14089=CARTESIAN_POINT('Ctrl Pts',(2.1691952867425,-15.2767885193296,3.63581814902105));
#14090=CARTESIAN_POINT('Ctrl Pts',(1.39499999999999,-15.2767885193296,3.63581814902105));
#14091=CARTESIAN_POINT('Ctrl Pts',(4.24215875957081,-13.8600665183168,5.56127871954194));
#14092=CARTESIAN_POINT('Ctrl Pts',(4.02424935648704,-14.2265041257648,5.22433627432091));
#14093=CARTESIAN_POINT('Ctrl Pts',(3.23934849959473,-14.9738044132822,4.54131784204214));
#14094=CARTESIAN_POINT('Ctrl Pts',(2.06541812850016,-15.2755084865711,4.268945633351));
#14095=CARTESIAN_POINT('Ctrl Pts',(1.39499999999999,-15.2755084865711,4.268945633351));
#14096=CARTESIAN_POINT('Ctrl Pts',(4.14130709624453,-14.1204198415288,5.87915365156627));
#14097=CARTESIAN_POINT('Ctrl Pts',(3.93923902346592,-14.4878387244261,5.5617372378174));
#14098=CARTESIAN_POINT('Ctrl Pts',(3.19706350821716,-15.2463165620778,4.90973791696467));
#14099=CARTESIAN_POINT('Ctrl Pts',(2.05038061004028,-15.5605411116049,4.64225202343837));
#14100=CARTESIAN_POINT('Ctrl Pts',(1.39499999999999,-15.5605411116049,4.64225202343837));
#14101=CARTESIAN_POINT('Ctrl Pts',(4.16338006985077,-14.2946379451389,6.04078224587905));
#14102=CARTESIAN_POINT('Ctrl Pts',(3.96931204549477,-14.6708464241816,5.72128313067049));
#14103=CARTESIAN_POINT('Ctrl Pts',(3.23803845815856,-15.4553840443593,5.05500608095454));
#14104=CARTESIAN_POINT('Ctrl Pts',(2.06658204878078,-15.7872660321342,4.77315171733795));
#14105=CARTESIAN_POINT('Ctrl Pts',(1.39499999999999,-15.7872660321342,4.77315171733795));
#14106=CARTESIAN_POINT('',(1.39499999999999,-15.5801592509476,3.20001953236696));
#14107=CARTESIAN_POINT('Origin',(1.39499999999999,-16.2872660321342,3.90712631355351));
#14108=CARTESIAN_POINT('',(5.08617342646769,-13.7801787833146,5.));
#14109=CARTESIAN_POINT('Origin',(1.39499999999999,-12.6519560206721,6.12822276264247));
#14110=CARTESIAN_POINT('Ctrl Pts',(5.0861734264677,-13.7801787833146,5.00000000000001));
#14111=CARTESIAN_POINT('Ctrl Pts',(4.9351426767668,-13.7801787833146,5.00000000000001));
#14112=CARTESIAN_POINT('Ctrl Pts',(4.78532096026651,-13.8064998948543,5.01519650083283));
#14113=CARTESIAN_POINT('Ctrl Pts',(4.47931165363837,-13.9093102392846,5.07455408086513));
#14114=CARTESIAN_POINT('Ctrl Pts',(4.3266505705815,-13.9934553057015,5.12313525761191));
#14115=CARTESIAN_POINT('Ctrl Pts',(4.07782223736459,-14.1933807946884,5.2385622924964));
#14116=CARTESIAN_POINT('Ctrl Pts',(3.9760191395293,-14.3077730900256,5.30460671500254));
#14117=CARTESIAN_POINT('Ctrl Pts',(3.86969207021937,-14.4943552454446,5.41232997265964));
#14118=CARTESIAN_POINT('Ctrl Pts',(3.84191984778342,-14.5580988170995,5.4491323408039));
#14119=CARTESIAN_POINT('Ctrl Pts',(3.80665408272979,-14.680595609098,5.51985589663914));
#14120=CARTESIAN_POINT('Ctrl Pts',(3.79699491872763,-14.7386769526755,5.5533891760983));
#14121=CARTESIAN_POINT('Ctrl Pts',(3.79527707628952,-14.7971592138931,5.58715392535508));
#14122=CARTESIAN_POINT('Origin',(-1.87499999999998,-16.2872660321342,3.90712631355351));
#14123=CARTESIAN_POINT('',(-1.39499999999999,-15.5801592509476,3.20001953236696));
#14124=CARTESIAN_POINT('Origin',(-1.39499999999999,-16.2872660321342,3.90712631355351));
#14125=CARTESIAN_POINT('',(-1.87499999999998,-15.5801592509476,3.20001953236696));
#14126=CARTESIAN_POINT('Ctrl Pts',(-4.16338006985078,-14.2946379451389,
6.04078224587905));
#14127=CARTESIAN_POINT('Ctrl Pts',(-3.96931204549478,-14.6708464241816,
5.72128313067049));
#14128=CARTESIAN_POINT('Ctrl Pts',(-3.23803845815857,-15.4553840443593,
5.05500608095454));
#14129=CARTESIAN_POINT('Ctrl Pts',(-2.06658204878078,-15.7872660321342,
4.77315171733795));
#14130=CARTESIAN_POINT('Ctrl Pts',(-1.39499999999999,-15.7872660321342,
4.77315171733795));
#14131=CARTESIAN_POINT('Ctrl Pts',(-4.14866475411328,-14.1784925427322,
5.93302984967053));
#14132=CARTESIAN_POINT('Ctrl Pts',(-3.94929165476927,-14.5489342344712,
5.61480593630759));
#14133=CARTESIAN_POINT('Ctrl Pts',(-3.21079731451419,-15.3160837211585,
4.95806446989926));
#14134=CARTESIAN_POINT('Ctrl Pts',(-2.05604435963836,-15.6361160851147,
4.68588525473823));
#14135=CARTESIAN_POINT('Ctrl Pts',(-1.39499999999999,-15.6361160851147,
4.68588525473823));
#14136=CARTESIAN_POINT('Ctrl Pts',(-4.19087217350159,-13.9615965824906,
5.69206052675994));
#14137=CARTESIAN_POINT('Ctrl Pts',(-3.97941596874312,-14.3273421199258,
5.36464818148282));
#14138=CARTESIAN_POINT('Ctrl Pts',(-3.21337401084457,-15.0763217361723,
4.69855246301683));
#14139=CARTESIAN_POINT('Ctrl Pts',(-2.0561398104537,-15.3814394257047,4.43072070152015));
#14140=CARTESIAN_POINT('Ctrl Pts',(-1.39499999999999,-15.3814394257047,
4.43072070152015));
#14141=CARTESIAN_POINT('Ctrl Pts',(-4.49758318274287,-13.7176668860347,
5.27319558273223));
#14142=CARTESIAN_POINT('Ctrl Pts',(-4.26367180504503,-14.1044760189801,
4.89701421755441));
#14143=CARTESIAN_POINT('Ctrl Pts',(-3.41447242535835,-14.8953668572091,
4.12954204622783));
#14144=CARTESIAN_POINT('Ctrl Pts',(-2.12930084837117,-15.2163375580823,
3.81949780992869));
#14145=CARTESIAN_POINT('Ctrl Pts',(-1.39499999999999,-15.2163375580823,
3.81949780992869));
#14146=CARTESIAN_POINT('Ctrl Pts',(-4.8648277867982,-13.7170555938824,5.06312318943216));
#14147=CARTESIAN_POINT('Ctrl Pts',(-4.61533418065069,-14.1434208867829,
4.63656403543829));
#14148=CARTESIAN_POINT('Ctrl Pts',(-3.6874723470167,-15.0266659313695,3.75335769227537));
#14149=CARTESIAN_POINT('Ctrl Pts',(-2.22962993117534,-15.3950391285244,
3.38513965479023));
#14150=CARTESIAN_POINT('Ctrl Pts',(-1.39499999999999,-15.3950391285244,
3.38513965479023));
#14151=CARTESIAN_POINT('Ctrl Pts',(-5.0861734264677,-13.7801787833146,5.00000000000001));
#14152=CARTESIAN_POINT('Ctrl Pts',(-4.82741606065971,-14.233853693987,4.54632508932764));
#14153=CARTESIAN_POINT('Ctrl Pts',(-3.85238461087809,-15.1799382576816,
3.60024052563296));
#14154=CARTESIAN_POINT('Ctrl Pts',(-2.29044273170771,-15.5801592509476,
3.20001953236696));
#14155=CARTESIAN_POINT('Ctrl Pts',(-1.39499999999999,-15.5801592509476,
3.20001953236696));
#14156=CARTESIAN_POINT('',(-5.08617342646769,-13.7801787833146,5.));
#14157=CARTESIAN_POINT('',(-3.79527707628953,-14.7971592138932,5.58715392535515));
#14158=CARTESIAN_POINT('Ctrl Pts',(-3.79527707628953,-14.7971592138932,
5.58715392535515));
#14159=CARTESIAN_POINT('Ctrl Pts',(-3.79799352832583,-14.7046802681824,
5.53376118115466));
#14160=CARTESIAN_POINT('Ctrl Pts',(-3.8205495419074,-14.6133925422412,5.48105618800881));
#14161=CARTESIAN_POINT('Ctrl Pts',(-3.90892558141525,-14.4078854913809,
5.36240663687421));
#14162=CARTESIAN_POINT('Ctrl Pts',(-3.98746772354861,-14.2973875346128,
5.29861061178925));
#14163=CARTESIAN_POINT('Ctrl Pts',(-4.19905713727209,-14.0826589699899,
5.17463701720155));
#14164=CARTESIAN_POINT('Ctrl Pts',(-4.34308818311776,-13.9826300243851,
5.11688527852987));
#14165=CARTESIAN_POINT('Ctrl Pts',(-4.59391192073634,-13.8681519005874,
5.05079130293892));
#14166=CARTESIAN_POINT('Ctrl Pts',(-4.69108467908021,-13.8351800520851,
5.03175499735984));
#14167=CARTESIAN_POINT('Ctrl Pts',(-4.88784696560784,-13.7915859798288,
5.0065859480076));
#14168=CARTESIAN_POINT('Ctrl Pts',(-4.98682591047065,-13.7801787833146,
5.00000000000002));
#14169=CARTESIAN_POINT('Ctrl Pts',(-5.0861734264677,-13.7801787833146,5.00000000000002));
#14170=CARTESIAN_POINT('Origin',(-1.39499999999999,-12.6519560206721,6.12822276264247));
#14171=CARTESIAN_POINT('Ctrl Pts',(-3.79514490008525,-14.8158283505297,
5.59815566340194));
#14172=CARTESIAN_POINT('Ctrl Pts',(-3.79504931585116,-14.8096364572018,
5.59443358588266));
#14173=CARTESIAN_POINT('Ctrl Pts',(-3.79509334024874,-14.8034143272225,
5.59076531671963));
#14174=CARTESIAN_POINT('Ctrl Pts',(-3.79527707628953,-14.7971592138932,
5.58715392535515));
#14175=CARTESIAN_POINT('Origin',(1.89736659610147,-14.1801787833144,6.385640646055));
#14176=CARTESIAN_POINT('',(-3.19473319220294,-14.6801787833144,5.51961524227056));
#14177=CARTESIAN_POINT('',(-3.19473319220294,-15.1801787833144,6.385640646055));
#14178=CARTESIAN_POINT('Origin',(-3.19473319220294,-14.1801787833144,6.385640646055));
#14179=CARTESIAN_POINT('',(1.89736659610147,-15.1801787833144,6.385640646055));
#14180=CARTESIAN_POINT('',(1.89736659610147,-14.6801787833144,5.51961524227056));
#14181=CARTESIAN_POINT('Ctrl Pts',(-3.19473319220294,-15.1801787833144,
6.385640646055));
#14182=CARTESIAN_POINT('Ctrl Pts',(-3.28449298230551,-15.1801787833144,
6.385640646055));
#14183=CARTESIAN_POINT('Ctrl Pts',(-3.46375542579791,-15.2212153699815,
6.44882060434525));
#14184=CARTESIAN_POINT('Ctrl Pts',(-3.71616438524329,-15.421911369983,6.75781231001496));
#14185=CARTESIAN_POINT('Ctrl Pts',(-3.79473319220294,-15.6455390981606,
7.1021097208459));
#14186=CARTESIAN_POINT('Ctrl Pts',(-3.79473319220294,-15.7801787833144,
7.30940107675838));
#14187=CARTESIAN_POINT('Ctrl Pts',(-3.19473319220294,-15.1801787833144,
6.18617444582708));
#14188=CARTESIAN_POINT('Ctrl Pts',(-3.30163782452034,-15.1801787833144,
6.18617444582708));
#14189=CARTESIAN_POINT('Ctrl Pts',(-3.51550543580899,-15.2373186824406,
6.24660336676884));
#14190=CARTESIAN_POINT('Ctrl Pts',(-3.78915724638477,-15.508577453961,6.53963218292698));
#14191=CARTESIAN_POINT('Ctrl Pts',(-3.8293293915098,-15.7849386030397,6.86190482825094));
#14192=CARTESIAN_POINT('Ctrl Pts',(-3.79473319220294,-15.9297784334853,
7.05028688186778));
#14193=CARTESIAN_POINT('Ctrl Pts',(-3.19473319220294,-15.0724614309147,
5.83783829203699));
#14194=CARTESIAN_POINT('Ctrl Pts',(-3.34794731654782,-15.0724614309147,
5.83783829203699));
#14195=CARTESIAN_POINT('Ctrl Pts',(-3.65324397143132,-15.1562189722924,
5.89308252278738));
#14196=CARTESIAN_POINT('Ctrl Pts',(-4.04689404697426,-15.5557663640194,
6.1595979919527));
#14197=CARTESIAN_POINT('Ctrl Pts',(-4.09916159188302,-15.9693099625781,
6.44335459745975));
#14198=CARTESIAN_POINT('Ctrl Pts',(-4.04581528325751,-16.1888069981481,
6.60163624726031));
#14199=CARTESIAN_POINT('Ctrl Pts',(-3.19473319220294,-14.8097358807597,
5.59441506735603));
#14200=CARTESIAN_POINT('Ctrl Pts',(-3.40826311043024,-14.8097358807597,
5.59441506735603));
#14201=CARTESIAN_POINT('Ctrl Pts',(-3.83446661982468,-14.9122970220983,
5.65375527935898));
#14202=CARTESIAN_POINT('Ctrl Pts',(-4.42382750735578,-15.4115101239299,
5.94180246081754));
#14203=CARTESIAN_POINT('Ctrl Pts',(-4.58622337339326,-15.9586840556975,
6.25809467626107));
#14204=CARTESIAN_POINT('Ctrl Pts',(-4.57033371694653,-16.2801787833144,
6.44337567297394));
#14205=CARTESIAN_POINT('Ctrl Pts',(-3.19473319220294,-14.6801787833144,
5.51961524227056));
#14206=CARTESIAN_POINT('Ctrl Pts',(-3.43409263247645,-14.6801787833144,
5.51961524227056));
#14207=CARTESIAN_POINT('Ctrl Pts',(-3.91212581512285,-14.7896096810932,
5.58279520056081));
#14208=CARTESIAN_POINT('Ctrl Pts',(-4.58521637364388,-15.3247990144305,
5.89178690623052));
#14209=CARTESIAN_POINT('Ctrl Pts',(-4.79473319220294,-15.9211396229041,
6.23608431706146));
#14210=CARTESIAN_POINT('Ctrl Pts',(-4.79473319220294,-16.2801787833144,
6.44337567297394));
#14211=CARTESIAN_POINT('',(-3.79473319220294,-15.7801787833144,7.30940107675838));
#14212=CARTESIAN_POINT('Ctrl Pts',(-3.79473319220294,-15.4661740296486,
6.40232660272607));
#14213=CARTESIAN_POINT('Ctrl Pts',(-3.79473319220294,-15.5875676848787,
6.67262188583309));
#14214=CARTESIAN_POINT('Ctrl Pts',(-3.79473319220294,-15.6805241870686,
6.97917043000681));
#14215=CARTESIAN_POINT('Ctrl Pts',(-3.79473319220294,-15.778158279081,7.30270532196745));
#14216=CARTESIAN_POINT('Ctrl Pts',(-3.79473319220294,-15.7791685379587,
7.30605322176875));
#14217=CARTESIAN_POINT('Ctrl Pts',(-3.79473319220294,-15.7801787833144,
7.30940107675838));
#14218=CARTESIAN_POINT('Origin',(-3.19473319220294,-15.7801787833144,7.30940107675838));
#14219=CARTESIAN_POINT('',(-3.795,-14.7970470428891,5.5870891633957));
#14220=CARTESIAN_POINT('Origin',(-3.19473319220294,-16.2801787833144,6.44337567297394));
#14221=CARTESIAN_POINT('Ctrl Pts',(-3.79482278478313,-14.7971736959646,
5.58716228658294));
#14222=CARTESIAN_POINT('Ctrl Pts',(-3.79491514717539,-14.7972110139705,
5.58718383214375));
#14223=CARTESIAN_POINT('Ctrl Pts',(-3.79500750609152,-14.7972483406239,
5.58720538269711));
#14224=CARTESIAN_POINT('Ctrl Pts',(-3.79509986152985,-14.7972856759242,
5.58722693824281));
#14225=CARTESIAN_POINT('',(-3.79473319220294,-15.1008884367583,5.8301551915297));
#14226=CARTESIAN_POINT('Ctrl Pts',(-3.8326386679925,-15.104523927452,5.82385837722049));
#14227=CARTESIAN_POINT('Ctrl Pts',(-3.81991914653036,-15.1033255300496,
5.82593406240913));
#14228=CARTESIAN_POINT('Ctrl Pts',(-3.80728641230939,-15.1021118432579,
5.82803622959674));
#14229=CARTESIAN_POINT('Ctrl Pts',(-3.79473319447835,-15.1008884483694,
5.83015521170136));
#14230=CARTESIAN_POINT('Ctrl Pts',(-3.74726803063204,-15.0963178123828,
5.83836168686573));
#14231=CARTESIAN_POINT('Ctrl Pts',(-3.7628720314812,-15.0978788580596,5.83565900846964));
#14232=CARTESIAN_POINT('Ctrl Pts',(-3.77859927333132,-15.0994424934322,
5.83296909005215));
#14233=CARTESIAN_POINT('Ctrl Pts',(-3.79444929393445,-15.1009885706381,
5.83030513253748));
#14234=CARTESIAN_POINT('Origin',(0.,-13.7801787833146,5.00000000000002));
#14235=CARTESIAN_POINT('',(-3.74999999999997,-13.7801787833146,5.));
#14236=CARTESIAN_POINT('Origin',(-3.795,-15.1801787833144,5.69282032302745));
#14237=CARTESIAN_POINT('Origin',(-3.79473319220294,-15.1801787833144,5.));
#14238=CARTESIAN_POINT('',(-3.79473319220294,-15.8877979098911,7.5));
#14239=CARTESIAN_POINT('',(-3.79473319220294,-15.8877979098911,5.));
#14240=CARTESIAN_POINT('',(-3.79473319220294,-15.7801787833144,7.5));
#14241=CARTESIAN_POINT('',(-3.79473319220294,-16.1801787833145,7.5));
#14242=CARTESIAN_POINT('',(-3.79473319220294,-15.7801787833144,5.));
#14243=CARTESIAN_POINT('Origin',(0.,1.4198212166854,5.));
#14244=CARTESIAN_POINT('',(3.30364455102803,-16.4778303801153,7.5));
#14245=CARTESIAN_POINT('',(3.30364455102803,-16.4778303801153,5.));
#14246=CARTESIAN_POINT('',(-3.30364455102804,-16.4778303801153,7.5));
#14247=CARTESIAN_POINT('Origin',(0.,1.4198212166854,7.5));
#14248=CARTESIAN_POINT('',(-3.30364455102804,-16.4778303801153,5.));
#14249=CARTESIAN_POINT('Origin',(3.19473319220293,-15.8877979098911,5.));
#14250=CARTESIAN_POINT('',(3.79473319220293,-15.8877979098911,7.5));
#14251=CARTESIAN_POINT('',(3.79473319220293,-15.8877979098911,5.));
#14252=CARTESIAN_POINT('Origin',(3.19473319220293,-15.8877979098911,7.5));
#14253=CARTESIAN_POINT('Origin',(3.79473319220293,-16.3801787833144,5.));
#14254=CARTESIAN_POINT('',(3.79473319220293,-15.7801787833144,7.5));
#14255=CARTESIAN_POINT('',(3.79473319220293,-15.7801787833144,5.));
#14256=CARTESIAN_POINT('',(3.79473319220293,-15.5801787833145,7.5));
#14257=CARTESIAN_POINT('Origin',(3.79473319220293,-15.1801787833144,5.69282032302745));
#14258=CARTESIAN_POINT('Origin',(2.5,39.6868425672872,3.));
#14259=CARTESIAN_POINT('',(2.99998848760727,39.8985592130894,0.00747998137184572));
#14260=CARTESIAN_POINT('Ctrl Pts',(2.99862904890417,39.686842567287,1.03025214962565E-30));
#14261=CARTESIAN_POINT('Ctrl Pts',(2.9994965725505,39.7574731771669,-3.55484639638331E-15));
#14262=CARTESIAN_POINT('Ctrl Pts',(2.99991582111122,39.8280898091409,0.00249436866323039));
#14263=CARTESIAN_POINT('Ctrl Pts',(2.99998848760727,39.8985592130894,0.00747998137184569));
#14264=CARTESIAN_POINT('',(3.,39.9209943710755,0.00915180378831565));
#14265=CARTESIAN_POINT('Ctrl Pts',(2.99998848760727,39.8985592130894,0.00747998137184569));
#14266=CARTESIAN_POINT('Ctrl Pts',(2.99999620252254,39.9060408657156,0.00800929793086835));
#14267=CARTESIAN_POINT('Ctrl Pts',(3.,39.9135192998354,0.00856658471349679));
#14268=CARTESIAN_POINT('Ctrl Pts',(3.,39.9209943710755,0.00915180378831648));
#14269=CARTESIAN_POINT('',(3.,42.6776907634989,2.76584819621169));
#14270=CARTESIAN_POINT('Origin',(3.,39.6868425672872,3.));
#14271=CARTESIAN_POINT('',(2.99998848760727,42.6793625859153,2.78828335419776));
#14272=CARTESIAN_POINT('Ctrl Pts',(3.,42.6776907634988,2.76584819621169));
#14273=CARTESIAN_POINT('Ctrl Pts',(3.,42.6782760442573,2.7733240553434));
#14274=CARTESIAN_POINT('Ctrl Pts',(2.99999620175506,42.6788333220131,2.78080244585137));
#14275=CARTESIAN_POINT('Ctrl Pts',(2.99998848760727,42.6793625859153,2.78828335419776));
#14276=CARTESIAN_POINT('',(2.99862904890417,42.6868425672872,3.00000000000015));
#14277=CARTESIAN_POINT('Ctrl Pts',(2.99998848760727,42.6793625859153,2.78828335419776));
#14278=CARTESIAN_POINT('Ctrl Pts',(2.99994382606346,42.682426792565,2.83159454357429));
#14279=CARTESIAN_POINT('Ctrl Pts',(2.99976803160283,42.6845523837241,2.87499567283173));
#14280=CARTESIAN_POINT('Ctrl Pts',(2.99923018409233,42.686473634257,2.94565256277146));
#14281=CARTESIAN_POINT('Ctrl Pts',(2.99896268795375,42.6868425672872,2.97283632595961));
#14282=CARTESIAN_POINT('Ctrl Pts',(2.99862904890417,42.6868425672872,3.00000000000015));
#14283=CARTESIAN_POINT('',(2.5,42.6868425672872,3.));
#14284=CARTESIAN_POINT('Origin',(5.,42.6868425672872,0.));
#14285=CARTESIAN_POINT('Ctrl Pts',(2.95361394349716,42.6868425672872,4.49999999999977));
#14286=CARTESIAN_POINT('Ctrl Pts',(2.96286225428836,42.6868425672872,4.18382105482572));
#14287=CARTESIAN_POINT('Ctrl Pts',(2.97553383477315,42.6868425672872,3.86739534910612));
#14288=CARTESIAN_POINT('Ctrl Pts',(2.99061013247137,42.6868425672872,3.40013448603536));
#14289=CARTESIAN_POINT('Ctrl Pts',(2.99624298558123,42.6868425672872,3.19426456953026));
#14290=CARTESIAN_POINT('Ctrl Pts',(2.99862904890417,42.6868425672872,3.00000000000015));
#14291=CARTESIAN_POINT('Origin',(0.,37.2868425672872,5.4));
#14292=CARTESIAN_POINT('',(-2.99998848760727,42.6793625859153,2.78828335419776));
#14293=CARTESIAN_POINT('Origin',(0.,42.6868425672872,2.7846606338756));
#14294=CARTESIAN_POINT('',(-2.99862904890417,42.6868425672872,3.00000000000015));
#14295=CARTESIAN_POINT('Ctrl Pts',(-2.99862904890417,42.6868425672872,3.00000000000015));
#14296=CARTESIAN_POINT('Ctrl Pts',(-2.99949657397532,42.6868425672872,2.92936927411706));
#14297=CARTESIAN_POINT('Ctrl Pts',(-2.9999158212292,42.6843481905292,2.85875264373138));
#14298=CARTESIAN_POINT('Ctrl Pts',(-2.99998848760727,42.6793625859153,2.78828335419776));
#14299=CARTESIAN_POINT('Ctrl Pts',(-2.99862904890417,42.6868425672872,3.00000000000015));
#14300=CARTESIAN_POINT('Ctrl Pts',(-2.99624298558123,42.6868425672872,3.19426456953026));
#14301=CARTESIAN_POINT('Ctrl Pts',(-2.99061013247138,42.6868425672872,3.40013448603536));
#14302=CARTESIAN_POINT('Ctrl Pts',(-2.97553383477315,42.6868425672872,3.86739534910601));
#14303=CARTESIAN_POINT('Ctrl Pts',(-2.96286225428837,42.6868425672872,4.18382105482548));
#14304=CARTESIAN_POINT('Ctrl Pts',(-2.95361394349717,42.6868425672872,4.49999999999941));
#14305=CARTESIAN_POINT('Origin',(0.,43.2868425672872,5.4));
#14306=CARTESIAN_POINT('Origin',(2.5,39.6868425672872,3.));
#14307=CARTESIAN_POINT('',(2.5,42.6868425672872,3.));
#14308=CARTESIAN_POINT('',(-3.,42.6776907634989,2.76584819621169));
#14309=CARTESIAN_POINT('Ctrl Pts',(-2.99998848760727,42.6793625859153,2.78828335419776));
#14310=CARTESIAN_POINT('Ctrl Pts',(-2.99999620252254,42.6788332693563,2.78080170157161));
#14311=CARTESIAN_POINT('Ctrl Pts',(-3.,42.6782759825737,2.77332326745178));
#14312=CARTESIAN_POINT('Ctrl Pts',(-3.,42.6776907634988,2.76584819621169));
#14313=CARTESIAN_POINT('',(-3.,39.9209943710755,0.00915180378831565));
#14314=CARTESIAN_POINT('Origin',(-3.,39.6868425672872,3.));
#14315=CARTESIAN_POINT('',(-2.99998848760727,39.8985592130894,0.00747998137184564));
#14316=CARTESIAN_POINT('Ctrl Pts',(-3.,39.9209943710755,0.00915180378831648));
#14317=CARTESIAN_POINT('Ctrl Pts',(-3.,39.9135185119438,0.00856652302991013));
#14318=CARTESIAN_POINT('Ctrl Pts',(-2.99999620175506,39.9060401214358,0.00800924527410653));
#14319=CARTESIAN_POINT('Ctrl Pts',(-2.99998848760727,39.8985592130894,0.00747998137184569));
#14320=CARTESIAN_POINT('Ctrl Pts',(-2.99998848760727,39.8985592130894,0.00747998137184569));
#14321=CARTESIAN_POINT('Ctrl Pts',(-2.99993689813937,39.84852956737,0.00394045324289407));
#14322=CARTESIAN_POINT('Ctrl Pts',(-2.99971039971363,39.7983816649857,0.00165344694148588));
#14323=CARTESIAN_POINT('Ctrl Pts',(-2.99909348474167,39.727712835318,0.000208676729691835));
#14324=CARTESIAN_POINT('Ctrl Pts',(-2.99887997177949,39.7072717922323,-1.02820514789839E-15));
#14325=CARTESIAN_POINT('Ctrl Pts',(-2.99862904890417,39.686842567287,1.03037252024717E-30));
#14326=CARTESIAN_POINT('Origin',(0.,37.2868425672872,5.4));
#14327=CARTESIAN_POINT('Origin',(0.,39.9021819334116,1.38777878078145E-15));
#14328=CARTESIAN_POINT('Origin',(-3.,37.2868425672872,5.4));
#14329=CARTESIAN_POINT('Origin',(3.,37.2868425672872,5.4));
#14330=CARTESIAN_POINT('Origin',(5.,42.6868425672872,0.));
#14331=CARTESIAN_POINT('Origin',(10.,21.1334900099345,0.));
#14332=CARTESIAN_POINT('',(7.86142001710864,16.6139241395464,2.0547096093384));
#14333=CARTESIAN_POINT('Ctrl Pts',(5.,21.1334900099345,4.07106781186549));
#14334=CARTESIAN_POINT('Ctrl Pts',(5.,21.130131892752,4.06957657228412));
#14335=CARTESIAN_POINT('Ctrl Pts',(5.00000338308532,21.1267737811821,4.06808532082938));
#14336=CARTESIAN_POINT('Ctrl Pts',(5.00122787522116,20.5190461699957,3.79820643265815));
#14337=CARTESIAN_POINT('Ctrl Pts',(5.11202049770619,19.9168990193701,3.53032430570656));
#14338=CARTESIAN_POINT('Ctrl Pts',(5.56256419998455,18.7392281533459,3.00548941472225));
#14339=CARTESIAN_POINT('Ctrl Pts',(5.91487842274994,18.1737471649975,2.75294728979438));
#14340=CARTESIAN_POINT('Ctrl Pts',(6.79434509122911,17.2486361080936,2.33918353205437));
#14341=CARTESIAN_POINT('Ctrl Pts',(7.29572940205513,16.8815991022656,2.17472809326316));
#14342=CARTESIAN_POINT('Ctrl Pts',(7.86142001710864,16.6139241395464,2.0547096093384));
#14343=CARTESIAN_POINT('',(7.86142001710864,16.6139241395464,0.));
#14344=CARTESIAN_POINT('Ctrl Pts',(8.48779559198771,17.9376743349638,0.535533905932748));
#14345=CARTESIAN_POINT('Ctrl Pts',(8.3900398815068,16.3118799929388,2.04692251115956));
#14346=CARTESIAN_POINT('Ctrl Pts',(8.27500400841065,14.6834987647176,3.54149342869462));
#14347=CARTESIAN_POINT('Ctrl Pts',(8.13088336627715,13.0550042391413,5.));
#14348=CARTESIAN_POINT('Ctrl Pts',(7.34077673857565,18.1817270987808,0.80552970952973));
#14349=CARTESIAN_POINT('Ctrl Pts',(7.26929192660235,16.566140281445,2.33205465161666));
#14350=CARTESIAN_POINT('Ctrl Pts',(7.18503297791656,14.9475397425022,3.8430182021291));
#14351=CARTESIAN_POINT('Ctrl Pts',(7.08177624588424,13.3286345132146,5.32236171954886));
#14352=CARTESIAN_POINT('Ctrl Pts',(5.58217668347463,19.1144221717952,1.83737115156442));
#14353=CARTESIAN_POINT('Ctrl Pts',(5.5627094363635,17.4912042072984,3.37047553396841));
#14354=CARTESIAN_POINT('Ctrl Pts',(5.54045538334733,15.8634074215263,4.89027694997787));
#14355=CARTESIAN_POINT('Ctrl Pts',(5.51290916809374,14.2248705384725,6.37821048190611));
#14356=CARTESIAN_POINT('Ctrl Pts',(5.,20.5282822354666,3.4015258781665));
#14357=CARTESIAN_POINT('Ctrl Pts',(5.00010338982325,18.8708186451962,4.91937256574953));
#14358=CARTESIAN_POINT('Ctrl Pts',(4.99987907732493,17.201506254514,6.4215181010859));
#14359=CARTESIAN_POINT('Ctrl Pts',(5.,15.5070880727529,7.8887810888544));
#14360=CARTESIAN_POINT('Ctrl Pts',(5.,21.1334900099345,4.07106781186548));
#14361=CARTESIAN_POINT('Ctrl Pts',(5.,19.4614393655027,5.58245641709229));
#14362=CARTESIAN_POINT('Ctrl Pts',(5.,17.7743265820964,7.07702733462736));
#14363=CARTESIAN_POINT('Ctrl Pts',(5.,16.0560712176575,8.53553390593274));
#14364=CARTESIAN_POINT('',(8.13088336627478,13.0550042391512,4.99999999998568));
#14365=CARTESIAN_POINT('Ctrl Pts',(5.26263996653803,17.6941285061179,5.));
#14366=CARTESIAN_POINT('Ctrl Pts',(5.39230521382677,17.1135741269769,5.));
#14367=CARTESIAN_POINT('Ctrl Pts',(5.56855824608796,16.5554366160327,5.));
#14368=CARTESIAN_POINT('Ctrl Pts',(6.05297494336068,15.4034208588361,5.));
#14369=CARTESIAN_POINT('Ctrl Pts',(6.39291539875309,14.7965295584193,5.0000000007053));
#14370=CARTESIAN_POINT('Ctrl Pts',(7.18478603069125,13.7918546702169,5.0000000007053));
#14371=CARTESIAN_POINT('Ctrl Pts',(7.62434326701056,13.3704862100418,5.));
#14372=CARTESIAN_POINT('Ctrl Pts',(8.13088336627715,13.0550042391413,5.));
#14373=CARTESIAN_POINT('',(8.38674525516472,16.3550268732602,1.99999999999496));
#14374=CARTESIAN_POINT('Ctrl Pts',(8.13088336627715,13.0550042391413,5.));
#14375=CARTESIAN_POINT('Ctrl Pts',(8.2282627766292,14.1553451362854,4.01451653416346));
#14376=CARTESIAN_POINT('Ctrl Pts',(8.31236373267374,15.2556343082894,3.01256813532622));
#14377=CARTESIAN_POINT('Ctrl Pts',(8.38682768455155,16.35510870977,2.00009195589609));
#14378=CARTESIAN_POINT('Ctrl Pts',(8.38681932445566,16.3549852719597,2.00020562638287));
#14379=CARTESIAN_POINT('Ctrl Pts',(8.27263254509803,16.413549795861,2.00020620557435));
#14380=CARTESIAN_POINT('Ctrl Pts',(8.15902131427308,16.4704731160791,2.00783351714552));
#14381=CARTESIAN_POINT('Ctrl Pts',(8.04618202382914,16.5256618196279,2.02326621618324));
#14382=CARTESIAN_POINT('Ctrl Pts',(7.98456936582245,16.5557960282375,2.03169279884066));
#14383=CARTESIAN_POINT('Ctrl Pts',(7.923187608703,16.5854133292978,2.04244682356295));
#14384=CARTESIAN_POINT('Ctrl Pts',(7.86207474755409,16.6145000720592,2.05555964561264));
#14385=CARTESIAN_POINT('Origin',(0.,0.,0.));
#14386=CARTESIAN_POINT('',(10.4697169625344,15.1066020906232,2.));
#14387=CARTESIAN_POINT('Origin',(0.,0.,2.));
#14388=CARTESIAN_POINT('',(10.4697169625344,15.1066020906232,0.));
#14389=CARTESIAN_POINT('Origin',(0.,0.,3.5));
#14390=CARTESIAN_POINT('',(8.76084041805107,12.6408890181602,5.));
#14391=CARTESIAN_POINT('Origin',(0.,0.,5.));
#14392=CARTESIAN_POINT('',(10.4697169625344,15.1066020906232,2.));
#14393=CARTESIAN_POINT('Ctrl Pts',(-8.13088336627715,13.0550042391413,5.));
#14394=CARTESIAN_POINT('Ctrl Pts',(-8.27500400841065,14.6834987647176,3.54149342869462));
#14395=CARTESIAN_POINT('Ctrl Pts',(-8.3900398815068,16.3118799929388,2.04692251115956));
#14396=CARTESIAN_POINT('Ctrl Pts',(-8.4877955919877,17.9376743349638,0.535533905932744));
#14397=CARTESIAN_POINT('Ctrl Pts',(-7.08177624588424,13.3286345132146,5.32236171954886));
#14398=CARTESIAN_POINT('Ctrl Pts',(-7.18503297791656,14.9475397425022,3.84301820212909));
#14399=CARTESIAN_POINT('Ctrl Pts',(-7.26929192660235,16.566140281445,2.33205465161666));
#14400=CARTESIAN_POINT('Ctrl Pts',(-7.34077673857565,18.1817270987808,0.805529709529726));
#14401=CARTESIAN_POINT('Ctrl Pts',(-5.51290916809374,14.2248705384725,6.37821048190611));
#14402=CARTESIAN_POINT('Ctrl Pts',(-5.54045538334734,15.8634074215263,4.89027694997788));
#14403=CARTESIAN_POINT('Ctrl Pts',(-5.5627094363635,17.4912042072985,3.37047553396842));
#14404=CARTESIAN_POINT('Ctrl Pts',(-5.58217668347463,19.1144221717952,1.83737115156442));
#14405=CARTESIAN_POINT('Ctrl Pts',(-5.,15.5070880727529,7.88878108885441));
#14406=CARTESIAN_POINT('Ctrl Pts',(-4.99987907732493,17.201506254514,6.4215181010859));
#14407=CARTESIAN_POINT('Ctrl Pts',(-5.00010338982325,18.8708186451962,4.91937256574953));
#14408=CARTESIAN_POINT('Ctrl Pts',(-5.,20.5282822354666,3.40152587816649));
#14409=CARTESIAN_POINT('Ctrl Pts',(-5.,16.0560712176575,8.53553390593274));
#14410=CARTESIAN_POINT('Ctrl Pts',(-5.,17.7743265820964,7.07702733462736));
#14411=CARTESIAN_POINT('Ctrl Pts',(-5.,19.4614393655027,5.58245641709229));
#14412=CARTESIAN_POINT('Ctrl Pts',(-5.,21.1334900099345,4.07106781186548));
#14413=CARTESIAN_POINT('',(-8.13088336627478,13.0550042391512,4.99999999998568));
#14414=CARTESIAN_POINT('Ctrl Pts',(-8.38682768455155,16.35510870977,2.00009195589609));
#14415=CARTESIAN_POINT('Ctrl Pts',(-8.31236373267374,15.2556343082894,3.01256813532622));
#14416=CARTESIAN_POINT('Ctrl Pts',(-8.2282627766292,14.1553451362854,4.01451653416346));
#14417=CARTESIAN_POINT('Ctrl Pts',(-8.13088336627715,13.0550042391413,5.));
#14418=CARTESIAN_POINT('',(-5.26263996676144,17.6941284990481,4.99999999930693));
#14419=CARTESIAN_POINT('Ctrl Pts',(-8.13088336627715,13.0550042391413,5.));
#14420=CARTESIAN_POINT('Ctrl Pts',(-7.63326851312999,13.364927411754,5.));
#14421=CARTESIAN_POINT('Ctrl Pts',(-7.20031097951066,13.7770556656996,4.99999999977422));
#14422=CARTESIAN_POINT('Ctrl Pts',(-6.31687253801886,14.8864032777725,4.99999999977422));
#14423=CARTESIAN_POINT('Ctrl Pts',(-5.88839938978032,15.6854966692095,5.));
#14424=CARTESIAN_POINT('Ctrl Pts',(-5.45001979773428,16.9511240119244,5.));
#14425=CARTESIAN_POINT('Ctrl Pts',(-5.34624379387715,17.3198064040967,5.));
#14426=CARTESIAN_POINT('Ctrl Pts',(-5.26263996805262,17.6941284993366,5.));
#14427=CARTESIAN_POINT('Ctrl Pts',(-5.26263996796737,17.6941285057046,4.99999999471777));
#14428=CARTESIAN_POINT('Ctrl Pts',(-5.21834160255544,17.7741378700567,5.1044107695985));
#14429=CARTESIAN_POINT('Ctrl Pts',(-5.17933410432108,17.8668073951336,5.2007412718831));
#14430=CARTESIAN_POINT('Ctrl Pts',(-5.09544507003443,18.1308911297757,5.4207118235376));
#14431=CARTESIAN_POINT('Ctrl Pts',(-5.05994920744974,18.3108773708112,5.52727383262309));
#14432=CARTESIAN_POINT('Ctrl Pts',(-5.01064361292206,18.7197233076571,5.70668217902774));
#14433=CARTESIAN_POINT('Ctrl Pts',(-5.,18.9494809882192,5.77337351413832));
#14434=CARTESIAN_POINT('Ctrl Pts',(-5.,19.1816435617301,5.81925212918958));
#14435=CARTESIAN_POINT('Origin',(0.,0.,3.5));
#14436=CARTESIAN_POINT('Origin',(0.,0.,5.));
#14437=CARTESIAN_POINT('Origin',(0.,25.6868425672872,1.2));
#14438=CARTESIAN_POINT('Origin',(0.,22.6868425672872,-0.600000000000003));
#14439=CARTESIAN_POINT('Origin',(0.,37.2868425672872,5.4));
#14440=CARTESIAN_POINT('Origin',(0.,37.2868425672872,-0.599999999999999));
#14441=CARTESIAN_POINT('Origin',(0.,36.2368425672872,-0.6));
#14442=CARTESIAN_POINT('Origin',(0.,43.2868425672872,5.625));
#14443=CARTESIAN_POINT('Origin',(1.75,15.0354912291361,0.));
#14444=CARTESIAN_POINT('',(2.55,15.0354912291361,5.));
#14445=CARTESIAN_POINT('',(2.55,15.0354912291361,0.));
#14446=CARTESIAN_POINT('',(0.875,15.0354912291361,5.));
#14447=CARTESIAN_POINT('Origin',(2.55,15.8354912291361,0.));
#14448=CARTESIAN_POINT('',(1.75,15.8354912291361,5.));
#14449=CARTESIAN_POINT('',(1.75,15.8354912291361,0.));
#14450=CARTESIAN_POINT('Origin',(2.55,15.8354912291361,5.));
#14451=CARTESIAN_POINT('Origin',(1.75,19.5354912291361,0.));
#14452=CARTESIAN_POINT('',(1.75,18.7938679531254,5.));
#14453=CARTESIAN_POINT('',(1.75,18.7938679531254,0.));
#14454=CARTESIAN_POINT('',(1.75,16.2444115605612,5.));
#14455=CARTESIAN_POINT('Origin',(0.95,18.7938679531254,0.));
#14456=CARTESIAN_POINT('',(0.99367816091954,19.5926746996284,5.));
#14457=CARTESIAN_POINT('Origin',(0.95,18.7938679531254,5.));
#14458=CARTESIAN_POINT('',(0.99367816091954,19.5926746996284,0.));
#14459=CARTESIAN_POINT('Origin',(0.,12.9533318919863,5.));
#14460=CARTESIAN_POINT('',(-0.993678160919542,19.5926746996284,5.));
#14461=CARTESIAN_POINT('Origin',(0.,1.4198212166854,5.));
#14462=CARTESIAN_POINT('',(-1.75,18.7938679531254,5.));
#14463=CARTESIAN_POINT('Origin',(-0.950000000000002,18.7938679531254,5.));
#14464=CARTESIAN_POINT('',(-1.75,15.8354912291361,5.));
#14465=CARTESIAN_POINT('',(-1.75,13.9944115605612,5.));
#14466=CARTESIAN_POINT('',(-2.55,15.0354912291361,5.));
#14467=CARTESIAN_POINT('Origin',(-2.55,15.8354912291361,5.));
#14468=CARTESIAN_POINT('',(-4.18109290913369,15.0354912291361,5.));
#14469=CARTESIAN_POINT('',(-1.875,15.0354912291361,5.));
#14470=CARTESIAN_POINT('',(-5.07204160533787,15.765067052353,5.));
#14471=CARTESIAN_POINT('Origin',(-4.18109290913369,15.8354912291361,5.));
#14472=CARTESIAN_POINT('',(-5.12037979759366,16.2543018149763,5.));
#14473=CARTESIAN_POINT('',(-20.5521919872157,-1.14745568248719,5.));
#14474=CARTESIAN_POINT('Origin',(-21.92,2.,5.));
#14475=CARTESIAN_POINT('',(-10.9038653322032,-10.8466640409472,5.));
#14476=CARTESIAN_POINT('',(-20.0933233048898,-1.60874426839328,5.));
#14477=CARTESIAN_POINT('',(-6.8301590537766,-13.7801787833146,5.));
#14478=CARTESIAN_POINT('Origin',(0.,0.,5.));
#14479=CARTESIAN_POINT('',(-3.74999999999997,-13.7801787833146,5.));
#14480=CARTESIAN_POINT('',(6.8301590537766,-13.7801787833146,5.));
#14481=CARTESIAN_POINT('',(-3.74999999999997,-13.7801787833146,5.));
#14482=CARTESIAN_POINT('',(10.9038653322032,-10.8466640409472,5.));
#14483=CARTESIAN_POINT('Origin',(0.,0.,5.));
#14484=CARTESIAN_POINT('',(20.5521919872157,-1.14745568248719,5.));
#14485=CARTESIAN_POINT('',(15.7612976005974,-5.96361547274948,5.));
#14486=CARTESIAN_POINT('',(18.4881818181818,2.,5.));
#14487=CARTESIAN_POINT('Origin',(21.92,2.,5.));
#14488=CARTESIAN_POINT('',(20.0051664151084,4.84794458780873,5.));
#14489=CARTESIAN_POINT('Origin',(21.92,2.,5.));
#14490=CARTESIAN_POINT('',(12.6642056363358,9.93563943313215,5.));
#14491=CARTESIAN_POINT('',(6.34442966965075,-11.7801787833146,5.));
#14492=CARTESIAN_POINT('',(-6.34442966965075,-11.7801787833146,5.));
#14493=CARTESIAN_POINT('',(3.17221483482538,-11.7801787833146,5.));
#14494=CARTESIAN_POINT('Origin',(0.,0.,5.));
#14495=CARTESIAN_POINT('Origin',(0.,1.4198212166854,0.));
#14496=CARTESIAN_POINT('',(-0.993678160919542,19.5926746996284,0.));
#14497=CARTESIAN_POINT('Origin',(-0.950000000000002,18.7938679531254,0.));
#14498=CARTESIAN_POINT('',(-1.75,18.7938679531254,0.));
#14499=CARTESIAN_POINT('Origin',(-2.55,15.8354912291361,0.));
#14500=CARTESIAN_POINT('',(-2.55,15.0354912291361,0.));
#14501=CARTESIAN_POINT('',(-1.75,15.8354912291361,0.));
#14502=CARTESIAN_POINT('Origin',(-3.75,15.0354912291361,0.));
#14503=CARTESIAN_POINT('',(-4.95725145180171,15.0354912291361,3.44762930590737));
#14504=CARTESIAN_POINT('Origin',(-4.95725145180171,15.8354912291361,3.44762930590737));
#14505=CARTESIAN_POINT('',(-5.67002025434888,15.765067052353,3.80400139998867));
#14506=CARTESIAN_POINT('Origin',(-4.87394111238891,20.085533124611,6.25));
#14507=CARTESIAN_POINT('Origin',(-3.19473319220294,-15.7801787833144,5.));
#14508=CARTESIAN_POINT('',(-3.19473319220294,-15.1801787833144,7.5));
#14509=CARTESIAN_POINT('Origin',(-3.19473319220294,-15.7801787833144,7.5));
#14510=CARTESIAN_POINT('',(-3.19473319220294,-15.1801787833144,5.));
#14511=CARTESIAN_POINT('Origin',(-3.19473319220294,-15.8877979098911,5.));
#14512=CARTESIAN_POINT('Origin',(-3.19473319220294,-15.8877979098911,7.5));
#14513=CARTESIAN_POINT('Origin',(3.19473319220293,-15.7801787833144,5.));
#14514=CARTESIAN_POINT('',(3.19473319220293,-15.1801787833144,7.5));
#14515=CARTESIAN_POINT('',(3.19473319220293,-15.1801787833144,5.));
#14516=CARTESIAN_POINT('Origin',(3.19473319220293,-15.7801787833144,7.5));
#14517=CARTESIAN_POINT('Origin',(3.79473319220293,-15.1801787833144,5.));
#14518=CARTESIAN_POINT('',(-1.89736659610147,-15.1801787833144,7.5));
#14519=CARTESIAN_POINT('Origin',(-4.5,36.9314610714685,2.89999999999994));
#14520=CARTESIAN_POINT('',(-4.,31.1760795756499,3.4));
#14521=CARTESIAN_POINT('',(-4.09038130578621,31.175476620393,3.30961869421379));
#14522=CARTESIAN_POINT('',(-4.,35.176168585509,3.39999999999996));
#14523=CARTESIAN_POINT('',(-4.,36.9314610714685,3.39999999999994));
#14524=CARTESIAN_POINT('',(-4.49706144528302,35.172852570003,2.90293855471694));
#14525=CARTESIAN_POINT('Origin',(-5.,31.1760795756499,3.4));
#14526=CARTESIAN_POINT('',(4.,31.1760795756499,3.4));
#14527=CARTESIAN_POINT('',(-5.,31.1760795756499,3.4));
#14528=CARTESIAN_POINT('',(4.,35.176168585509,3.39999999999996));
#14529=CARTESIAN_POINT('',(4.,24.4314610714685,3.40000000000007));
#14530=CARTESIAN_POINT('',(-5.,35.176168585509,3.39999999999996));
#14531=CARTESIAN_POINT('Origin',(4.5,24.4314610714685,2.90000000000007));
#14532=CARTESIAN_POINT('',(2.01796423258056,35.1893912190497,5.38203576741939));
#14533=CARTESIAN_POINT('',(1.61128409308426,31.1920152694401,5.78871590691574));
#14534=CARTESIAN_POINT('Origin',(-3.,35.1868425672872,3.75));
#14535=CARTESIAN_POINT('Origin',(3.,35.1868425672872,3.75));
#14536=CARTESIAN_POINT('Origin',(-3.33066907387547E-15,-15.9801787833145,
7.5));
#14537=CARTESIAN_POINT('Origin',(-3.74999999999997,-15.2801787833146,3.5));
#14538=CARTESIAN_POINT('',(-7.49999999999993,-16.7801787833146,2.));
#14539=CARTESIAN_POINT('Ctrl Pts',(-6.8301590537766,-13.7801787833146,5.));
#14540=CARTESIAN_POINT('Ctrl Pts',(-7.06350524633184,-14.776409857839,4.00376892547557));
#14541=CARTESIAN_POINT('Ctrl Pts',(-7.28702329986592,-15.7817389361956,
2.99843984711896));
#14542=CARTESIAN_POINT('Ctrl Pts',(-7.49999999999992,-16.7801787833146,
2.));
#14543=CARTESIAN_POINT('',(7.50000000000007,-16.7801787833146,2.));
#14544=CARTESIAN_POINT('',(-3.74999999999997,-16.7801787833146,2.));
#14545=CARTESIAN_POINT('Ctrl Pts',(6.83015905377661,-13.7801787833146,5.));
#14546=CARTESIAN_POINT('Ctrl Pts',(7.0635052463307,-14.7764098578342,4.00376892548044));
#14547=CARTESIAN_POINT('Ctrl Pts',(7.28702329986328,-15.7817389361833,2.99843984713129));
#14548=CARTESIAN_POINT('Ctrl Pts',(7.49999999999992,-16.7801787833146,1.99999999999998));
#14549=CARTESIAN_POINT('Origin',(-5.,35.176168585509,3.39999999999996));
#14550=CARTESIAN_POINT('',(-5.,35.1868425672872,5.));
#14551=CARTESIAN_POINT('Origin',(-5.,31.1867535574283,5.00000000000007));
#14552=CARTESIAN_POINT('',(-5.,31.1867535574283,5.00000000000007));
#14553=CARTESIAN_POINT('Origin',(-5.,35.1868425672872,5.));
#14554=CARTESIAN_POINT('Origin',(21.92,2.,4.75));
#14555=CARTESIAN_POINT('',(19.17,2.,7.5));
#14556=CARTESIAN_POINT('Origin',(21.92,2.,7.5));
#14557=CARTESIAN_POINT('',(18.42,2.,4.75));
#14558=CARTESIAN_POINT('Origin',(22.5656635843656,1.35772354392497,5.33928571428572));
#14559=CARTESIAN_POINT('',(24.340908438018,5.49309351932255,2.));
#14560=CARTESIAN_POINT('Origin',(21.92,2.,2.));
#14561=CARTESIAN_POINT('Origin',(22.438766093861,2.74852003985483,5.33928571428572));
#14562=CARTESIAN_POINT('Origin',(0.,2.,7.5));
#14563=CARTESIAN_POINT('',(20.17,2.,7.5));
#14564=CARTESIAN_POINT('Origin',(21.92,2.,7.5));
#14565=CARTESIAN_POINT('Origin',(-21.92,2.,4.75));
#14566=CARTESIAN_POINT('',(-24.67,2.,7.5));
#14567=CARTESIAN_POINT('Origin',(-21.92,2.,7.5));
#14568=CARTESIAN_POINT('',(-26.17,2.,2.));
#14569=CARTESIAN_POINT('',(-25.42,2.,4.75));
#14570=CARTESIAN_POINT('',(-24.9330967270392,-0.997290128350165,2.));
#14571=CARTESIAN_POINT('Origin',(-21.92,2.,2.));
#14572=CARTESIAN_POINT('Origin',(-22.5656635843656,1.35772354392496,5.33928571428571));
#14573=CARTESIAN_POINT('Origin',(-21.92,2.,2.));
#14574=CARTESIAN_POINT('Origin',(0.,2.,7.5));
#14575=CARTESIAN_POINT('',(-23.67,2.,7.5));
#14576=CARTESIAN_POINT('Origin',(-21.92,2.,7.5));
#14577=CARTESIAN_POINT('Origin',(0.,0.,1.5));
#14578=CARTESIAN_POINT('',(6.34442966965075,-11.7801787833146,3.));
#14579=CARTESIAN_POINT('Ctrl Pts',(7.0605038866399,-14.7801787833146,-1.11022302462516E-15));
#14580=CARTESIAN_POINT('Ctrl Pts',(6.83437773896627,-13.78221443088,0.997964352434617));
#14581=CARTESIAN_POINT('Ctrl Pts',(6.59535560143647,-12.775278679417,2.0049001038976));
#14582=CARTESIAN_POINT('Ctrl Pts',(6.34442966965075,-11.7801787833146,3.));
#14583=CARTESIAN_POINT('',(-6.34442966965075,-11.7801787833146,3.));
#14584=CARTESIAN_POINT('Origin',(0.,0.,3.));
#14585=CARTESIAN_POINT('Ctrl Pts',(-6.34442966965075,-11.7801787833146,
3.));
#14586=CARTESIAN_POINT('Ctrl Pts',(-6.59535560143652,-12.7752786794172,
2.0049001038974));
#14587=CARTESIAN_POINT('Ctrl Pts',(-6.83437773896638,-13.7822144308805,
0.9979643524341));
#14588=CARTESIAN_POINT('Ctrl Pts',(-7.0605038866399,-14.7801787833146,-1.38777878078145E-15));
#14589=CARTESIAN_POINT('Origin',(3.17221483482538,-13.2801787833146,1.5));
#14590=CARTESIAN_POINT('',(3.17221483482538,-11.7801787833146,3.));
#14591=CARTESIAN_POINT('Origin',(6.34442966965075,-11.7801787833146,0.));
#14592=CARTESIAN_POINT('',(-6.34442966965075,-11.7801787833146,0.));
#14593=CARTESIAN_POINT('',(6.34442966965075,-11.7801787833146,0.));
#14594=CARTESIAN_POINT('Origin',(13.5186439085774,11.1684959693636,3.5));
#14595=CARTESIAN_POINT('',(14.3730821808191,12.4013525055951,2.));
#14596=CARTESIAN_POINT('Origin',(24.340908438018,5.49309351932255,0.));
#14597=CARTESIAN_POINT('',(24.340908438018,5.49309351932255,0.));
#14598=CARTESIAN_POINT('Origin',(0.,0.,3.5));
#14599=CARTESIAN_POINT('Origin',(0.,0.,2.));
#14600=CARTESIAN_POINT('',(13.0307571395251,-12.9623982491944,2.));
#14601=CARTESIAN_POINT('Origin',(-21.1567692085507,-2.66661137251687,3.5));
#14602=CARTESIAN_POINT('',(-13.0307571395251,-12.9623982491944,2.));
#14603=CARTESIAN_POINT('',(-22.2202151122116,-3.72447847664045,2.));
#14604=CARTESIAN_POINT('',(-13.0307571395251,-12.9623982491944,2.));
#14605=CARTESIAN_POINT('Origin',(0.,0.,3.5));
#14606=CARTESIAN_POINT('Origin',(0.,0.,2.));
#14607=CARTESIAN_POINT('Origin',(15.2055994147936,-8.64916543293897,3.5));
#14608=CARTESIAN_POINT('Origin',(0.,0.,0.));
#14609=CARTESIAN_POINT('',(7.50000000000007,-16.7801787833146,0.));
#14610=CARTESIAN_POINT('Origin',(-7.49999999999993,-16.7801787833146,0.));
#14611=CARTESIAN_POINT('',(-7.49999999999993,-16.7801787833146,0.));
#14612=CARTESIAN_POINT('Origin',(0.,0.,0.));
#14613=CARTESIAN_POINT('',(-13.0307571395251,-12.9623982491944,0.));
#14614=CARTESIAN_POINT('Origin',(-24.9330967270392,-0.997290128350165,0.));
#14615=CARTESIAN_POINT('',(-24.9330967270392,-0.997290128350165,0.));
#14616=CARTESIAN_POINT('Origin',(-1.75,15.0354912291361,0.));
#14617=CARTESIAN_POINT('Origin',(0.,2.,4.));
#14618=CARTESIAN_POINT('',(19.67,2.,4.));
#14619=CARTESIAN_POINT('Origin',(21.92,2.,4.));
#14620=CARTESIAN_POINT('',(20.17,2.,4.));
#14621=CARTESIAN_POINT('Origin',(21.92,2.,4.));
#14622=CARTESIAN_POINT('Origin',(21.92,2.,5.));
#14623=CARTESIAN_POINT('',(20.17,2.,5.));
#14624=CARTESIAN_POINT('Origin',(21.92,2.,0.));
#14625=CARTESIAN_POINT('Origin',(0.,2.,4.));
#14626=CARTESIAN_POINT('',(-24.17,2.,4.));
#14627=CARTESIAN_POINT('Origin',(-21.92,2.,4.));
#14628=CARTESIAN_POINT('',(-23.67,2.,4.));
#14629=CARTESIAN_POINT('Origin',(-21.92,2.,4.));
#14630=CARTESIAN_POINT('Origin',(-21.92,2.,5.));
#14631=CARTESIAN_POINT('',(-23.67,2.,5.));
#14632=CARTESIAN_POINT('Origin',(0.,0.,0.));
#14633=CARTESIAN_POINT('Origin',(-21.92,2.,0.));
#14634=CARTESIAN_POINT('',(-24.17,2.,0.));
#14635=CARTESIAN_POINT('Origin',(21.92,2.,0.));
#14636=CARTESIAN_POINT('',(19.67,2.,0.));
#14637=CARTESIAN_POINT('Origin',(-21.92,2.,0.));
#14638=CARTESIAN_POINT('',(0.,0.,0.));
#14639=CARTESIAN_POINT('Origin',(20.4765286003216,-9.73120300145928,0.));
#14640=CARTESIAN_POINT('',(17.7576052392117,-10.9990577866814,2.));
#14641=CARTESIAN_POINT('',(18.3496367929998,-7.61546879321211,2.));
#14642=CARTESIAN_POINT('Origin',(20.4765286003216,-9.73120300145928,2.));
#14643=CARTESIAN_POINT('',(17.7576052392117,-10.9990577866814,0.));
#14644=CARTESIAN_POINT('',(17.7576052392117,-10.9990577866814,0.));
#14645=CARTESIAN_POINT('',(18.3496367929998,-7.61546879321211,0.));
#14646=CARTESIAN_POINT('Origin',(20.4765286003216,-9.73120300145928,0.));
#14647=CARTESIAN_POINT('',(18.3496367929998,-7.61546879321211,0.));
#14648=CARTESIAN_POINT('Origin',(19.3085567780847,-14.3250840951697,0.));
#14649=CARTESIAN_POINT('',(19.3085567780847,-14.3250840951697,2.));
#14650=CARTESIAN_POINT('',(19.3085567780847,-14.3250840951697,2.));
#14651=CARTESIAN_POINT('',(19.3085567780847,-14.3250840951697,0.));
#14652=CARTESIAN_POINT('',(19.3085567780847,-14.3250840951697,0.));
#14653=CARTESIAN_POINT('',(19.3085567780847,-14.3250840951697,0.));
#14654=CARTESIAN_POINT('Origin',(6.95963265593513,-19.7801787833146,0.));
#14655=CARTESIAN_POINT('',(8.00640573742446,-16.9687261132756,2.));
#14656=CARTESIAN_POINT('',(6.95963265593513,-16.7801787833146,2.));
#14657=CARTESIAN_POINT('Origin',(6.95963265593513,-19.7801787833146,2.));
#14658=CARTESIAN_POINT('',(6.95963265593513,-16.7801787833146,0.));
#14659=CARTESIAN_POINT('',(6.95963265593513,-16.7801787833146,0.));
#14660=CARTESIAN_POINT('',(8.00640573742446,-16.9687261132756,0.));
#14661=CARTESIAN_POINT('Origin',(6.95963265593513,-19.7801787833146,0.));
#14662=CARTESIAN_POINT('',(8.00640573742446,-16.9687261132756,0.));
#14663=CARTESIAN_POINT('Origin',(7.50000000000007,-16.7801787833146,0.));
#14664=CARTESIAN_POINT('',(14.6014362248357,-19.424218414246,0.));
#14665=CARTESIAN_POINT('',(7.50000000000007,-16.7801787833146,0.));
#14666=CARTESIAN_POINT('',(14.6014362248357,-19.424218414246,2.));
#14667=CARTESIAN_POINT('',(14.6014362248357,-19.424218414246,0.));
#14668=CARTESIAN_POINT('',(7.50000000000007,-16.7801787833146,2.));
#14669=CARTESIAN_POINT('Origin',(-10.5759342860453,18.5810121892552,0.));
#14670=CARTESIAN_POINT('',(-12.3099712187834,16.1329280575514,2.));
#14671=CARTESIAN_POINT('',(-9.09193976508478,15.9737607127461,2.));
#14672=CARTESIAN_POINT('Origin',(-10.5759342860453,18.5810121892552,2.));
#14673=CARTESIAN_POINT('',(-9.09193976285893,15.973760714013,0.960975301410037));
#14674=CARTESIAN_POINT('',(-9.09193976508478,15.9737607127461,0.));
#14675=CARTESIAN_POINT('',(-12.3099712187834,16.1329280575514,0.691680213419961));
#14676=CARTESIAN_POINT('Ctrl Pts',(-9.09193976263297,15.9737607141416,0.960975300635603));
#14677=CARTESIAN_POINT('Ctrl Pts',(-9.34473962872847,15.8298721708285,0.863081426245038));
#14678=CARTESIAN_POINT('Ctrl Pts',(-9.63751770485485,15.7142926532136,0.777421561497589));
#14679=CARTESIAN_POINT('Ctrl Pts',(-10.3019407714669,15.5712793743059,0.641118513161145));
#14680=CARTESIAN_POINT('Ctrl Pts',(-10.6792636084765,15.5624126080162,0.598587847475451));
#14681=CARTESIAN_POINT('Ctrl Pts',(-11.3665912541936,15.6665842794963,0.57543481947118));
#14682=CARTESIAN_POINT('Ctrl Pts',(-11.7215214816096,15.7845887506674,0.592470622616339));
#14683=CARTESIAN_POINT('Ctrl Pts',(-12.1327727825541,16.0143485927828,0.655360645076701));
#14684=CARTESIAN_POINT('Ctrl Pts',(-12.2233773727981,16.0715915515294,0.672311747083756));
#14685=CARTESIAN_POINT('Ctrl Pts',(-12.3099712187835,16.1329280575515,0.691680213419993));
#14686=CARTESIAN_POINT('',(-12.3099712187834,16.1329280575514,0.));
#14687=CARTESIAN_POINT('Origin',(-10.667500911846,14.9695267935708,0.));
#14688=CARTESIAN_POINT('',(-10.667500911846,14.9695267935708,0.));
#14689=CARTESIAN_POINT('Ctrl Pts',(-12.3099712187834,16.1329280575514,0.691680213419961));
#14690=CARTESIAN_POINT('Ctrl Pts',(-11.5372513191573,15.5855919479542,0.51884576783688));
#14691=CARTESIAN_POINT('Ctrl Pts',(-10.667500911846,14.9695267935708,0.));
#14692=CARTESIAN_POINT('',(-13.8076793585068,17.1937907930715,0.));
#14693=CARTESIAN_POINT('',(-10.667500911846,14.9695267935708,0.));
#14694=CARTESIAN_POINT('',(-13.8076793585068,17.1937907930715,2.));
#14695=CARTESIAN_POINT('',(-13.8076793585068,17.1937907930715,0.));
#14696=CARTESIAN_POINT('',(-10.667500911846,14.9695267935708,2.));
#14697=CARTESIAN_POINT('Origin',(-22.7252255244294,10.2629115349305,0.));
#14698=CARTESIAN_POINT('',(-19.7252255244294,10.2629115349305,2.));
#14699=CARTESIAN_POINT('',(-21.0163489799461,7.79719846246756,2.));
#14700=CARTESIAN_POINT('Origin',(-22.7252255244294,10.2629115349305,2.));
#14701=CARTESIAN_POINT('',(-19.7252255244294,10.2629115349305,0.));
#14702=CARTESIAN_POINT('',(-19.7252255244294,10.2629115349305,0.));
#14703=CARTESIAN_POINT('',(-21.0163489799461,7.79719846246756,0.));
#14704=CARTESIAN_POINT('Origin',(-22.7252255244294,10.2629115349305,0.));
#14705=CARTESIAN_POINT('',(-21.0163489799461,7.79719846246756,0.));
#14706=CARTESIAN_POINT('Origin',(-19.7252255244294,14.1336856284417,0.));
#14707=CARTESIAN_POINT('',(-19.7252255244294,14.1336856284417,2.));
#14708=CARTESIAN_POINT('',(-19.7252255244294,8.6920189563058,2.));
#14709=CARTESIAN_POINT('',(-19.7252255244294,14.1336856284417,0.));
#14710=CARTESIAN_POINT('',(-19.7252255244294,14.1336856284417,0.));
#14711=CARTESIAN_POINT('',(-19.7252255244294,8.6920189563058,0.));
#14712=CARTESIAN_POINT('Origin',(15.9099025766973,-15.9099025766973,0.));
#14713=CARTESIAN_POINT('',(14.1599025766973,-15.9099025766973,2.));
#14714=CARTESIAN_POINT('Origin',(15.9099025766973,-15.9099025766973,2.));
#14715=CARTESIAN_POINT('',(14.1599025766973,-15.9099025766973,0.));
#14716=CARTESIAN_POINT('',(14.1599025766973,-15.9099025766973,0.));
#14717=CARTESIAN_POINT('Origin',(15.9099025766973,-15.9099025766973,0.));
#14718=CARTESIAN_POINT('Origin',(15.9099025766973,-15.9099025766973,0.));
#14719=CARTESIAN_POINT('Origin',(15.9099025766973,-15.9099025766973,0.));
#14720=CARTESIAN_POINT('Origin',(15.9099025766973,-15.9099025766973,2.));
#14721=CARTESIAN_POINT('Origin',(13.5799512883487,-14.3802364694374,2.));
#14722=CARTESIAN_POINT('',(13.0307571395251,-12.9623982491944,2.));
#14723=CARTESIAN_POINT('',(16.2690453184545,-9.70703253706256,2.));
#14724=CARTESIAN_POINT('',(7.50000000000007,-16.7801787833146,2.));
#14725=CARTESIAN_POINT('Origin',(0.,0.,2.));
#14726=CARTESIAN_POINT('',(-3.74999999999997,-16.7801787833146,2.));
#14727=CARTESIAN_POINT('Origin',(13.0307571395251,-12.9623982491944,0.));
#14728=CARTESIAN_POINT('',(24.9330967270392,-0.997290128350165,0.));
#14729=CARTESIAN_POINT('',(24.9330967270392,-0.997290128350165,0.));
#14730=CARTESIAN_POINT('',(24.9330967270392,-0.997290128350165,2.));
#14731=CARTESIAN_POINT('',(24.9330967270392,-0.997290128350165,0.));
#14732=CARTESIAN_POINT('',(16.2690453184545,-9.70703253706256,2.));
#14733=CARTESIAN_POINT('Origin',(-15.9752255244294,14.1336856284417,0.));
#14734=CARTESIAN_POINT('',(-17.7252255244294,14.1336856284417,2.));
#14735=CARTESIAN_POINT('Origin',(-15.9752255244294,14.1336856284417,2.));
#14736=CARTESIAN_POINT('',(-17.7252255244294,14.1336856284417,0.));
#14737=CARTESIAN_POINT('',(-17.7252255244294,14.1336856284417,0.));
#14738=CARTESIAN_POINT('Origin',(-15.9752255244294,14.1336856284417,0.));
#14739=CARTESIAN_POINT('Origin',(-15.9752255244294,14.1336856284417,0.));
#14740=CARTESIAN_POINT('Origin',(-15.9752255244294,14.1336856284417,0.));
#14741=CARTESIAN_POINT('Origin',(-15.9752255244294,14.1336856284417,2.));
#14742=CARTESIAN_POINT('Origin',(-15.1963632181377,13.2878522923737,2.));
#14743=CARTESIAN_POINT('',(-10.4697169625344,15.1066020906232,2.));
#14744=CARTESIAN_POINT('',(-7.43748644307726,17.2081067912454,2.));
#14745=CARTESIAN_POINT('Origin',(0.,0.,2.));
#14746=CARTESIAN_POINT('Origin',(-10.4697169625344,15.1066020906232,0.));
#14747=CARTESIAN_POINT('',(-24.340908438018,5.49309351932255,0.));
#14748=CARTESIAN_POINT('',(-24.340908438018,5.49309351932255,0.));
#14749=CARTESIAN_POINT('',(-24.340908438018,5.49309351932255,2.));
#14750=CARTESIAN_POINT('',(-24.340908438018,5.49309351932255,0.));
#14751=CARTESIAN_POINT('',(-7.43748644307726,17.2081067912454,2.));
#14752=CARTESIAN_POINT('Origin',(0.,-11.7801787833146,7.));
#14753=CARTESIAN_POINT('',(3.,-13.7801787833146,7.));
#14754=CARTESIAN_POINT('',(3.,-11.7801787833146,5.));
#14755=CARTESIAN_POINT('Origin',(3.,-11.7801787833146,7.));
#14756=CARTESIAN_POINT('',(-3.,-11.7801787833146,5.));
#14757=CARTESIAN_POINT('',(3.17221483482538,-11.7801787833146,5.));
#14758=CARTESIAN_POINT('',(-3.,-13.7801787833146,7.));
#14759=CARTESIAN_POINT('Origin',(-3.,-11.7801787833146,7.));
#14760=CARTESIAN_POINT('',(0.,-13.7801787833146,7.));
#14761=CARTESIAN_POINT('Origin',(3.,-14.7801787833146,7.));
#14762=CARTESIAN_POINT('',(5.83084416131449,-13.7870416657162,5.));
#14763=CARTESIAN_POINT('Origin',(3.,-14.7801787833146,5.));
#14764=CARTESIAN_POINT('',(3.9983632576749,-14.7229878248967,7.));
#14765=CARTESIAN_POINT('Origin',(3.,-14.7801787833146,7.));
#14766=CARTESIAN_POINT('Ctrl Pts',(3.9983632576749,-14.7229878248967,7.));
#14767=CARTESIAN_POINT('Ctrl Pts',(3.99832313310146,-14.7222873837612,6.99789350597102));
#14768=CARTESIAN_POINT('Ctrl Pts',(3.99828559332477,-14.7215867838583,6.99578701170006));
#14769=CARTESIAN_POINT('Ctrl Pts',(3.9935297290912,-14.626243951897,6.70918652426231));
#14770=CARTESIAN_POINT('Ctrl Pts',(4.03531136807671,-14.5191346520147,6.39750656496001));
#14771=CARTESIAN_POINT('Ctrl Pts',(4.24083906284642,-14.31032670378,5.87703773270638));
#14772=CARTESIAN_POINT('Ctrl Pts',(4.37145434244209,-14.2172299791697,5.67151490073357));
#14773=CARTESIAN_POINT('Ctrl Pts',(4.70886029083363,-14.0476513980546,5.3395874363428));
#14774=CARTESIAN_POINT('Ctrl Pts',(4.90292836617105,-13.9741960129771,5.21507574108505));
#14775=CARTESIAN_POINT('Ctrl Pts',(5.34397220025623,-13.8545920433132,5.04305483219947));
#14776=CARTESIAN_POINT('Ctrl Pts',(5.58514844898002,-13.8109968762354,5.));
#14777=CARTESIAN_POINT('Ctrl Pts',(5.83084416131449,-13.7870416657162,5.));
#14778=CARTESIAN_POINT('Ctrl Pts',(-3.,-16.3659652209415,2.4142135623731));
#14779=CARTESIAN_POINT('Ctrl Pts',(-3.6977222176897,-16.3659652209415,2.4142135623731));
#14780=CARTESIAN_POINT('Ctrl Pts',(-5.32968468454635,-15.776094256576,3.0040845267386));
#14781=CARTESIAN_POINT('Ctrl Pts',(-6.04829430947692,-14.1231659806275,
4.65701280268711));
#14782=CARTESIAN_POINT('Ctrl Pts',(-5.9950897730247,-13.1943923456877,5.58578643762691));
#14783=CARTESIAN_POINT('Ctrl Pts',(-3.,-16.1543993667435,2.62577941657111));
#14784=CARTESIAN_POINT('Ctrl Pts',(-3.59928525877326,-16.1543993667435,
2.62577941657111));
#14785=CARTESIAN_POINT('Ctrl Pts',(-5.00289063838615,-15.5933309635228,
3.1864846509317));
#14786=CARTESIAN_POINT('Ctrl Pts',(-5.51495734896634,-14.0452143650253,
4.74026122829623));
#14787=CARTESIAN_POINT('Ctrl Pts',(-5.38178415259245,-13.2119588656723,
5.56821991764233));
#14788=CARTESIAN_POINT('Ctrl Pts',(-3.,-15.8689223652218,3.08031297060225));
#14789=CARTESIAN_POINT('Ctrl Pts',(-3.42722249117936,-15.8689223652218,
3.08031297060225));
#14790=CARTESIAN_POINT('Ctrl Pts',(-4.43173962844742,-15.3989273499181,
3.63191718338532));
#14791=CARTESIAN_POINT('Ctrl Pts',(-4.57894570834925,-14.1703361607329,
5.14045020334171));
#14792=CARTESIAN_POINT('Ctrl Pts',(-4.32059229412507,-13.6165975851968,
5.9120685600236));
#14793=CARTESIAN_POINT('Ctrl Pts',(-3.,-15.7801787833146,3.60402764948978));
#14794=CARTESIAN_POINT('Ctrl Pts',(-3.28474169456884,-15.7801787833146,
3.60402764948978));
#14795=CARTESIAN_POINT('Ctrl Pts',(-3.95266084543226,-15.4897819183649,
4.18244803896948));
#14796=CARTESIAN_POINT('Ctrl Pts',(-4.10145923826034,-14.7422569518217,
5.79211017374509));
#14797=CARTESIAN_POINT('Ctrl Pts',(-3.97976164553043,-14.3982657602156,
6.67421234719907));
#14798=CARTESIAN_POINT('Ctrl Pts',(-3.,-15.7801787833146,3.82842712474619));
#14799=CARTESIAN_POINT('Ctrl Pts',(-3.23257407256323,-15.7801787833146,
3.82842712474619));
#14800=CARTESIAN_POINT('Ctrl Pts',(-3.77656156151545,-15.5835551285261,
4.41829808911169));
#14801=CARTESIAN_POINT('Ctrl Pts',(-4.01609810315897,-15.0325790365433,
6.07122636506021));
#14802=CARTESIAN_POINT('Ctrl Pts',(-3.9983632576749,-14.7229878248967,7.));
#14803=CARTESIAN_POINT('',(-5.9712669225006,-13.7801787833146,5.));
#14804=CARTESIAN_POINT('',(-3.,-16.3659652209415,2.4142135623731));
#14805=CARTESIAN_POINT('Origin',(-3.,-13.3659652209415,5.4142135623731));
#14806=CARTESIAN_POINT('',(-3.,-15.7801787833146,3.82842712474619));
#14807=CARTESIAN_POINT('Origin',(-3.,-17.7801787833146,3.82842712474619));
#14808=CARTESIAN_POINT('',(-3.9983632576749,-14.7229878248967,7.));
#14809=CARTESIAN_POINT('Origin',(-3.,-14.7801787833146,6.82842712474619));
#14810=CARTESIAN_POINT('',(-5.83084416131449,-13.7870416657162,5.));
#14811=CARTESIAN_POINT('Ctrl Pts',(-3.9983632576749,-14.7229878248967,7.));
#14812=CARTESIAN_POINT('Ctrl Pts',(-3.99832313310145,-14.722287383761,6.99789350597037));
#14813=CARTESIAN_POINT('Ctrl Pts',(-3.99828559332481,-14.7215867838588,
6.99578701170034));
#14814=CARTESIAN_POINT('Ctrl Pts',(-3.99352972909598,-14.6262439519945,
6.70918652460145));
#14815=CARTESIAN_POINT('Ctrl Pts',(-4.03531136797332,-14.5191346521198,
6.39750656522183));
#14816=CARTESIAN_POINT('Ctrl Pts',(-4.24083906284642,-14.31032670378,5.87703773270639));
#14817=CARTESIAN_POINT('Ctrl Pts',(-4.37145434244209,-14.2172299791697,
5.67151490073357));
#14818=CARTESIAN_POINT('Ctrl Pts',(-4.70886029083364,-14.0476513980546,
5.3395874363428));
#14819=CARTESIAN_POINT('Ctrl Pts',(-4.90292836617105,-13.9741960129771,
5.21507574108505));
#14820=CARTESIAN_POINT('Ctrl Pts',(-5.34397220025623,-13.8545920433132,
5.04305483219947));
#14821=CARTESIAN_POINT('Ctrl Pts',(-5.58514844898002,-13.8109968762354,
5.));
#14822=CARTESIAN_POINT('Ctrl Pts',(-5.83084416131449,-13.7870416657162,
5.));
#14823=CARTESIAN_POINT('Ctrl Pts',(-5.82823997533464,-13.786540420291,5.00134679529913));
#14824=CARTESIAN_POINT('Ctrl Pts',(-5.87479500638926,-13.7818548648722,
5.00114119760445));
#14825=CARTESIAN_POINT('Ctrl Pts',(-5.92160500170302,-13.7794135761675,
5.0009576776706));
#14826=CARTESIAN_POINT('Ctrl Pts',(-5.96861437938064,-13.7793515136046,
5.00082726971002));
#14827=CARTESIAN_POINT('Origin',(-1.87499999999998,-17.7801787833146,3.82842712474619));
#14828=CARTESIAN_POINT('',(3.,-16.3659652209415,2.4142135623731));
#14829=CARTESIAN_POINT('',(3.,-15.7801787833146,3.82842712474619));
#14830=CARTESIAN_POINT('Origin',(3.,-17.7801787833146,3.82842712474619));
#14831=CARTESIAN_POINT('',(-1.87499999999998,-15.7801787833146,3.82842712474619));
#14832=CARTESIAN_POINT('',(-1.87499999999998,-16.3659652209415,2.4142135623731));
#14833=CARTESIAN_POINT('Ctrl Pts',(3.,-15.7801787833146,3.82842712474619));
#14834=CARTESIAN_POINT('Ctrl Pts',(3.23257407256323,-15.7801787833146,3.82842712474619));
#14835=CARTESIAN_POINT('Ctrl Pts',(3.77656156151545,-15.5835551285261,4.41829808911169));
#14836=CARTESIAN_POINT('Ctrl Pts',(4.01609810315897,-15.0325790365433,6.07122636506021));
#14837=CARTESIAN_POINT('Ctrl Pts',(3.9983632576749,-14.7229878248967,7.));
#14838=CARTESIAN_POINT('Ctrl Pts',(3.,-15.7801787833146,3.52922782440431));
#14839=CARTESIAN_POINT('Ctrl Pts',(3.30207981982164,-15.7801787833146,3.52922782440431));
#14840=CARTESIAN_POINT('Ctrl Pts',(4.01113326259988,-15.4587616698243,4.10357076603803));
#14841=CARTESIAN_POINT('Ctrl Pts',(4.13306650858837,-14.6459064551463,5.70123639013601));
#14842=CARTESIAN_POINT('Ctrl Pts',(3.97356110814893,-14.2900250719885,6.56561646293209));
#14843=CARTESIAN_POINT('Ctrl Pts',(3.,-15.8997198179981,3.00596134242329));
#14844=CARTESIAN_POINT('Ctrl Pts',(3.45168918961603,-15.8997198179981,3.00596134242329));
#14845=CARTESIAN_POINT('Ctrl Pts',(4.5132715202614,-15.4119562512169,3.55415172209642));
#14846=CARTESIAN_POINT('Ctrl Pts',(4.70689310490696,-14.1175087454797,5.05158325458641));
#14847=CARTESIAN_POINT('Ctrl Pts',(4.45904061405724,-13.5106083701864,5.81401031808076));
#14848=CARTESIAN_POINT('Ctrl Pts',(3.,-16.207290830293,2.57288795302161));
#14849=CARTESIAN_POINT('Ctrl Pts',(3.62392976730835,-16.207290830293,2.57288795302161));
#14850=CARTESIAN_POINT('Ctrl Pts',(5.08475598553403,-15.6388736190684,3.14108864689352));
#14851=CARTESIAN_POINT('Ctrl Pts',(5.64606153792754,-14.0642014887993,4.71772661493368));
#14852=CARTESIAN_POINT('Ctrl Pts',(5.53511055770051,-13.2075672356761,5.57261154763847));
#14853=CARTESIAN_POINT('Ctrl Pts',(3.,-16.3659652209415,2.4142135623731));
#14854=CARTESIAN_POINT('Ctrl Pts',(3.6977222176897,-16.3659652209415,2.4142135623731));
#14855=CARTESIAN_POINT('Ctrl Pts',(5.32968468454636,-15.776094256576,3.0040845267386));
#14856=CARTESIAN_POINT('Ctrl Pts',(6.04829430947692,-14.1231659806275,4.65701280268711));
#14857=CARTESIAN_POINT('Ctrl Pts',(5.9950897730247,-13.1943923456877,5.58578643762691));
#14858=CARTESIAN_POINT('Origin',(3.,-14.7801787833146,6.82842712474619));
#14859=CARTESIAN_POINT('',(5.9712669225006,-13.7801787833146,5.));
#14860=CARTESIAN_POINT('Origin',(3.,-13.3659652209415,5.41421356237309));
#14861=CARTESIAN_POINT('Ctrl Pts',(5.96861437938064,-13.7793515136046,5.00082726971002));
#14862=CARTESIAN_POINT('Ctrl Pts',(5.92142317304893,-13.7793880624357,5.0008749138591));
#14863=CARTESIAN_POINT('Ctrl Pts',(5.87447703117688,-13.7817774565458,5.00095471902624));
#14864=CARTESIAN_POINT('Ctrl Pts',(5.82784339103507,-13.786373568617,5.00104508885462));
#14865=CARTESIAN_POINT('Origin',(-3.,-14.7801787833146,7.));
#14866=CARTESIAN_POINT('Origin',(-3.,-14.7801787833146,7.));
#14867=CARTESIAN_POINT('Origin',(-3.,-14.7801787833146,5.));
#14868=CARTESIAN_POINT('Origin',(-3.74999999999997,-15.2801787833146,3.5));
#14869=CARTESIAN_POINT('',(-6.8301590537766,-13.7801787833146,5.));
#14870=CARTESIAN_POINT('',(-3.74999999999997,-13.7801787833146,5.));
#14871=CARTESIAN_POINT('',(-7.49999999999993,-16.7801787833146,2.));
#14872=CARTESIAN_POINT('Ctrl Pts',(-6.8301590537766,-13.7801787833146,5.));
#14873=CARTESIAN_POINT('Ctrl Pts',(-7.06350524633184,-14.776409857839,4.00376892547557));
#14874=CARTESIAN_POINT('Ctrl Pts',(-7.28702329986592,-15.7817389361956,
2.99843984711896));
#14875=CARTESIAN_POINT('Ctrl Pts',(-7.49999999999992,-16.7801787833146,
2.));
#14876=CARTESIAN_POINT('',(-3.74999999999997,-16.7801787833146,2.));
#14877=CARTESIAN_POINT('',(6.8301590537766,-13.7801787833146,5.));
#14878=CARTESIAN_POINT('Ctrl Pts',(6.83015905377661,-13.7801787833146,5.));
#14879=CARTESIAN_POINT('Ctrl Pts',(7.0635052463307,-14.7764098578342,4.00376892548044));
#14880=CARTESIAN_POINT('Ctrl Pts',(7.28702329986328,-15.7817389361833,2.99843984713129));
#14881=CARTESIAN_POINT('Ctrl Pts',(7.49999999999992,-16.7801787833146,1.99999999999998));
#14882=CARTESIAN_POINT('',(-3.74999999999997,-13.7801787833146,5.));
#14883=CARTESIAN_POINT('Origin',(0.,-13.7801787833146,8.3));
#14884=CARTESIAN_POINT('',(-3.,-13.7801787833146,8.3));
#14885=CARTESIAN_POINT('',(-3.,-13.7801787833146,6.975));
#14886=CARTESIAN_POINT('',(3.,-13.7801787833146,8.3));
#14887=CARTESIAN_POINT('',(0.,-13.7801787833146,8.3));
#14888=CARTESIAN_POINT('',(3.,-13.7801787833146,6.975));
#14889=CARTESIAN_POINT('Origin',(-3.,-14.7801787833146,4.325));
#14890=CARTESIAN_POINT('',(-3.,-15.7801787833146,8.3));
#14891=CARTESIAN_POINT('',(-3.,-15.7801787833146,4.325));
#14892=CARTESIAN_POINT('Origin',(-3.,-14.7801787833146,8.3));
#14893=CARTESIAN_POINT('Origin',(0.,-15.7801787833146,8.3));
#14894=CARTESIAN_POINT('',(3.,-15.7801787833146,8.3));
#14895=CARTESIAN_POINT('Origin',(3.,-14.7801787833146,8.3));
#14896=CARTESIAN_POINT('',(0.,-15.7801787833146,8.3));
#14897=CARTESIAN_POINT('Origin',(3.,-14.7801787833146,6.975));
#14898=CARTESIAN_POINT('',(3.,-15.7801787833146,4.325));
#14899=CARTESIAN_POINT('Origin',(0.,-15.7801787833146,3.));
#14900=CARTESIAN_POINT('Origin',(4.55,22.1868425672872,7.84));
#14901=CARTESIAN_POINT('',(4.11925360850666,27.2355858799623,8.27074639149334));
#14902=CARTESIAN_POINT('',(4.1,27.1868425672872,8.29));
#14903=CARTESIAN_POINT('',(3.47975396326359,25.6165994363089,8.9102460367364));
#14904=CARTESIAN_POINT('',(4.1,26.1868425672872,8.29));
#14905=CARTESIAN_POINT('',(4.1,22.1868425672872,8.29));
#14906=CARTESIAN_POINT('',(5.,26.1868425672872,7.39));
#14907=CARTESIAN_POINT('',(2.2475,26.1868425672872,10.1425));
#14908=CARTESIAN_POINT('',(5.,27.2355858799623,7.39));
#14909=CARTESIAN_POINT('',(5.,22.1868425672872,7.39));
#14910=CARTESIAN_POINT('',(4.7475,27.2355858799623,7.6425));
#14911=CARTESIAN_POINT('Origin',(0.,26.6868425672872,8.29));
#14912=CARTESIAN_POINT('',(-4.1,27.1868425672872,8.29));
#14913=CARTESIAN_POINT('',(5.,27.1868425672872,8.29));
#14914=CARTESIAN_POINT('',(-4.1,26.1868425672872,8.29));
#14915=CARTESIAN_POINT('',(-4.1,34.6868425672872,8.29));
#14916=CARTESIAN_POINT('',(5.,26.1868425672872,8.29));
#14917=CARTESIAN_POINT('Origin',(2.5,28.1868425672872,7.895));
#14918=CARTESIAN_POINT('',(3.8,29.1868425672872,7.5));
#14919=CARTESIAN_POINT('',(3.8,29.1868425672872,7.5));
#14920=CARTESIAN_POINT('',(-3.8,29.1868425672872,7.5));
#14921=CARTESIAN_POINT('',(2.5,29.1868425672872,7.5));
#14922=CARTESIAN_POINT('',(-4.11925360850666,27.2355858799623,8.27074639149334));
#14923=CARTESIAN_POINT('',(-4.12722871427474,27.1868425672872,8.29));
#14924=CARTESIAN_POINT('',(-5.06405905834381,29.6274984111955,7.32594094165619));
#14925=CARTESIAN_POINT('Origin',(4.67930717856869,28.1868425672872,7.17930717856869));
#14926=CARTESIAN_POINT('',(5.,29.1868425672872,6.3));
#14927=CARTESIAN_POINT('',(5.,25.5772533121837,8.31636838126958));
#14928=CARTESIAN_POINT('',(4.4,29.1868425672872,6.9));
#14929=CARTESIAN_POINT('Origin',(-4.55,34.6868425672872,7.84));
#14930=CARTESIAN_POINT('',(-5.,26.1868425672872,7.39));
#14931=CARTESIAN_POINT('',(-4.7475,26.1868425672872,7.6425));
#14932=CARTESIAN_POINT('',(-5.,27.2355858799623,7.39));
#14933=CARTESIAN_POINT('',(-3.4975,27.2355858799623,8.8925));
#14934=CARTESIAN_POINT('',(-5.,34.6868425672872,7.39));
#14935=CARTESIAN_POINT('Origin',(-5.,26.1868425672872,7.5));
#14936=CARTESIAN_POINT('',(-5.,26.1868425672872,5.));
#14937=CARTESIAN_POINT('',(-5.,26.1868425672872,3.75));
#14938=CARTESIAN_POINT('',(5.,26.1868425672872,5.));
#14939=CARTESIAN_POINT('',(5.,26.1868425672872,5.));
#14940=CARTESIAN_POINT('',(5.,26.1868425672872,3.75));
#14941=CARTESIAN_POINT('Origin',(-5.,42.6868425672872,0.));
#14942=CARTESIAN_POINT('',(-5.,29.1868425672872,6.3));
#14943=CARTESIAN_POINT('',(-5.,34.5721331213208,3.29169937916056));
#14944=CARTESIAN_POINT('',(-5.,39.6868425672872,6.3));
#14945=CARTESIAN_POINT('',(-5.,38.9368425672872,6.3));
#14946=CARTESIAN_POINT('',(-5.,41.4868425672872,4.5));
#14947=CARTESIAN_POINT('Origin',(-5.,39.6868425672872,4.5));
#14948=CARTESIAN_POINT('',(-5.,41.4868425672872,3.));
#14949=CARTESIAN_POINT('',(-5.,41.4868425672872,0.));
#14950=CARTESIAN_POINT('',(-5.,39.6868425672872,1.2));
#14951=CARTESIAN_POINT('Origin',(-5.,39.6868425672872,3.));
#14952=CARTESIAN_POINT('',(-5.,21.1334900099345,1.2));
#14953=CARTESIAN_POINT('',(-5.,27.8200872296367,1.2));
#14954=CARTESIAN_POINT('',(-5.,21.1334900099345,4.07106781186548));
#14955=CARTESIAN_POINT('',(-5.,21.1334900099345,0.));
#14956=CARTESIAN_POINT('',(-5.,20.1010060915612,5.));
#14957=CARTESIAN_POINT('Ctrl Pts',(-5.,20.1011045330795,5.00010994685938));
#14958=CARTESIAN_POINT('Ctrl Pts',(-5.,20.4459614158856,4.6912499867436));
#14959=CARTESIAN_POINT('Ctrl Pts',(-5.,20.7900434560082,4.381513676551));
#14960=CARTESIAN_POINT('Ctrl Pts',(-5.,21.1334900099345,4.07106781186548));
#14961=CARTESIAN_POINT('',(-5.,31.1533992146291,5.));
#14962=CARTESIAN_POINT('',(-5.,35.1694973468976,2.39999999999996));
#14963=CARTESIAN_POINT('',(-5.,35.1868425672872,5.));
#14964=CARTESIAN_POINT('',(-5.,35.1649951100172,1.72512729005342));
#14965=CARTESIAN_POINT('',(-5.,31.1867535574283,5.00000000000007));
#14966=CARTESIAN_POINT('',(-5.,38.9368425672872,4.99999999999993));
#14967=CARTESIAN_POINT('',(-5.,31.1694083370384,2.4));
#14968=CARTESIAN_POINT('',(-5.,31.1703320999157,2.53846947038077));
#14969=CARTESIAN_POINT('',(-5.,36.9314610714685,2.39999999999994));
#14970=CARTESIAN_POINT('Origin',(-2.17930717856869,28.1868425672872,9.67930717856868));
#14971=CARTESIAN_POINT('',(-1.9,29.1868425672872,9.4));
#14972=CARTESIAN_POINT('Origin',(4.4,26.4368425672872,6.9));
#14973=CARTESIAN_POINT('',(5.,39.6868425672872,6.3));
#14974=CARTESIAN_POINT('',(5.,26.4368425672872,6.3));
#14975=CARTESIAN_POINT('',(3.8,39.6868425672872,7.5));
#14976=CARTESIAN_POINT('',(3.8,39.6868425672872,7.5));
#14977=CARTESIAN_POINT('',(3.8,26.4368425672872,7.5));
#14978=CARTESIAN_POINT('Origin',(5.,17.6868425672872,0.));
#14979=CARTESIAN_POINT('',(5.,20.1010060915612,5.));
#14980=CARTESIAN_POINT('',(5.,18.6533992146291,5.));
#14981=CARTESIAN_POINT('',(5.,21.1334900099345,4.07106781186548));
#14982=CARTESIAN_POINT('Ctrl Pts',(5.,21.1334900099345,4.07106781186548));
#14983=CARTESIAN_POINT('Ctrl Pts',(5.,20.7900434560082,4.381513676551));
#14984=CARTESIAN_POINT('Ctrl Pts',(5.,20.4459614158856,4.6912499867436));
#14985=CARTESIAN_POINT('Ctrl Pts',(5.,20.1011045330795,5.00010994685938));
#14986=CARTESIAN_POINT('',(5.,21.1334900099345,1.2));
#14987=CARTESIAN_POINT('',(5.,21.1334900099345,0.));
#14988=CARTESIAN_POINT('',(5.,39.6868425672872,1.2));
#14989=CARTESIAN_POINT('',(5.,15.3200872296367,1.2));
#14990=CARTESIAN_POINT('',(5.,41.4868425672872,3.));
#14991=CARTESIAN_POINT('Origin',(5.,39.6868425672872,3.));
#14992=CARTESIAN_POINT('',(5.,41.4868425672872,4.5));
#14993=CARTESIAN_POINT('',(5.,41.4868425672872,0.));
#14994=CARTESIAN_POINT('Origin',(5.,39.6868425672872,4.5));
#14995=CARTESIAN_POINT('',(5.,31.1694083370384,2.4));
#14996=CARTESIAN_POINT('',(5.,31.1867535574283,5.00000000000007));
#14997=CARTESIAN_POINT('',(5.,31.1697758068661,2.45508269890028));
#14998=CARTESIAN_POINT('',(5.,35.1868425672872,5.));
#14999=CARTESIAN_POINT('',(5.,26.4368425672872,5.00000000000016));
#15000=CARTESIAN_POINT('',(5.,35.1694973468976,2.39999999999996));
#15001=CARTESIAN_POINT('',(5.,35.1644388169677,1.64174051857498));
#15002=CARTESIAN_POINT('',(5.,24.4314610714685,2.40000000000007));
#15003=CARTESIAN_POINT('Ctrl Pts',(-8.13088336627715,13.0550042391413,5.));
#15004=CARTESIAN_POINT('Ctrl Pts',(-8.27500400841065,14.6834987647176,3.54149342869462));
#15005=CARTESIAN_POINT('Ctrl Pts',(-8.3900398815068,16.3118799929388,2.04692251115956));
#15006=CARTESIAN_POINT('Ctrl Pts',(-8.4877955919877,17.9376743349638,0.535533905932744));
#15007=CARTESIAN_POINT('Ctrl Pts',(-7.08177624588424,13.3286345132146,5.32236171954886));
#15008=CARTESIAN_POINT('Ctrl Pts',(-7.18503297791656,14.9475397425022,3.84301820212909));
#15009=CARTESIAN_POINT('Ctrl Pts',(-7.26929192660235,16.566140281445,2.33205465161666));
#15010=CARTESIAN_POINT('Ctrl Pts',(-7.34077673857565,18.1817270987808,0.805529709529726));
#15011=CARTESIAN_POINT('Ctrl Pts',(-5.51290916809374,14.2248705384725,6.37821048190611));
#15012=CARTESIAN_POINT('Ctrl Pts',(-5.54045538334734,15.8634074215263,4.89027694997788));
#15013=CARTESIAN_POINT('Ctrl Pts',(-5.5627094363635,17.4912042072985,3.37047553396842));
#15014=CARTESIAN_POINT('Ctrl Pts',(-5.58217668347463,19.1144221717952,1.83737115156442));
#15015=CARTESIAN_POINT('Ctrl Pts',(-5.,15.5070880727529,7.88878108885441));
#15016=CARTESIAN_POINT('Ctrl Pts',(-4.99987907732493,17.201506254514,6.4215181010859));
#15017=CARTESIAN_POINT('Ctrl Pts',(-5.00010338982325,18.8708186451962,4.91937256574953));
#15018=CARTESIAN_POINT('Ctrl Pts',(-5.,20.5282822354666,3.40152587816649));
#15019=CARTESIAN_POINT('Ctrl Pts',(-5.,16.0560712176575,8.53553390593274));
#15020=CARTESIAN_POINT('Ctrl Pts',(-5.,17.7743265820964,7.07702733462736));
#15021=CARTESIAN_POINT('Ctrl Pts',(-5.,19.4614393655027,5.58245641709229));
#15022=CARTESIAN_POINT('Ctrl Pts',(-5.,21.1334900099345,4.07106781186548));
#15023=CARTESIAN_POINT('',(-5.26263996676144,17.6941284990481,4.99999999930693));
#15024=CARTESIAN_POINT('Ctrl Pts',(-5.26263996805262,17.6941284993366,5.));
#15025=CARTESIAN_POINT('Ctrl Pts',(-5.25496162884024,17.7285069741682,5.));
#15026=CARTESIAN_POINT('Ctrl Pts',(-5.24745886695783,17.7629097223989,5.));
#15027=CARTESIAN_POINT('Ctrl Pts',(-5.0795233503715,18.5517839905801,5.));
#15028=CARTESIAN_POINT('Ctrl Pts',(-5.,19.3291506629497,5.));
#15029=CARTESIAN_POINT('Ctrl Pts',(-5.,20.1010060915612,5.));
#15030=CARTESIAN_POINT('',(-7.86142001710864,16.6139241395464,2.0547096093384));
#15031=CARTESIAN_POINT('Ctrl Pts',(-5.,21.1334900099345,4.07106781186548));
#15032=CARTESIAN_POINT('Ctrl Pts',(-5.,21.1301318927463,4.06957657228157));
#15033=CARTESIAN_POINT('Ctrl Pts',(-5.0000033830853,21.1267737811881,4.068085320836));
#15034=CARTESIAN_POINT('Ctrl Pts',(-5.00122787522169,20.5190461696916,3.79820643234819));
#15035=CARTESIAN_POINT('Ctrl Pts',(-5.11202049773122,19.9168990193047,3.53032430567742));
#15036=CARTESIAN_POINT('Ctrl Pts',(-5.56256419998455,18.7392281533459,3.00548941472226));
#15037=CARTESIAN_POINT('Ctrl Pts',(-5.91487842274994,18.1737471649974,2.75294728979439));
#15038=CARTESIAN_POINT('Ctrl Pts',(-6.79434509122912,17.2486361080936,2.33918353205437));
#15039=CARTESIAN_POINT('Ctrl Pts',(-7.29572940205514,16.8815991022656,2.17472809326316));
#15040=CARTESIAN_POINT('Ctrl Pts',(-7.86142001710864,16.6139241395464,2.0547096093384));
#15041=CARTESIAN_POINT('',(-8.38674525516472,16.3550268732603,1.99999999999495));
#15042=CARTESIAN_POINT('Ctrl Pts',(-7.86207474755409,16.6145000720592,2.05555964561264));
#15043=CARTESIAN_POINT('Ctrl Pts',(-7.96774716290464,16.5642065453271,2.03288456046571));
#15044=CARTESIAN_POINT('Ctrl Pts',(-8.07378003878621,16.5125341156852,2.01735810172084));
#15045=CARTESIAN_POINT('Ctrl Pts',(-8.17993748287927,16.4596118042917,2.00864608902942));
#15046=CARTESIAN_POINT('Ctrl Pts',(-8.2488621520925,16.4252510221727,2.002989654871));
#15047=CARTESIAN_POINT('Ctrl Pts',(-8.31784047301494,16.3903633920589,2.00020597626569));
#15048=CARTESIAN_POINT('Ctrl Pts',(-8.38681932445566,16.3549852719597,2.00020562638286));
#15049=CARTESIAN_POINT('',(-8.13088336627478,13.0550042391512,4.99999999998568));
#15050=CARTESIAN_POINT('Ctrl Pts',(-8.38682768455155,16.35510870977,2.00009195589609));
#15051=CARTESIAN_POINT('Ctrl Pts',(-8.31236373267374,15.2556343082894,3.01256813532622));
#15052=CARTESIAN_POINT('Ctrl Pts',(-8.2282627766292,14.1553451362854,4.01451653416346));
#15053=CARTESIAN_POINT('Ctrl Pts',(-8.13088336627715,13.0550042391413,5.));
#15054=CARTESIAN_POINT('Ctrl Pts',(-8.13088336627715,13.0550042391413,5.));
#15055=CARTESIAN_POINT('Ctrl Pts',(-7.63326851312999,13.364927411754,5.));
#15056=CARTESIAN_POINT('Ctrl Pts',(-7.20031097951066,13.7770556656996,4.99999999977422));
#15057=CARTESIAN_POINT('Ctrl Pts',(-6.31687253801886,14.8864032777725,4.99999999977422));
#15058=CARTESIAN_POINT('Ctrl Pts',(-5.88839938978032,15.6854966692095,5.));
#15059=CARTESIAN_POINT('Ctrl Pts',(-5.45001979773428,16.9511240119244,5.));
#15060=CARTESIAN_POINT('Ctrl Pts',(-5.34624379387715,17.3198064040967,5.));
#15061=CARTESIAN_POINT('Ctrl Pts',(-5.26263996805262,17.6941284993366,5.));
#15062=CARTESIAN_POINT('Origin',(-4.4,38.9368425672872,6.9));
#15063=CARTESIAN_POINT('',(-3.8,39.6868425672872,7.5));
#15064=CARTESIAN_POINT('',(-3.8,38.9368425672872,7.5));
#15065=CARTESIAN_POINT('',(-5.,39.6868425672872,6.3));
#15066=CARTESIAN_POINT('Origin',(0.,35.1868425672872,7.5));
#15067=CARTESIAN_POINT('',(2.5,39.6868425672872,7.5));
#15068=CARTESIAN_POINT('Origin',(4.4,39.6868425672872,4.5));
#15069=CARTESIAN_POINT('',(3.8,42.6868425672872,4.5));
#15070=CARTESIAN_POINT('',(5.,41.4868425672872,4.5));
#15071=CARTESIAN_POINT('Origin',(3.8,39.6868425672872,4.5));
#15072=CARTESIAN_POINT('Origin',(4.4,42.0868425672872,0.));
#15073=CARTESIAN_POINT('',(3.8,42.6868425672872,3.));
#15074=CARTESIAN_POINT('',(5.,41.4868425672872,3.));
#15075=CARTESIAN_POINT('',(3.8,42.6868425672872,0.));
#15076=CARTESIAN_POINT('Origin',(4.4,39.6868425672872,3.));
#15077=CARTESIAN_POINT('',(3.8,39.6868425672872,0.));
#15078=CARTESIAN_POINT('',(5.,39.6868425672872,1.2));
#15079=CARTESIAN_POINT('Origin',(3.8,39.6868425672872,3.));
#15080=CARTESIAN_POINT('Origin',(4.4,15.3200872296367,0.6));
#15081=CARTESIAN_POINT('',(3.8,21.1334900099345,0.));
#15082=CARTESIAN_POINT('',(5.,21.1334900099345,1.2));
#15083=CARTESIAN_POINT('',(3.8,15.3200872296367,0.));
#15084=CARTESIAN_POINT('Origin',(10.,21.1334900099345,0.6));
#15085=CARTESIAN_POINT('',(10.4697169625344,15.1066020906232,0.15483565013878));
#15086=CARTESIAN_POINT('',(10.667500911846,14.9695267935708,0.));
#15087=CARTESIAN_POINT('Ctrl Pts',(10.4697169625344,15.1066020906232,0.15483565013878));
#15088=CARTESIAN_POINT('Ctrl Pts',(10.5673584841336,15.0389310757382,0.0797823555082117));
#15089=CARTESIAN_POINT('Ctrl Pts',(10.667500911846,14.9695267935708,0.));
#15090=CARTESIAN_POINT('Origin',(10.,21.1334900099345,0.));
#15091=CARTESIAN_POINT('',(7.86142001710864,16.6139241395464,1.2));
#15092=CARTESIAN_POINT('Origin',(10.,21.1334900099345,1.2));
#15093=CARTESIAN_POINT('Ctrl Pts',(10.4697169625344,15.1066020906232,0.154835650138775));
#15094=CARTESIAN_POINT('Ctrl Pts',(10.147166724551,15.3301473774868,0.402767653327785));
#15095=CARTESIAN_POINT('Ctrl Pts',(9.8119727642094,15.547596039458,0.624029298981131));
#15096=CARTESIAN_POINT('Ctrl Pts',(8.98304358333082,16.0444902357496,1.03385376887292));
#15097=CARTESIAN_POINT('Ctrl Pts',(8.47468191792641,16.3237392715812,1.2));
#15098=CARTESIAN_POINT('Ctrl Pts',(7.86142001710864,16.6139241395464,1.2));
#15099=CARTESIAN_POINT('Origin',(2.5,39.6868425672872,4.5));
#15100=CARTESIAN_POINT('',(2.95361394349716,42.6868425672872,4.49999999999977));
#15101=CARTESIAN_POINT('',(2.5,42.6868425672872,4.5));
#15102=CARTESIAN_POINT('',(2.90776318681663,42.548660171538,5.4));
#15103=CARTESIAN_POINT('Ctrl Pts',(2.95361394349716,42.6868425672872,4.49999999999977));
#15104=CARTESIAN_POINT('Ctrl Pts',(2.94468503137167,42.6868425672872,4.80525942316651));
#15105=CARTESIAN_POINT('Ctrl Pts',(2.93100652020037,42.6402176369305,5.10886581526588));
#15106=CARTESIAN_POINT('Ctrl Pts',(2.90776318681663,42.548660171538,5.4));
#15107=CARTESIAN_POINT('',(-2.90776318681663,42.548660171538,5.4));
#15108=CARTESIAN_POINT('Ctrl Pts',(2.90776318681664,42.548660171538,5.4));
#15109=CARTESIAN_POINT('Ctrl Pts',(2.90464718726527,42.5363859845108,5.4390294272358));
#15110=CARTESIAN_POINT('Ctrl Pts',(2.90124610820109,42.5233136753174,5.4778046772321));
#15111=CARTESIAN_POINT('Ctrl Pts',(2.86563151369434,42.3905653945054,5.8465090851719));
#15112=CARTESIAN_POINT('Ctrl Pts',(2.80930739778654,42.2112376116454,6.1516766063085));
#15113=CARTESIAN_POINT('Ctrl Pts',(2.6641197121464,41.9023650476627,6.52996669495984));
#15114=CARTESIAN_POINT('Ctrl Pts',(2.59573333187469,41.7745823728787,6.66136181779384));
#15115=CARTESIAN_POINT('Ctrl Pts',(2.42327659176399,41.51131636559,6.88776828778738));
#15116=CARTESIAN_POINT('Ctrl Pts',(2.31872576964564,41.3763467172444,6.98301036877155));
#15117=CARTESIAN_POINT('Ctrl Pts',(1.95630977807184,40.9821058467069,7.22506856609989));
#15118=CARTESIAN_POINT('Ctrl Pts',(1.61584204202427,40.7238313423497,7.32091825491219));
#15119=CARTESIAN_POINT('Ctrl Pts',(0.841815220955713,40.3762881556577,7.42533481896805));
#15120=CARTESIAN_POINT('Ctrl Pts',(0.40908558434874,40.2868425672872,7.43938769133981));
#15121=CARTESIAN_POINT('Ctrl Pts',(-0.40908558434874,40.2868425672872,7.43938769133981));
#15122=CARTESIAN_POINT('Ctrl Pts',(-0.841815220955713,40.3762881556577,
7.42533481896805));
#15123=CARTESIAN_POINT('Ctrl Pts',(-1.61584204202427,40.7238313423497,7.32091825491219));
#15124=CARTESIAN_POINT('Ctrl Pts',(-1.95630977807184,40.9821058467069,7.22506856609989));
#15125=CARTESIAN_POINT('Ctrl Pts',(-2.31872576964564,41.3763467172444,6.98301036877155));
#15126=CARTESIAN_POINT('Ctrl Pts',(-2.42327659176399,41.51131636559,6.88776828778737));
#15127=CARTESIAN_POINT('Ctrl Pts',(-2.59573333187469,41.7745823728787,6.66136181779382));
#15128=CARTESIAN_POINT('Ctrl Pts',(-2.6641197121464,41.9023650476627,6.52996669495984));
#15129=CARTESIAN_POINT('Ctrl Pts',(-2.80930739778654,42.2112376116454,6.1516766063085));
#15130=CARTESIAN_POINT('Ctrl Pts',(-2.86563151369434,42.3905653945054,5.8465090851719));
#15131=CARTESIAN_POINT('Ctrl Pts',(-2.90124610820109,42.5233136753174,5.4778046772321));
#15132=CARTESIAN_POINT('Ctrl Pts',(-2.90464718726527,42.5363859845108,5.4390294272358));
#15133=CARTESIAN_POINT('Ctrl Pts',(-2.90776318681664,42.548660171538,5.4));
#15134=CARTESIAN_POINT('',(-2.95361394349718,42.6868425672872,4.49999999999941));
#15135=CARTESIAN_POINT('Ctrl Pts',(-2.90776318681663,42.548660171538,5.4));
#15136=CARTESIAN_POINT('Ctrl Pts',(-2.93098234318366,42.6401224016071,5.10916864429352));
#15137=CARTESIAN_POINT('Ctrl Pts',(-2.94467565294261,42.6868425672872,4.80558005056268));
#15138=CARTESIAN_POINT('Ctrl Pts',(-2.95361394349717,42.6868425672872,4.49999999999941));
#15139=CARTESIAN_POINT('',(-3.8,42.6868425672872,4.5));
#15140=CARTESIAN_POINT('',(2.5,42.6868425672872,4.5));
#15141=CARTESIAN_POINT('Origin',(-3.8,39.6868425672872,4.5));
#15142=CARTESIAN_POINT('Origin',(-4.4,27.8200872296367,0.6));
#15143=CARTESIAN_POINT('',(-3.8,21.1334900099345,0.));
#15144=CARTESIAN_POINT('',(-3.8,21.1334900099345,0.));
#15145=CARTESIAN_POINT('',(-3.8,39.6868425672872,0.));
#15146=CARTESIAN_POINT('',(-5.,39.6868425672872,1.2));
#15147=CARTESIAN_POINT('',(-3.8,27.8200872296367,0.));
#15148=CARTESIAN_POINT('Origin',(-4.4,39.6868425672872,3.));
#15149=CARTESIAN_POINT('',(-3.8,42.6868425672872,3.));
#15150=CARTESIAN_POINT('',(-5.,41.4868425672872,3.));
#15151=CARTESIAN_POINT('Origin',(-3.8,39.6868425672872,3.));
#15152=CARTESIAN_POINT('Origin',(-10.,21.1334900099345,0.6));
#15153=CARTESIAN_POINT('',(-7.86142001710864,16.6139241395464,1.2));
#15154=CARTESIAN_POINT('Ctrl Pts',(-7.86142001710863,16.6139241395464,1.2));
#15155=CARTESIAN_POINT('Ctrl Pts',(-8.32192088857142,16.3960231344373,1.2));
#15156=CARTESIAN_POINT('Ctrl Pts',(-8.7223243291778,16.1841383025162,1.10410467503375));
#15157=CARTESIAN_POINT('Ctrl Pts',(-9.09193976263247,15.9737607141419,0.960975300635792));
#15158=CARTESIAN_POINT('Origin',(-10.,21.1334900099345,1.2));
#15159=CARTESIAN_POINT('Origin',(-10.,21.1334900099345,0.));
#15160=CARTESIAN_POINT('Origin',(-4.4,42.0868425672872,0.));
#15161=CARTESIAN_POINT('',(-5.,41.4868425672872,4.5));
#15162=CARTESIAN_POINT('',(-3.8,42.6868425672872,0.));
#15163=CARTESIAN_POINT('Origin',(-4.4,39.6868425672872,4.5));
#15164=CARTESIAN_POINT('Origin',(-10.,21.1334900099345,0.));
#15165=CARTESIAN_POINT('',(-7.86142001710864,16.6139241395464,0.));
#15166=CARTESIAN_POINT('Origin',(0.,0.,0.));
#15167=CARTESIAN_POINT('Origin',(0.,0.,2.));
#15168=CARTESIAN_POINT('Origin',(0.,12.9533318919863,0.));
#15169=CARTESIAN_POINT('',(24.340908438018,5.49309351932255,0.));
#15170=CARTESIAN_POINT('',(24.340908438018,5.49309351932255,0.));
#15171=CARTESIAN_POINT('Origin',(21.92,2.,0.));
#15172=CARTESIAN_POINT('',(-7.49999999999993,-16.7801787833146,0.));
#15173=CARTESIAN_POINT('',(-7.49999999999993,-16.7801787833146,0.));
#15174=CARTESIAN_POINT('',(-13.0307571395251,-12.9623982491944,0.));
#15175=CARTESIAN_POINT('Origin',(0.,0.,0.));
#15176=CARTESIAN_POINT('',(-24.9330967270392,-0.997290128350165,0.));
#15177=CARTESIAN_POINT('',(-24.9330967270392,-0.997290128350165,0.));
#15178=CARTESIAN_POINT('Origin',(-21.92,2.,0.));
#15179=CARTESIAN_POINT('',(-2.99862904890417,39.686842567287,2.28642643633499E-18));
#15180=CARTESIAN_POINT('',(2.5,39.6868425672872,0.));
#15181=CARTESIAN_POINT('',(-2.93938769133981,37.2868425672872,0.));
#15182=CARTESIAN_POINT('Ctrl Pts',(-2.93938769133981,37.2868425672872,0.));
#15183=CARTESIAN_POINT('Ctrl Pts',(-2.93938769133981,37.8558696199031,0.));
#15184=CARTESIAN_POINT('Ctrl Pts',(-2.96645819704376,38.5381652746142,0.));
#15185=CARTESIAN_POINT('Ctrl Pts',(-2.99061013247137,39.2867080812518,0.));
#15186=CARTESIAN_POINT('Ctrl Pts',(-2.99624298558123,39.4925779977569,6.92525286991515E-19));
#15187=CARTESIAN_POINT('Ctrl Pts',(-2.99862904890417,39.686842567287,2.88167619172481E-19));
#15188=CARTESIAN_POINT('',(-2.93938769133981,23.6868425672872,1.15648231731785E-17));
#15189=CARTESIAN_POINT('',(-2.93938769133981,36.2368425672872,0.));
#15190=CARTESIAN_POINT('',(2.93938769133981,23.6868425672872,1.15648231731785E-17));
#15191=CARTESIAN_POINT('',(0.,23.6868425672872,0.));
#15192=CARTESIAN_POINT('',(2.93938769133981,37.2868425672872,0.));
#15193=CARTESIAN_POINT('',(2.93938769133981,36.2368425672872,0.));
#15194=CARTESIAN_POINT('',(2.99862904890417,39.686842567287,-9.0618326346668E-19));
#15195=CARTESIAN_POINT('Ctrl Pts',(2.99862904890417,39.686842567287,-1.21393796224145E-19));
#15196=CARTESIAN_POINT('Ctrl Pts',(2.99624298558123,39.4925779977569,1.36248112493811E-19));
#15197=CARTESIAN_POINT('Ctrl Pts',(2.99061013247137,39.2867080812518,0.));
#15198=CARTESIAN_POINT('Ctrl Pts',(2.96645819704376,38.5381652746142,0.));
#15199=CARTESIAN_POINT('Ctrl Pts',(2.93938769133981,37.8558696199031,0.));
#15200=CARTESIAN_POINT('Ctrl Pts',(2.93938769133981,37.2868425672872,0.));
#15201=CARTESIAN_POINT('',(2.5,39.6868425672872,0.));
#15202=CARTESIAN_POINT('',(-7.06050388663989,-14.7801787833146,0.));
#15203=CARTESIAN_POINT('',(7.0605038866399,-14.7801787833146,0.));
#15204=CARTESIAN_POINT('Origin',(0.,0.,0.));
#15205=CARTESIAN_POINT('',(3.17221483482538,-14.7801787833146,0.));
#15206=CARTESIAN_POINT('',(19.67,2.,0.));
#15207=CARTESIAN_POINT('Origin',(21.92,2.,0.));
#15208=CARTESIAN_POINT('',(-24.17,2.,0.));
#15209=CARTESIAN_POINT('Origin',(-21.92,2.,0.));
#15210=CARTESIAN_POINT('Origin',(2.5,39.6868425672872,3.));
#15211=CARTESIAN_POINT('',(2.99998848760727,39.8985592130894,0.00747998137184572));
#15212=CARTESIAN_POINT('Ctrl Pts',(2.99862904890417,39.686842567287,1.03025214962565E-30));
#15213=CARTESIAN_POINT('Ctrl Pts',(2.9994965725505,39.7574731771669,-3.55484639638331E-15));
#15214=CARTESIAN_POINT('Ctrl Pts',(2.99991582111122,39.8280898091409,0.00249436866323039));
#15215=CARTESIAN_POINT('Ctrl Pts',(2.99998848760727,39.8985592130894,0.00747998137184569));
#15216=CARTESIAN_POINT('',(3.,39.9209943710755,0.00915180378831565));
#15217=CARTESIAN_POINT('Ctrl Pts',(2.99998848760727,39.8985592130894,0.00747998137184569));
#15218=CARTESIAN_POINT('Ctrl Pts',(2.99999620252254,39.9060408657156,0.00800929793086835));
#15219=CARTESIAN_POINT('Ctrl Pts',(3.,39.9135192998354,0.00856658471349679));
#15220=CARTESIAN_POINT('Ctrl Pts',(3.,39.9209943710755,0.00915180378831648));
#15221=CARTESIAN_POINT('',(3.,42.6776907634989,2.76584819621169));
#15222=CARTESIAN_POINT('Origin',(3.,39.6868425672872,3.));
#15223=CARTESIAN_POINT('',(2.99998848760727,42.6793625859153,2.78828335419776));
#15224=CARTESIAN_POINT('Ctrl Pts',(3.,42.6776907634988,2.76584819621169));
#15225=CARTESIAN_POINT('Ctrl Pts',(3.,42.6782760442573,2.7733240553434));
#15226=CARTESIAN_POINT('Ctrl Pts',(2.99999620175506,42.6788333220131,2.78080244585137));
#15227=CARTESIAN_POINT('Ctrl Pts',(2.99998848760727,42.6793625859153,2.78828335419776));
#15228=CARTESIAN_POINT('',(2.99862904890417,42.6868425672872,3.00000000000015));
#15229=CARTESIAN_POINT('Ctrl Pts',(2.99998848760727,42.6793625859153,2.78828335419776));
#15230=CARTESIAN_POINT('Ctrl Pts',(2.99994382606346,42.682426792565,2.83159454357429));
#15231=CARTESIAN_POINT('Ctrl Pts',(2.99976803160283,42.6845523837241,2.87499567283173));
#15232=CARTESIAN_POINT('Ctrl Pts',(2.99923018409233,42.686473634257,2.94565256277146));
#15233=CARTESIAN_POINT('Ctrl Pts',(2.99896268795375,42.6868425672872,2.97283632595961));
#15234=CARTESIAN_POINT('Ctrl Pts',(2.99862904890417,42.6868425672872,3.00000000000015));
#15235=CARTESIAN_POINT('',(2.5,42.6868425672872,3.));
#15236=CARTESIAN_POINT('Origin',(5.,42.6868425672872,0.));
#15237=CARTESIAN_POINT('Ctrl Pts',(2.95361394349716,42.6868425672872,4.49999999999977));
#15238=CARTESIAN_POINT('Ctrl Pts',(2.96286225428836,42.6868425672872,4.18382105482572));
#15239=CARTESIAN_POINT('Ctrl Pts',(2.97553383477315,42.6868425672872,3.86739534910612));
#15240=CARTESIAN_POINT('Ctrl Pts',(2.99061013247137,42.6868425672872,3.40013448603536));
#15241=CARTESIAN_POINT('Ctrl Pts',(2.99624298558123,42.6868425672872,3.19426456953026));
#15242=CARTESIAN_POINT('Ctrl Pts',(2.99862904890417,42.6868425672872,3.00000000000015));
#15243=CARTESIAN_POINT('Origin',(0.,37.2868425672872,5.4));
#15244=CARTESIAN_POINT('',(-2.99998848760727,42.6793625859153,2.78828335419776));
#15245=CARTESIAN_POINT('Origin',(0.,42.6868425672872,2.7846606338756));
#15246=CARTESIAN_POINT('',(-2.99862904890417,42.6868425672872,3.00000000000015));
#15247=CARTESIAN_POINT('Ctrl Pts',(-2.99862904890417,42.6868425672872,3.00000000000015));
#15248=CARTESIAN_POINT('Ctrl Pts',(-2.99949657397532,42.6868425672872,2.92936927411706));
#15249=CARTESIAN_POINT('Ctrl Pts',(-2.9999158212292,42.6843481905292,2.85875264373138));
#15250=CARTESIAN_POINT('Ctrl Pts',(-2.99998848760727,42.6793625859153,2.78828335419776));
#15251=CARTESIAN_POINT('Ctrl Pts',(-2.99862904890417,42.6868425672872,3.00000000000015));
#15252=CARTESIAN_POINT('Ctrl Pts',(-2.99624298558123,42.6868425672872,3.19426456953026));
#15253=CARTESIAN_POINT('Ctrl Pts',(-2.99061013247138,42.6868425672872,3.40013448603536));
#15254=CARTESIAN_POINT('Ctrl Pts',(-2.97553383477315,42.6868425672872,3.86739534910601));
#15255=CARTESIAN_POINT('Ctrl Pts',(-2.96286225428837,42.6868425672872,4.18382105482548));
#15256=CARTESIAN_POINT('Ctrl Pts',(-2.95361394349717,42.6868425672872,4.49999999999941));
#15257=CARTESIAN_POINT('Origin',(0.,43.2868425672872,5.4));
#15258=CARTESIAN_POINT('Origin',(2.5,39.6868425672872,3.));
#15259=CARTESIAN_POINT('',(2.5,42.6868425672872,3.));
#15260=CARTESIAN_POINT('',(-3.,42.6776907634989,2.76584819621169));
#15261=CARTESIAN_POINT('Ctrl Pts',(-2.99998848760727,42.6793625859153,2.78828335419776));
#15262=CARTESIAN_POINT('Ctrl Pts',(-2.99999620252254,42.6788332693563,2.78080170157161));
#15263=CARTESIAN_POINT('Ctrl Pts',(-3.,42.6782759825737,2.77332326745178));
#15264=CARTESIAN_POINT('Ctrl Pts',(-3.,42.6776907634988,2.76584819621169));
#15265=CARTESIAN_POINT('',(-3.,39.9209943710755,0.00915180378831565));
#15266=CARTESIAN_POINT('Origin',(-3.,39.6868425672872,3.));
#15267=CARTESIAN_POINT('',(-2.99998848760727,39.8985592130894,0.00747998137184564));
#15268=CARTESIAN_POINT('Ctrl Pts',(-3.,39.9209943710755,0.00915180378831648));
#15269=CARTESIAN_POINT('Ctrl Pts',(-3.,39.9135185119438,0.00856652302991013));
#15270=CARTESIAN_POINT('Ctrl Pts',(-2.99999620175506,39.9060401214358,0.00800924527410653));
#15271=CARTESIAN_POINT('Ctrl Pts',(-2.99998848760727,39.8985592130894,0.00747998137184569));
#15272=CARTESIAN_POINT('Ctrl Pts',(-2.99998848760727,39.8985592130894,0.00747998137184569));
#15273=CARTESIAN_POINT('Ctrl Pts',(-2.99993689813937,39.84852956737,0.00394045324289407));
#15274=CARTESIAN_POINT('Ctrl Pts',(-2.99971039971363,39.7983816649857,0.00165344694148588));
#15275=CARTESIAN_POINT('Ctrl Pts',(-2.99909348474167,39.727712835318,0.000208676729691835));
#15276=CARTESIAN_POINT('Ctrl Pts',(-2.99887997177949,39.7072717922323,-1.02820514789839E-15));
#15277=CARTESIAN_POINT('Ctrl Pts',(-2.99862904890417,39.686842567287,1.03037252024717E-30));
#15278=CARTESIAN_POINT('Origin',(0.,37.2868425672872,5.4));
#15279=CARTESIAN_POINT('Origin',(0.,39.9021819334116,1.38777878078145E-15));
#15280=CARTESIAN_POINT('Origin',(-3.,37.2868425672872,5.4));
#15281=CARTESIAN_POINT('Origin',(3.,37.2868425672872,5.4));
#15282=CARTESIAN_POINT('Origin',(5.,42.6868425672872,0.));
#15283=CARTESIAN_POINT('Origin',(10.,21.1334900099345,0.));
#15284=CARTESIAN_POINT('',(7.86142001710864,16.6139241395464,2.0547096093384));
#15285=CARTESIAN_POINT('Ctrl Pts',(5.,21.1334900099345,4.07106781186549));
#15286=CARTESIAN_POINT('Ctrl Pts',(5.,21.130131892752,4.06957657228412));
#15287=CARTESIAN_POINT('Ctrl Pts',(5.00000338308532,21.1267737811821,4.06808532082938));
#15288=CARTESIAN_POINT('Ctrl Pts',(5.00122787522116,20.5190461699957,3.79820643265815));
#15289=CARTESIAN_POINT('Ctrl Pts',(5.11202049770619,19.9168990193701,3.53032430570656));
#15290=CARTESIAN_POINT('Ctrl Pts',(5.56256419998455,18.7392281533459,3.00548941472225));
#15291=CARTESIAN_POINT('Ctrl Pts',(5.91487842274994,18.1737471649975,2.75294728979438));
#15292=CARTESIAN_POINT('Ctrl Pts',(6.79434509122911,17.2486361080936,2.33918353205437));
#15293=CARTESIAN_POINT('Ctrl Pts',(7.29572940205513,16.8815991022656,2.17472809326316));
#15294=CARTESIAN_POINT('Ctrl Pts',(7.86142001710864,16.6139241395464,2.0547096093384));
#15295=CARTESIAN_POINT('',(7.86142001710864,16.6139241395464,0.));
#15296=CARTESIAN_POINT('Ctrl Pts',(8.48779559198771,17.9376743349638,0.535533905932748));
#15297=CARTESIAN_POINT('Ctrl Pts',(8.3900398815068,16.3118799929388,2.04692251115956));
#15298=CARTESIAN_POINT('Ctrl Pts',(8.27500400841065,14.6834987647176,3.54149342869462));
#15299=CARTESIAN_POINT('Ctrl Pts',(8.13088336627715,13.0550042391413,5.));
#15300=CARTESIAN_POINT('Ctrl Pts',(7.34077673857565,18.1817270987808,0.80552970952973));
#15301=CARTESIAN_POINT('Ctrl Pts',(7.26929192660235,16.566140281445,2.33205465161666));
#15302=CARTESIAN_POINT('Ctrl Pts',(7.18503297791656,14.9475397425022,3.8430182021291));
#15303=CARTESIAN_POINT('Ctrl Pts',(7.08177624588424,13.3286345132146,5.32236171954886));
#15304=CARTESIAN_POINT('Ctrl Pts',(5.58217668347463,19.1144221717952,1.83737115156442));
#15305=CARTESIAN_POINT('Ctrl Pts',(5.5627094363635,17.4912042072984,3.37047553396841));
#15306=CARTESIAN_POINT('Ctrl Pts',(5.54045538334733,15.8634074215263,4.89027694997787));
#15307=CARTESIAN_POINT('Ctrl Pts',(5.51290916809374,14.2248705384725,6.37821048190611));
#15308=CARTESIAN_POINT('Ctrl Pts',(5.,20.5282822354666,3.4015258781665));
#15309=CARTESIAN_POINT('Ctrl Pts',(5.00010338982325,18.8708186451962,4.91937256574953));
#15310=CARTESIAN_POINT('Ctrl Pts',(4.99987907732493,17.201506254514,6.4215181010859));
#15311=CARTESIAN_POINT('Ctrl Pts',(5.,15.5070880727529,7.8887810888544));
#15312=CARTESIAN_POINT('Ctrl Pts',(5.,21.1334900099345,4.07106781186548));
#15313=CARTESIAN_POINT('Ctrl Pts',(5.,19.4614393655027,5.58245641709229));
#15314=CARTESIAN_POINT('Ctrl Pts',(5.,17.7743265820964,7.07702733462736));
#15315=CARTESIAN_POINT('Ctrl Pts',(5.,16.0560712176575,8.53553390593274));
#15316=CARTESIAN_POINT('',(5.26263996608748,17.6941285060173,4.99999999975816));
#15317=CARTESIAN_POINT('Ctrl Pts',(5.,20.1010060915612,5.));
#15318=CARTESIAN_POINT('Ctrl Pts',(5.,19.2801217145263,5.));
#15319=CARTESIAN_POINT('Ctrl Pts',(5.08989294297076,18.4675743068436,5.));
#15320=CARTESIAN_POINT('Ctrl Pts',(5.26263996653803,17.6941285061179,5.));
#15321=CARTESIAN_POINT('',(8.13088336627478,13.0550042391512,4.99999999998568));
#15322=CARTESIAN_POINT('Ctrl Pts',(5.26263996653803,17.6941285061179,5.));
#15323=CARTESIAN_POINT('Ctrl Pts',(5.39230521382677,17.1135741269769,5.));
#15324=CARTESIAN_POINT('Ctrl Pts',(5.56855824608796,16.5554366160327,5.));
#15325=CARTESIAN_POINT('Ctrl Pts',(6.05297494336068,15.4034208588361,5.));
#15326=CARTESIAN_POINT('Ctrl Pts',(6.39291539875309,14.7965295584193,5.0000000007053));
#15327=CARTESIAN_POINT('Ctrl Pts',(7.18478603069125,13.7918546702169,5.0000000007053));
#15328=CARTESIAN_POINT('Ctrl Pts',(7.62434326701056,13.3704862100418,5.));
#15329=CARTESIAN_POINT('Ctrl Pts',(8.13088336627715,13.0550042391413,5.));
#15330=CARTESIAN_POINT('',(8.38674525516472,16.3550268732602,1.99999999999496));
#15331=CARTESIAN_POINT('Ctrl Pts',(8.13088336627715,13.0550042391413,5.));
#15332=CARTESIAN_POINT('Ctrl Pts',(8.2282627766292,14.1553451362854,4.01451653416346));
#15333=CARTESIAN_POINT('Ctrl Pts',(8.31236373267374,15.2556343082894,3.01256813532622));
#15334=CARTESIAN_POINT('Ctrl Pts',(8.38682768455155,16.35510870977,2.00009195589609));
#15335=CARTESIAN_POINT('Ctrl Pts',(8.38681932445566,16.3549852719597,2.00020562638287));
#15336=CARTESIAN_POINT('Ctrl Pts',(8.27263254509803,16.413549795861,2.00020620557435));
#15337=CARTESIAN_POINT('Ctrl Pts',(8.15902131427308,16.4704731160791,2.00783351714552));
#15338=CARTESIAN_POINT('Ctrl Pts',(8.04618202382914,16.5256618196279,2.02326621618324));
#15339=CARTESIAN_POINT('Ctrl Pts',(7.98456936582245,16.5557960282375,2.03169279884066));
#15340=CARTESIAN_POINT('Ctrl Pts',(7.923187608703,16.5854133292978,2.04244682356295));
#15341=CARTESIAN_POINT('Ctrl Pts',(7.86207474755409,16.6145000720592,2.05555964561264));
#15342=CARTESIAN_POINT('Origin',(0.,0.,0.));
#15343=CARTESIAN_POINT('',(10.4697169625344,15.1066020906232,2.));
#15344=CARTESIAN_POINT('Origin',(0.,0.,2.));
#15345=CARTESIAN_POINT('',(10.4697169625344,15.1066020906232,0.));
#15346=CARTESIAN_POINT('Origin',(0.,0.,3.5));
#15347=CARTESIAN_POINT('',(8.76084041805107,12.6408890181602,5.));
#15348=CARTESIAN_POINT('Origin',(0.,0.,5.));
#15349=CARTESIAN_POINT('',(10.4697169625344,15.1066020906232,2.));
#15350=CARTESIAN_POINT('Origin',(0.,0.,3.5));
#15351=CARTESIAN_POINT('',(-8.76084041805107,12.6408890181602,5.));
#15352=CARTESIAN_POINT('',(-10.4697169625344,15.1066020906232,2.));
#15353=CARTESIAN_POINT('Origin',(0.,0.,5.));
#15354=CARTESIAN_POINT('Origin',(0.,25.6868425672872,1.2));
#15355=CARTESIAN_POINT('Origin',(0.,22.6868425672872,-0.600000000000003));
#15356=CARTESIAN_POINT('Origin',(0.,37.2868425672872,5.4));
#15357=CARTESIAN_POINT('Origin',(0.,37.2868425672872,-0.599999999999999));
#15358=CARTESIAN_POINT('Origin',(0.,36.2368425672872,-0.6));
#15359=CARTESIAN_POINT('Origin',(0.,43.2868425672872,5.625));
#15360=CARTESIAN_POINT('Origin',(0.,12.9533318919863,5.));
#15361=CARTESIAN_POINT('',(10.9038653322032,-10.8466640409472,5.));
#15362=CARTESIAN_POINT('Origin',(0.,0.,5.));
#15363=CARTESIAN_POINT('',(20.5521919872157,-1.14745568248719,5.));
#15364=CARTESIAN_POINT('',(15.7612976005974,-5.96361547274948,5.));
#15365=CARTESIAN_POINT('',(18.4881818181818,2.,5.));
#15366=CARTESIAN_POINT('Origin',(21.92,2.,5.));
#15367=CARTESIAN_POINT('',(20.0051664151084,4.84794458780873,5.));
#15368=CARTESIAN_POINT('Origin',(21.92,2.,5.));
#15369=CARTESIAN_POINT('',(12.6642056363358,9.93563943313215,5.));
#15370=CARTESIAN_POINT('',(-20.0051664151084,4.84794458780873,5.));
#15371=CARTESIAN_POINT('',(-4.21249463886538,15.7931460690936,5.));
#15372=CARTESIAN_POINT('',(-20.5521919872157,-1.14745568248719,5.));
#15373=CARTESIAN_POINT('Origin',(-21.92,2.,5.));
#15374=CARTESIAN_POINT('',(-10.9038653322032,-10.8466640409472,5.));
#15375=CARTESIAN_POINT('',(-20.0933233048898,-1.60874426839328,5.));
#15376=CARTESIAN_POINT('Origin',(0.,0.,5.));
#15377=CARTESIAN_POINT('',(-6.34442966965075,-11.7801787833146,5.));
#15378=CARTESIAN_POINT('',(3.17221483482538,-11.7801787833146,5.));
#15379=CARTESIAN_POINT('',(6.34442966965075,-11.7801787833146,5.));
#15380=CARTESIAN_POINT('Origin',(0.,0.,5.));
#15381=CARTESIAN_POINT('',(3.17221483482538,-11.7801787833146,5.));
#15382=CARTESIAN_POINT('Origin',(-4.5,36.9314610714685,2.89999999999994));
#15383=CARTESIAN_POINT('',(-4.,31.1760795756499,3.4));
#15384=CARTESIAN_POINT('',(-4.09038130578621,31.175476620393,3.30961869421379));
#15385=CARTESIAN_POINT('',(-4.,35.176168585509,3.39999999999996));
#15386=CARTESIAN_POINT('',(-4.,36.9314610714685,3.39999999999994));
#15387=CARTESIAN_POINT('',(-4.49706144528302,35.172852570003,2.90293855471694));
#15388=CARTESIAN_POINT('Origin',(-5.,31.1760795756499,3.4));
#15389=CARTESIAN_POINT('',(4.,31.1760795756499,3.4));
#15390=CARTESIAN_POINT('',(-5.,31.1760795756499,3.4));
#15391=CARTESIAN_POINT('',(4.,35.176168585509,3.39999999999996));
#15392=CARTESIAN_POINT('',(4.,24.4314610714685,3.40000000000007));
#15393=CARTESIAN_POINT('',(-5.,35.176168585509,3.39999999999996));
#15394=CARTESIAN_POINT('Origin',(4.5,24.4314610714685,2.90000000000007));
#15395=CARTESIAN_POINT('',(2.01796423258056,35.1893912190497,5.38203576741939));
#15396=CARTESIAN_POINT('',(1.61128409308426,31.1920152694401,5.78871590691574));
#15397=CARTESIAN_POINT('Origin',(-3.,35.1868425672872,3.75));
#15398=CARTESIAN_POINT('Origin',(3.,35.1868425672872,3.75));
#15399=CARTESIAN_POINT('Origin',(-5.,35.176168585509,3.39999999999996));
#15400=CARTESIAN_POINT('',(-5.,35.1868425672872,5.));
#15401=CARTESIAN_POINT('Origin',(-5.,31.1867535574283,5.00000000000007));
#15402=CARTESIAN_POINT('',(-5.,31.1867535574283,5.00000000000007));
#15403=CARTESIAN_POINT('Origin',(-5.,35.1868425672872,5.));
#15404=CARTESIAN_POINT('Origin',(21.92,2.,4.75));
#15405=CARTESIAN_POINT('',(19.3881818181818,2.,8.3));
#15406=CARTESIAN_POINT('Origin',(21.92,2.,8.3));
#15407=CARTESIAN_POINT('',(18.42,2.,4.75));
#15408=CARTESIAN_POINT('Origin',(22.5656635843656,1.35772354392497,5.33928571428572));
#15409=CARTESIAN_POINT('',(24.340908438018,5.49309351932255,2.));
#15410=CARTESIAN_POINT('Origin',(21.92,2.,2.));
#15411=CARTESIAN_POINT('Origin',(22.438766093861,2.74852003985483,5.33928571428572));
#15412=CARTESIAN_POINT('Origin',(0.,2.,8.3));
#15413=CARTESIAN_POINT('',(20.17,2.,8.3));
#15414=CARTESIAN_POINT('Origin',(21.92,2.,8.3));
#15415=CARTESIAN_POINT('Origin',(-21.92,2.,4.75));
#15416=CARTESIAN_POINT('',(-24.4518181818182,2.,8.3));
#15417=CARTESIAN_POINT('Origin',(-21.92,2.,8.3));
#15418=CARTESIAN_POINT('',(-26.17,2.,2.));
#15419=CARTESIAN_POINT('',(-25.42,2.,4.75));
#15420=CARTESIAN_POINT('',(-24.9330967270392,-0.997290128350165,2.));
#15421=CARTESIAN_POINT('Origin',(-21.92,2.,2.));
#15422=CARTESIAN_POINT('Origin',(-22.5656635843656,1.35772354392496,5.33928571428571));
#15423=CARTESIAN_POINT('Origin',(-22.438766093861,2.74852003985483,5.33928571428571));
#15424=CARTESIAN_POINT('Origin',(-21.92,2.,2.));
#15425=CARTESIAN_POINT('Origin',(0.,2.,8.3));
#15426=CARTESIAN_POINT('',(-23.67,2.,8.3));
#15427=CARTESIAN_POINT('Origin',(-21.92,2.,8.3));
#15428=CARTESIAN_POINT('Origin',(0.,0.,1.5));
#15429=CARTESIAN_POINT('',(6.34442966965075,-11.7801787833146,3.));
#15430=CARTESIAN_POINT('Ctrl Pts',(7.0605038866399,-14.7801787833146,-1.11022302462516E-15));
#15431=CARTESIAN_POINT('Ctrl Pts',(6.83437773896627,-13.78221443088,0.997964352434617));
#15432=CARTESIAN_POINT('Ctrl Pts',(6.59535560143647,-12.775278679417,2.0049001038976));
#15433=CARTESIAN_POINT('Ctrl Pts',(6.34442966965075,-11.7801787833146,3.));
#15434=CARTESIAN_POINT('',(-6.34442966965075,-11.7801787833146,3.));
#15435=CARTESIAN_POINT('Origin',(0.,0.,3.));
#15436=CARTESIAN_POINT('Ctrl Pts',(-6.34442966965075,-11.7801787833146,
3.));
#15437=CARTESIAN_POINT('Ctrl Pts',(-6.59535560143652,-12.7752786794172,
2.0049001038974));
#15438=CARTESIAN_POINT('Ctrl Pts',(-6.83437773896638,-13.7822144308805,
0.9979643524341));
#15439=CARTESIAN_POINT('Ctrl Pts',(-7.0605038866399,-14.7801787833146,-1.38777878078145E-15));
#15440=CARTESIAN_POINT('Origin',(3.17221483482538,-13.2801787833146,1.5));
#15441=CARTESIAN_POINT('',(3.17221483482538,-11.7801787833146,3.));
#15442=CARTESIAN_POINT('Origin',(6.34442966965075,-11.7801787833146,0.));
#15443=CARTESIAN_POINT('',(-6.34442966965075,-11.7801787833146,0.));
#15444=CARTESIAN_POINT('',(6.34442966965075,-11.7801787833146,0.));
#15445=CARTESIAN_POINT('Origin',(13.5186439085774,11.1684959693636,3.5));
#15446=CARTESIAN_POINT('',(14.3730821808191,12.4013525055951,2.));
#15447=CARTESIAN_POINT('Origin',(24.340908438018,5.49309351932255,0.));
#15448=CARTESIAN_POINT('',(24.340908438018,5.49309351932255,0.));
#15449=CARTESIAN_POINT('Origin',(-6.5830481708356,15.9752502550139,3.5));
#15450=CARTESIAN_POINT('Origin',(0.,0.,3.5));
#15451=CARTESIAN_POINT('',(13.0307571395251,-12.9623982491944,2.));
#15452=CARTESIAN_POINT('Origin',(-21.1567692085507,-2.66661137251687,3.5));
#15453=CARTESIAN_POINT('',(-13.0307571395251,-12.9623982491944,2.));
#15454=CARTESIAN_POINT('',(-22.2202151122116,-3.72447847664045,2.));
#15455=CARTESIAN_POINT('',(-13.0307571395251,-12.9623982491944,2.));
#15456=CARTESIAN_POINT('Origin',(0.,0.,3.5));
#15457=CARTESIAN_POINT('Origin',(0.,0.,2.));
#15458=CARTESIAN_POINT('Origin',(15.2055994147936,-8.64916543293897,3.5));
#15459=CARTESIAN_POINT('Origin',(-7.49999999999993,-16.7801787833146,0.));
#15460=CARTESIAN_POINT('',(-7.49999999999993,-16.7801787833146,0.));
#15461=CARTESIAN_POINT('Origin',(0.,0.,0.));
#15462=CARTESIAN_POINT('',(-13.0307571395251,-12.9623982491944,0.));
#15463=CARTESIAN_POINT('Origin',(-24.9330967270392,-0.997290128350165,0.));
#15464=CARTESIAN_POINT('',(-24.9330967270392,-0.997290128350165,0.));
#15465=CARTESIAN_POINT('Origin',(0.,2.,4.));
#15466=CARTESIAN_POINT('',(19.67,2.,4.));
#15467=CARTESIAN_POINT('Origin',(21.92,2.,4.));
#15468=CARTESIAN_POINT('',(20.17,2.,4.));
#15469=CARTESIAN_POINT('Origin',(21.92,2.,4.));
#15470=CARTESIAN_POINT('Origin',(21.92,2.,5.));
#15471=CARTESIAN_POINT('',(20.17,2.,5.));
#15472=CARTESIAN_POINT('Origin',(21.92,2.,0.));
#15473=CARTESIAN_POINT('Origin',(0.,2.,4.));
#15474=CARTESIAN_POINT('',(-24.17,2.,4.));
#15475=CARTESIAN_POINT('Origin',(-21.92,2.,4.));
#15476=CARTESIAN_POINT('',(-23.67,2.,4.));
#15477=CARTESIAN_POINT('Origin',(-21.92,2.,4.));
#15478=CARTESIAN_POINT('Origin',(-21.92,2.,5.));
#15479=CARTESIAN_POINT('',(-23.67,2.,5.));
#15480=CARTESIAN_POINT('Origin',(0.,0.,0.));
#15481=CARTESIAN_POINT('Origin',(-21.92,2.,0.));
#15482=CARTESIAN_POINT('',(-24.17,2.,0.));
#15483=CARTESIAN_POINT('Origin',(21.92,2.,0.));
#15484=CARTESIAN_POINT('',(19.67,2.,0.));
#15485=CARTESIAN_POINT('Origin',(-21.92,2.,0.));
#15486=CARTESIAN_POINT('',(0.,0.,0.));
#15487=CARTESIAN_POINT('Origin',(-19.0717284765833,10.9667302745842,2.));
#15488=CARTESIAN_POINT('',(-15.3930216644402,11.6944776141823,2.));
#15489=CARTESIAN_POINT('',(-21.0445816873793,7.77763162313872,2.));
#15490=CARTESIAN_POINT('Origin',(-19.0717284765833,10.9667302745842,0.502653447798248));
#15491=CARTESIAN_POINT('Origin',(-19.0717284765833,10.9667302745842,2.));
#15492=CARTESIAN_POINT('Origin',(-6.5830481708356,15.9752502550139,3.5));
#15493=CARTESIAN_POINT('',(-24.1128519321,5.65114938483771,2.));
#15494=CARTESIAN_POINT('',(-7.43748644307726,17.2081067912454,2.));
#15495=CARTESIAN_POINT('',(-24.340908438018,5.49309351932255,2.));
#15496=CARTESIAN_POINT('',(-7.43748644307726,17.2081067912454,2.));
#15497=CARTESIAN_POINT('',(-20.0051664151084,4.84794458780873,5.));
#15498=CARTESIAN_POINT('Origin',(-22.438766093861,2.74852003985483,5.33928571428571));
#15499=CARTESIAN_POINT('',(-8.76084041805107,12.6408890181602,5.));
#15500=CARTESIAN_POINT('',(-4.21249463886538,15.7931460690936,5.));
#15501=CARTESIAN_POINT('',(-10.4697169625344,15.1066020906232,2.));
#15502=CARTESIAN_POINT('',(-10.4697169625344,15.1066020906232,2.));
#15503=CARTESIAN_POINT('',(-7.43748644307726,17.2081067912454,2.));
#15504=CARTESIAN_POINT('Origin',(0.,12.9533318919863,0.));
#15505=CARTESIAN_POINT('',(-3.8,21.1334900099345,0.));
#15506=CARTESIAN_POINT('',(-10.7427394992642,14.9781396514319,1.2718697622871E-11));
#15507=CARTESIAN_POINT('Origin',(-10.,21.1334900099345,0.));
#15508=CARTESIAN_POINT('',(-3.8,39.6868425672872,0.));
#15509=CARTESIAN_POINT('',(-3.8,27.8200872296367,0.));
#15510=CARTESIAN_POINT('',(-2.99862904890417,39.686842567287,2.28642643633499E-18));
#15511=CARTESIAN_POINT('',(2.5,39.6868425672872,0.));
#15512=CARTESIAN_POINT('',(-2.93938769133981,37.2868425672872,0.));
#15513=CARTESIAN_POINT('Ctrl Pts',(-2.93938769133981,37.2868425672872,0.));
#15514=CARTESIAN_POINT('Ctrl Pts',(-2.93938769133981,37.8558696199031,0.));
#15515=CARTESIAN_POINT('Ctrl Pts',(-2.96645819704376,38.5381652746142,0.));
#15516=CARTESIAN_POINT('Ctrl Pts',(-2.99061013247137,39.2867080812518,0.));
#15517=CARTESIAN_POINT('Ctrl Pts',(-2.99624298558123,39.4925779977569,6.92525286991515E-19));
#15518=CARTESIAN_POINT('Ctrl Pts',(-2.99862904890417,39.686842567287,2.88167619172481E-19));
#15519=CARTESIAN_POINT('',(-2.93938769133981,23.6868425672872,1.15648231731785E-17));
#15520=CARTESIAN_POINT('',(-2.93938769133981,36.2368425672872,0.));
#15521=CARTESIAN_POINT('',(2.93938769133981,23.6868425672872,1.15648231731785E-17));
#15522=CARTESIAN_POINT('',(0.,23.6868425672872,0.));
#15523=CARTESIAN_POINT('',(2.93938769133981,37.2868425672872,0.));
#15524=CARTESIAN_POINT('',(2.93938769133981,36.2368425672872,0.));
#15525=CARTESIAN_POINT('',(2.99862904890417,39.686842567287,-9.0618326346668E-19));
#15526=CARTESIAN_POINT('Ctrl Pts',(2.99862904890417,39.686842567287,-1.21393796224145E-19));
#15527=CARTESIAN_POINT('Ctrl Pts',(2.99624298558123,39.4925779977569,1.36248112493811E-19));
#15528=CARTESIAN_POINT('Ctrl Pts',(2.99061013247137,39.2867080812518,0.));
#15529=CARTESIAN_POINT('Ctrl Pts',(2.96645819704376,38.5381652746142,0.));
#15530=CARTESIAN_POINT('Ctrl Pts',(2.93938769133981,37.8558696199031,0.));
#15531=CARTESIAN_POINT('Ctrl Pts',(2.93938769133981,37.2868425672872,0.));
#15532=CARTESIAN_POINT('',(3.8,39.6868425672872,0.));
#15533=CARTESIAN_POINT('',(2.5,39.6868425672872,0.));
#15534=CARTESIAN_POINT('',(3.8,21.1334900099345,0.));
#15535=CARTESIAN_POINT('',(3.8,15.3200872296367,0.));
#15536=CARTESIAN_POINT('',(10.667500911846,14.9695267935708,0.));
#15537=CARTESIAN_POINT('Origin',(10.,21.1334900099345,0.));
#15538=CARTESIAN_POINT('',(24.340908438018,5.49309351932255,0.));
#15539=CARTESIAN_POINT('',(24.340908438018,5.49309351932255,0.));
#15540=CARTESIAN_POINT('',(24.9330967270392,-0.997290128350165,0.));
#15541=CARTESIAN_POINT('Origin',(21.92,2.,0.));
#15542=CARTESIAN_POINT('',(23.6948366692615,-2.24208031133035,0.));
#15543=CARTESIAN_POINT('',(24.9330967270392,-0.997290128350165,0.));
#15544=CARTESIAN_POINT('',(22.8217284765833,-4.35781451957752,0.));
#15545=CARTESIAN_POINT('Origin',(25.8217284765833,-4.35781451957752,0.));
#15546=CARTESIAN_POINT('',(22.8217284765833,-10.9667302745843,0.));
#15547=CARTESIAN_POINT('',(22.8217284765833,-10.9667302745843,0.));
#15548=CARTESIAN_POINT('',(19.0717284765833,-14.7167302745843,0.));
#15549=CARTESIAN_POINT('Origin',(19.0717284765833,-10.9667302745843,0.));
#15550=CARTESIAN_POINT('',(11.9675339304983,-14.7167302745843,0.));
#15551=CARTESIAN_POINT('',(19.0717284765833,-14.7167302745843,0.));
#15552=CARTESIAN_POINT('',(10.2882728551244,-15.2307531546707,0.));
#15553=CARTESIAN_POINT('Origin',(11.9675339304983,-17.7167302745843,0.));
#15554=CARTESIAN_POINT('',(7.50000000000007,-16.7801787833146,0.));
#15555=CARTESIAN_POINT('Origin',(0.,0.,0.));
#15556=CARTESIAN_POINT('',(-7.49999999999993,-16.7801787833146,0.));
#15557=CARTESIAN_POINT('',(-7.49999999999993,-16.7801787833146,0.));
#15558=CARTESIAN_POINT('',(-13.0307571395251,-12.9623982491944,0.));
#15559=CARTESIAN_POINT('Origin',(0.,0.,0.));
#15560=CARTESIAN_POINT('',(-24.9330967270392,-0.997290128350165,0.));
#15561=CARTESIAN_POINT('',(-24.9330967270392,-0.997290128350165,0.));
#15562=CARTESIAN_POINT('',(-24.340908438018,5.49309351932255,0.));
#15563=CARTESIAN_POINT('Origin',(-21.92,2.,0.));
#15564=CARTESIAN_POINT('',(-24.1128519320999,5.65114938483772,0.));
#15565=CARTESIAN_POINT('',(-24.340908438018,5.49309351932255,0.));
#15566=CARTESIAN_POINT('',(-22.8217284765833,8.11686245730069,0.));
#15567=CARTESIAN_POINT('Origin',(-25.8217284765833,8.11686245730069,0.));
#15568=CARTESIAN_POINT('',(-22.8217284765833,10.9667302745842,0.));
#15569=CARTESIAN_POINT('',(-22.8217284765833,10.9667302745842,0.));
#15570=CARTESIAN_POINT('',(-19.0717284765833,14.7167302745842,0.));
#15571=CARTESIAN_POINT('Origin',(-19.0717284765833,10.9667302745842,0.));
#15572=CARTESIAN_POINT('',(-11.9675339304984,14.7167302745842,0.));
#15573=CARTESIAN_POINT('',(-19.0717284765833,14.7167302745842,0.));
#15574=CARTESIAN_POINT('Origin',(-11.9675339304984,17.7167302745842,0.));
#15575=CARTESIAN_POINT('',(-24.17,2.,0.));
#15576=CARTESIAN_POINT('Origin',(-21.92,2.,0.));
#15577=CARTESIAN_POINT('',(19.67,2.,0.));
#15578=CARTESIAN_POINT('Origin',(21.92,2.,0.));
#15579=CARTESIAN_POINT('',(-7.06050388663989,-14.7801787833146,0.));
#15580=CARTESIAN_POINT('',(7.0605038866399,-14.7801787833146,0.));
#15581=CARTESIAN_POINT('Origin',(0.,0.,0.));
#15582=CARTESIAN_POINT('',(3.17221483482538,-14.7801787833146,0.));
#15583=CARTESIAN_POINT('',(-20.8217284765833,10.9667302745842,0.));
#15584=CARTESIAN_POINT('Origin',(-19.0717284765833,10.9667302745842,0.));
#15585=CARTESIAN_POINT('',(17.3217284765833,-10.9667302745843,0.));
#15586=CARTESIAN_POINT('Origin',(19.0717284765833,-10.9667302745843,0.));
#15587=CARTESIAN_POINT('Origin',(11.9675339304983,-17.7167302745843,0.));
#15588=CARTESIAN_POINT('',(11.9675339304983,-14.7167302745843,2.));
#15589=CARTESIAN_POINT('',(10.2882728551244,-15.2307531546707,2.));
#15590=CARTESIAN_POINT('Origin',(11.9675339304983,-17.7167302745843,2.));
#15591=CARTESIAN_POINT('',(10.2882728551244,-15.2307531546707,0.));
#15592=CARTESIAN_POINT('',(11.9675339304983,-14.7167302745843,0.));
#15593=CARTESIAN_POINT('Origin',(11.0110058589184,-14.7167302745843,0.));
#15594=CARTESIAN_POINT('',(19.0717284765833,-14.7167302745843,2.));
#15595=CARTESIAN_POINT('',(19.0717284765833,-14.7167302745843,0.));
#15596=CARTESIAN_POINT('',(19.0717284765833,-14.7167302745843,2.));
#15597=CARTESIAN_POINT('Origin',(25.8217284765833,-4.35781451957752,0.));
#15598=CARTESIAN_POINT('',(22.8217284765833,-4.35781451957752,2.));
#15599=CARTESIAN_POINT('',(23.6948366692615,-2.24208031133035,2.));
#15600=CARTESIAN_POINT('Origin',(25.8217284765833,-4.35781451957752,2.));
#15601=CARTESIAN_POINT('',(22.8217284765833,-4.35781451957752,0.));
#15602=CARTESIAN_POINT('',(23.6948366692615,-2.24208031133035,0.));
#15603=CARTESIAN_POINT('Origin',(22.8217284765833,-10.9667302745843,0.));
#15604=CARTESIAN_POINT('',(22.8217284765833,-10.9667302745843,2.));
#15605=CARTESIAN_POINT('',(22.8217284765833,-10.9667302745843,2.));
#15606=CARTESIAN_POINT('',(22.8217284765833,-10.9667302745843,0.));
#15607=CARTESIAN_POINT('Origin',(-11.9675339304984,17.7167302745842,0.));
#15608=CARTESIAN_POINT('',(-11.9675339304984,14.7167302745842,2.));
#15609=CARTESIAN_POINT('',(-10.2882728551244,15.2307531546706,2.));
#15610=CARTESIAN_POINT('Origin',(-11.9675339304984,17.7167302745842,2.));
#15611=CARTESIAN_POINT('',(-10.2882728551013,15.2307531546863,0.290228124445459));
#15612=CARTESIAN_POINT('',(-10.2882728551244,15.2307531546706,0.));
#15613=CARTESIAN_POINT('Ctrl Pts',(-10.2882728550952,15.2307531546904,0.290228124433133));
#15614=CARTESIAN_POINT('Ctrl Pts',(-10.4269995112514,15.1370442174924,0.189863789057523));
#15615=CARTESIAN_POINT('Ctrl Pts',(-10.5799532695835,15.0509434016194,0.0917807020479939));
#15616=CARTESIAN_POINT('Ctrl Pts',(-10.7427394992689,14.9781396514298,2.2770674235062E-11));
#15617=CARTESIAN_POINT('',(-11.9675339304984,14.7167302745842,0.));
#15618=CARTESIAN_POINT('Origin',(-11.0322573265504,14.7167302745842,0.));
#15619=CARTESIAN_POINT('',(-19.0717284765833,14.7167302745842,2.));
#15620=CARTESIAN_POINT('',(-19.0717284765833,14.7167302745842,0.));
#15621=CARTESIAN_POINT('',(-19.0717284765833,14.7167302745842,2.));
#15622=CARTESIAN_POINT('Origin',(-25.8217284765833,8.11686245730069,0.));
#15623=CARTESIAN_POINT('',(-22.8217284765833,8.11686245730069,2.));
#15624=CARTESIAN_POINT('Origin',(-25.8217284765833,8.11686245730069,2.));
#15625=CARTESIAN_POINT('',(-22.8217284765833,8.11686245730069,0.));
#15626=CARTESIAN_POINT('',(-24.1128519320999,5.65114938483772,0.));
#15627=CARTESIAN_POINT('Origin',(-22.8217284765833,10.9667302745842,0.));
#15628=CARTESIAN_POINT('',(-22.8217284765833,10.9667302745842,2.));
#15629=CARTESIAN_POINT('',(-22.8217284765833,10.9667302745842,2.));
#15630=CARTESIAN_POINT('',(-22.8217284765833,10.9667302745842,0.));
#15631=CARTESIAN_POINT('Origin',(19.0717284765833,-10.9667302745843,0.));
#15632=CARTESIAN_POINT('',(17.3217284765833,-10.9667302745843,2.));
#15633=CARTESIAN_POINT('Origin',(19.0717284765833,-10.9667302745843,2.));
#15634=CARTESIAN_POINT('',(17.3217284765833,-10.9667302745843,0.));
#15635=CARTESIAN_POINT('Origin',(19.0717284765833,-10.9667302745843,0.));
#15636=CARTESIAN_POINT('Origin',(19.0717284765833,-10.9667302745843,2.));
#15637=CARTESIAN_POINT('Origin',(16.9163671677508,-8.91826161400988,2.));
#15638=CARTESIAN_POINT('',(13.0307571395251,-12.9623982491944,2.));
#15639=CARTESIAN_POINT('',(16.2690453184545,-9.70703253706256,2.));
#15640=CARTESIAN_POINT('Origin',(0.,0.,2.));
#15641=CARTESIAN_POINT('Origin',(13.0307571395251,-12.9623982491944,0.));
#15642=CARTESIAN_POINT('',(24.9330967270392,-0.997290128350165,2.));
#15643=CARTESIAN_POINT('',(24.9330967270392,-0.997290128350165,0.));
#15644=CARTESIAN_POINT('',(16.2690453184545,-9.70703253706256,2.));
#15645=CARTESIAN_POINT('Origin',(-19.0717284765833,10.9667302745842,0.));
#15646=CARTESIAN_POINT('',(-20.8217284765833,10.9667302745842,2.));
#15647=CARTESIAN_POINT('Origin',(-19.0717284765833,10.9667302745842,2.));
#15648=CARTESIAN_POINT('',(-20.8217284765833,10.9667302745842,0.));
#15649=CARTESIAN_POINT('Origin',(-19.0717284765833,10.9667302745842,0.));
#15650=CARTESIAN_POINT('Origin',(-19.0717284765833,10.9667302745842,2.));
#15651=CARTESIAN_POINT('Origin',(-16.9269929015668,10.6313500766301,2.));
#15652=CARTESIAN_POINT('Origin',(0.,0.,2.));
#15653=CARTESIAN_POINT('Origin',(-10.4697169625344,15.1066020906232,0.));
#15654=CARTESIAN_POINT('',(-24.340908438018,5.49309351932255,0.));
#15655=CARTESIAN_POINT('Origin',(0.,-11.7801787833146,7.));
#15656=CARTESIAN_POINT('',(3.,-13.7801787833146,7.));
#15657=CARTESIAN_POINT('',(3.,-11.7801787833146,5.));
#15658=CARTESIAN_POINT('Origin',(3.,-11.7801787833146,7.));
#15659=CARTESIAN_POINT('',(-3.,-11.7801787833146,5.));
#15660=CARTESIAN_POINT('',(3.17221483482538,-11.7801787833146,5.));
#15661=CARTESIAN_POINT('',(-3.,-13.7801787833146,7.));
#15662=CARTESIAN_POINT('Origin',(-3.,-11.7801787833146,7.));
#15663=CARTESIAN_POINT('',(0.,-13.7801787833146,7.));
#15664=CARTESIAN_POINT('Origin',(3.,-14.7801787833146,7.));
#15665=CARTESIAN_POINT('',(5.83084416131449,-13.7870416657162,5.));
#15666=CARTESIAN_POINT('Origin',(3.,-14.7801787833146,5.));
#15667=CARTESIAN_POINT('',(3.9983632576749,-14.7229878248967,7.));
#15668=CARTESIAN_POINT('Origin',(3.,-14.7801787833146,7.));
#15669=CARTESIAN_POINT('Ctrl Pts',(3.9983632576749,-14.7229878248967,7.));
#15670=CARTESIAN_POINT('Ctrl Pts',(3.99832313310146,-14.7222873837612,6.99789350597102));
#15671=CARTESIAN_POINT('Ctrl Pts',(3.99828559332477,-14.7215867838583,6.99578701170006));
#15672=CARTESIAN_POINT('Ctrl Pts',(3.9935297290912,-14.626243951897,6.70918652426231));
#15673=CARTESIAN_POINT('Ctrl Pts',(4.03531136807671,-14.5191346520147,6.39750656496001));
#15674=CARTESIAN_POINT('Ctrl Pts',(4.24083906284642,-14.31032670378,5.87703773270638));
#15675=CARTESIAN_POINT('Ctrl Pts',(4.37145434244209,-14.2172299791697,5.67151490073357));
#15676=CARTESIAN_POINT('Ctrl Pts',(4.70886029083363,-14.0476513980546,5.3395874363428));
#15677=CARTESIAN_POINT('Ctrl Pts',(4.90292836617105,-13.9741960129771,5.21507574108505));
#15678=CARTESIAN_POINT('Ctrl Pts',(5.34397220025623,-13.8545920433132,5.04305483219947));
#15679=CARTESIAN_POINT('Ctrl Pts',(5.58514844898002,-13.8109968762354,5.));
#15680=CARTESIAN_POINT('Ctrl Pts',(5.83084416131449,-13.7870416657162,5.));
#15681=CARTESIAN_POINT('Ctrl Pts',(-3.,-16.3659652209415,2.4142135623731));
#15682=CARTESIAN_POINT('Ctrl Pts',(-3.6977222176897,-16.3659652209415,2.4142135623731));
#15683=CARTESIAN_POINT('Ctrl Pts',(-5.32968468454635,-15.776094256576,3.0040845267386));
#15684=CARTESIAN_POINT('Ctrl Pts',(-6.04829430947692,-14.1231659806275,
4.65701280268711));
#15685=CARTESIAN_POINT('Ctrl Pts',(-5.9950897730247,-13.1943923456877,5.58578643762691));
#15686=CARTESIAN_POINT('Ctrl Pts',(-3.,-16.1543993667435,2.62577941657111));
#15687=CARTESIAN_POINT('Ctrl Pts',(-3.59928525877326,-16.1543993667435,
2.62577941657111));
#15688=CARTESIAN_POINT('Ctrl Pts',(-5.00289063838615,-15.5933309635228,
3.1864846509317));
#15689=CARTESIAN_POINT('Ctrl Pts',(-5.51495734896634,-14.0452143650253,
4.74026122829623));
#15690=CARTESIAN_POINT('Ctrl Pts',(-5.38178415259245,-13.2119588656723,
5.56821991764233));
#15691=CARTESIAN_POINT('Ctrl Pts',(-3.,-15.8689223652218,3.08031297060225));
#15692=CARTESIAN_POINT('Ctrl Pts',(-3.42722249117936,-15.8689223652218,
3.08031297060225));
#15693=CARTESIAN_POINT('Ctrl Pts',(-4.43173962844742,-15.3989273499181,
3.63191718338532));
#15694=CARTESIAN_POINT('Ctrl Pts',(-4.57894570834925,-14.1703361607329,
5.14045020334171));
#15695=CARTESIAN_POINT('Ctrl Pts',(-4.32059229412507,-13.6165975851968,
5.9120685600236));
#15696=CARTESIAN_POINT('Ctrl Pts',(-3.,-15.7801787833146,3.60402764948978));
#15697=CARTESIAN_POINT('Ctrl Pts',(-3.28474169456884,-15.7801787833146,
3.60402764948978));
#15698=CARTESIAN_POINT('Ctrl Pts',(-3.95266084543226,-15.4897819183649,
4.18244803896948));
#15699=CARTESIAN_POINT('Ctrl Pts',(-4.10145923826034,-14.7422569518217,
5.79211017374509));
#15700=CARTESIAN_POINT('Ctrl Pts',(-3.97976164553043,-14.3982657602156,
6.67421234719907));
#15701=CARTESIAN_POINT('Ctrl Pts',(-3.,-15.7801787833146,3.82842712474619));
#15702=CARTESIAN_POINT('Ctrl Pts',(-3.23257407256323,-15.7801787833146,
3.82842712474619));
#15703=CARTESIAN_POINT('Ctrl Pts',(-3.77656156151545,-15.5835551285261,
4.41829808911169));
#15704=CARTESIAN_POINT('Ctrl Pts',(-4.01609810315897,-15.0325790365433,
6.07122636506021));
#15705=CARTESIAN_POINT('Ctrl Pts',(-3.9983632576749,-14.7229878248967,7.));
#15706=CARTESIAN_POINT('',(-5.9712669225006,-13.7801787833146,5.));
#15707=CARTESIAN_POINT('',(-3.,-16.3659652209415,2.4142135623731));
#15708=CARTESIAN_POINT('Origin',(-3.,-13.3659652209415,5.4142135623731));
#15709=CARTESIAN_POINT('',(-3.,-15.7801787833146,3.82842712474619));
#15710=CARTESIAN_POINT('Origin',(-3.,-17.7801787833146,3.82842712474619));
#15711=CARTESIAN_POINT('',(-3.9983632576749,-14.7229878248967,7.));
#15712=CARTESIAN_POINT('Origin',(-3.,-14.7801787833146,6.82842712474619));
#15713=CARTESIAN_POINT('',(-5.83084416131449,-13.7870416657162,5.));
#15714=CARTESIAN_POINT('Ctrl Pts',(-3.9983632576749,-14.7229878248967,7.));
#15715=CARTESIAN_POINT('Ctrl Pts',(-3.99832313310145,-14.722287383761,6.99789350597037));
#15716=CARTESIAN_POINT('Ctrl Pts',(-3.99828559332481,-14.7215867838588,
6.99578701170034));
#15717=CARTESIAN_POINT('Ctrl Pts',(-3.99352972909598,-14.6262439519945,
6.70918652460145));
#15718=CARTESIAN_POINT('Ctrl Pts',(-4.03531136797332,-14.5191346521198,
6.39750656522183));
#15719=CARTESIAN_POINT('Ctrl Pts',(-4.24083906284642,-14.31032670378,5.87703773270639));
#15720=CARTESIAN_POINT('Ctrl Pts',(-4.37145434244209,-14.2172299791697,
5.67151490073357));
#15721=CARTESIAN_POINT('Ctrl Pts',(-4.70886029083364,-14.0476513980546,
5.3395874363428));
#15722=CARTESIAN_POINT('Ctrl Pts',(-4.90292836617105,-13.9741960129771,
5.21507574108505));
#15723=CARTESIAN_POINT('Ctrl Pts',(-5.34397220025623,-13.8545920433132,
5.04305483219947));
#15724=CARTESIAN_POINT('Ctrl Pts',(-5.58514844898002,-13.8109968762354,
5.));
#15725=CARTESIAN_POINT('Ctrl Pts',(-5.83084416131449,-13.7870416657162,
5.));
#15726=CARTESIAN_POINT('Ctrl Pts',(-5.82823997533464,-13.786540420291,5.00134679529913));
#15727=CARTESIAN_POINT('Ctrl Pts',(-5.87479500638926,-13.7818548648722,
5.00114119760445));
#15728=CARTESIAN_POINT('Ctrl Pts',(-5.92160500170302,-13.7794135761675,
5.0009576776706));
#15729=CARTESIAN_POINT('Ctrl Pts',(-5.96861437938064,-13.7793515136046,
5.00082726971002));
#15730=CARTESIAN_POINT('Origin',(-1.87499999999998,-17.7801787833146,3.82842712474619));
#15731=CARTESIAN_POINT('',(3.,-16.3659652209415,2.4142135623731));
#15732=CARTESIAN_POINT('',(3.,-15.7801787833146,3.82842712474619));
#15733=CARTESIAN_POINT('Origin',(3.,-17.7801787833146,3.82842712474619));
#15734=CARTESIAN_POINT('',(-1.87499999999998,-15.7801787833146,3.82842712474619));
#15735=CARTESIAN_POINT('',(-1.87499999999998,-16.3659652209415,2.4142135623731));
#15736=CARTESIAN_POINT('Ctrl Pts',(3.,-15.7801787833146,3.82842712474619));
#15737=CARTESIAN_POINT('Ctrl Pts',(3.23257407256323,-15.7801787833146,3.82842712474619));
#15738=CARTESIAN_POINT('Ctrl Pts',(3.77656156151545,-15.5835551285261,4.41829808911169));
#15739=CARTESIAN_POINT('Ctrl Pts',(4.01609810315897,-15.0325790365433,6.07122636506021));
#15740=CARTESIAN_POINT('Ctrl Pts',(3.9983632576749,-14.7229878248967,7.));
#15741=CARTESIAN_POINT('Ctrl Pts',(3.,-15.7801787833146,3.52922782440431));
#15742=CARTESIAN_POINT('Ctrl Pts',(3.30207981982164,-15.7801787833146,3.52922782440431));
#15743=CARTESIAN_POINT('Ctrl Pts',(4.01113326259988,-15.4587616698243,4.10357076603803));
#15744=CARTESIAN_POINT('Ctrl Pts',(4.13306650858837,-14.6459064551463,5.70123639013601));
#15745=CARTESIAN_POINT('Ctrl Pts',(3.97356110814893,-14.2900250719885,6.56561646293209));
#15746=CARTESIAN_POINT('Ctrl Pts',(3.,-15.8997198179981,3.00596134242329));
#15747=CARTESIAN_POINT('Ctrl Pts',(3.45168918961603,-15.8997198179981,3.00596134242329));
#15748=CARTESIAN_POINT('Ctrl Pts',(4.5132715202614,-15.4119562512169,3.55415172209642));
#15749=CARTESIAN_POINT('Ctrl Pts',(4.70689310490696,-14.1175087454797,5.05158325458641));
#15750=CARTESIAN_POINT('Ctrl Pts',(4.45904061405724,-13.5106083701864,5.81401031808076));
#15751=CARTESIAN_POINT('Ctrl Pts',(3.,-16.207290830293,2.57288795302161));
#15752=CARTESIAN_POINT('Ctrl Pts',(3.62392976730835,-16.207290830293,2.57288795302161));
#15753=CARTESIAN_POINT('Ctrl Pts',(5.08475598553403,-15.6388736190684,3.14108864689352));
#15754=CARTESIAN_POINT('Ctrl Pts',(5.64606153792754,-14.0642014887993,4.71772661493368));
#15755=CARTESIAN_POINT('Ctrl Pts',(5.53511055770051,-13.2075672356761,5.57261154763847));
#15756=CARTESIAN_POINT('Ctrl Pts',(3.,-16.3659652209415,2.4142135623731));
#15757=CARTESIAN_POINT('Ctrl Pts',(3.6977222176897,-16.3659652209415,2.4142135623731));
#15758=CARTESIAN_POINT('Ctrl Pts',(5.32968468454636,-15.776094256576,3.0040845267386));
#15759=CARTESIAN_POINT('Ctrl Pts',(6.04829430947692,-14.1231659806275,4.65701280268711));
#15760=CARTESIAN_POINT('Ctrl Pts',(5.9950897730247,-13.1943923456877,5.58578643762691));
#15761=CARTESIAN_POINT('Origin',(3.,-14.7801787833146,6.82842712474619));
#15762=CARTESIAN_POINT('',(5.9712669225006,-13.7801787833146,5.));
#15763=CARTESIAN_POINT('Origin',(3.,-13.3659652209415,5.41421356237309));
#15764=CARTESIAN_POINT('Ctrl Pts',(5.96861437938064,-13.7793515136046,5.00082726971002));
#15765=CARTESIAN_POINT('Ctrl Pts',(5.92142317304893,-13.7793880624357,5.0008749138591));
#15766=CARTESIAN_POINT('Ctrl Pts',(5.87447703117688,-13.7817774565458,5.00095471902624));
#15767=CARTESIAN_POINT('Ctrl Pts',(5.82784339103507,-13.786373568617,5.00104508885462));
#15768=CARTESIAN_POINT('Origin',(-3.,-14.7801787833146,7.));
#15769=CARTESIAN_POINT('Origin',(-3.,-14.7801787833146,7.));
#15770=CARTESIAN_POINT('Origin',(-3.,-14.7801787833146,5.));
#15771=CARTESIAN_POINT('Origin',(-3.74999999999997,-15.2801787833146,3.5));
#15772=CARTESIAN_POINT('',(-6.8301590537766,-13.7801787833146,5.));
#15773=CARTESIAN_POINT('',(-3.74999999999997,-13.7801787833146,5.));
#15774=CARTESIAN_POINT('',(-7.49999999999993,-16.7801787833146,2.));
#15775=CARTESIAN_POINT('Ctrl Pts',(-6.8301590537766,-13.7801787833146,5.));
#15776=CARTESIAN_POINT('Ctrl Pts',(-7.06350524633184,-14.776409857839,4.00376892547557));
#15777=CARTESIAN_POINT('Ctrl Pts',(-7.28702329986592,-15.7817389361956,
2.99843984711896));
#15778=CARTESIAN_POINT('Ctrl Pts',(-7.49999999999992,-16.7801787833146,
2.));
#15779=CARTESIAN_POINT('',(7.50000000000007,-16.7801787833146,2.));
#15780=CARTESIAN_POINT('',(-3.74999999999997,-16.7801787833146,2.));
#15781=CARTESIAN_POINT('',(6.8301590537766,-13.7801787833146,5.));
#15782=CARTESIAN_POINT('Ctrl Pts',(6.83015905377661,-13.7801787833146,5.));
#15783=CARTESIAN_POINT('Ctrl Pts',(7.0635052463307,-14.7764098578342,4.00376892548044));
#15784=CARTESIAN_POINT('Ctrl Pts',(7.28702329986328,-15.7817389361833,2.99843984713129));
#15785=CARTESIAN_POINT('Ctrl Pts',(7.49999999999992,-16.7801787833146,1.99999999999998));
#15786=CARTESIAN_POINT('',(-3.74999999999997,-13.7801787833146,5.));
#15787=CARTESIAN_POINT('Origin',(0.,-13.7801787833146,8.3));
#15788=CARTESIAN_POINT('',(-3.,-13.7801787833146,8.3));
#15789=CARTESIAN_POINT('',(-3.,-13.7801787833146,6.975));
#15790=CARTESIAN_POINT('',(3.,-13.7801787833146,8.3));
#15791=CARTESIAN_POINT('',(0.,-13.7801787833146,8.3));
#15792=CARTESIAN_POINT('',(3.,-13.7801787833146,6.975));
#15793=CARTESIAN_POINT('Origin',(-3.,-14.7801787833146,4.325));
#15794=CARTESIAN_POINT('',(-3.,-15.7801787833146,8.3));
#15795=CARTESIAN_POINT('',(-3.,-15.7801787833146,4.325));
#15796=CARTESIAN_POINT('Origin',(-3.,-14.7801787833146,8.3));
#15797=CARTESIAN_POINT('Origin',(0.,-15.7801787833146,8.3));
#15798=CARTESIAN_POINT('',(3.,-15.7801787833146,8.3));
#15799=CARTESIAN_POINT('Origin',(3.,-14.7801787833146,8.3));
#15800=CARTESIAN_POINT('',(0.,-15.7801787833146,8.3));
#15801=CARTESIAN_POINT('Origin',(3.,-14.7801787833146,6.975));
#15802=CARTESIAN_POINT('',(3.,-15.7801787833146,4.325));
#15803=CARTESIAN_POINT('Origin',(0.,-15.7801787833146,3.));
#15804=CARTESIAN_POINT('Origin',(4.55,22.1868425672872,7.84));
#15805=CARTESIAN_POINT('',(4.11925360850666,27.2355858799623,8.27074639149334));
#15806=CARTESIAN_POINT('',(4.1,27.1868425672872,8.29));
#15807=CARTESIAN_POINT('',(3.47975396326359,25.6165994363089,8.9102460367364));
#15808=CARTESIAN_POINT('',(4.1,26.1868425672872,8.29));
#15809=CARTESIAN_POINT('',(4.1,22.1868425672872,8.29));
#15810=CARTESIAN_POINT('',(5.,26.1868425672872,7.39));
#15811=CARTESIAN_POINT('',(2.2475,26.1868425672872,10.1425));
#15812=CARTESIAN_POINT('',(5.,27.2355858799623,7.39));
#15813=CARTESIAN_POINT('',(5.,22.1868425672872,7.39));
#15814=CARTESIAN_POINT('',(4.7475,27.2355858799623,7.6425));
#15815=CARTESIAN_POINT('Origin',(0.,26.6868425672872,8.29));
#15816=CARTESIAN_POINT('',(-4.1,27.1868425672872,8.29));
#15817=CARTESIAN_POINT('',(5.,27.1868425672872,8.29));
#15818=CARTESIAN_POINT('',(-4.1,26.1868425672872,8.29));
#15819=CARTESIAN_POINT('',(-4.1,34.6868425672872,8.29));
#15820=CARTESIAN_POINT('',(5.,26.1868425672872,8.29));
#15821=CARTESIAN_POINT('Origin',(2.5,28.1868425672872,7.895));
#15822=CARTESIAN_POINT('',(3.8,29.1868425672872,7.5));
#15823=CARTESIAN_POINT('',(3.8,29.1868425672872,7.5));
#15824=CARTESIAN_POINT('',(-3.8,29.1868425672872,7.5));
#15825=CARTESIAN_POINT('',(2.5,29.1868425672872,7.5));
#15826=CARTESIAN_POINT('',(-4.11925360850666,27.2355858799623,8.27074639149334));
#15827=CARTESIAN_POINT('',(-4.12722871427474,27.1868425672872,8.29));
#15828=CARTESIAN_POINT('',(-5.06405905834381,29.6274984111955,7.32594094165619));
#15829=CARTESIAN_POINT('Origin',(4.67930717856869,28.1868425672872,7.17930717856869));
#15830=CARTESIAN_POINT('',(5.,29.1868425672872,6.3));
#15831=CARTESIAN_POINT('',(5.,25.5772533121837,8.31636838126958));
#15832=CARTESIAN_POINT('',(4.4,29.1868425672872,6.9));
#15833=CARTESIAN_POINT('Origin',(-4.55,34.6868425672872,7.84));
#15834=CARTESIAN_POINT('',(-5.,26.1868425672872,7.39));
#15835=CARTESIAN_POINT('',(-4.7475,26.1868425672872,7.6425));
#15836=CARTESIAN_POINT('',(-5.,27.2355858799623,7.39));
#15837=CARTESIAN_POINT('',(-3.4975,27.2355858799623,8.8925));
#15838=CARTESIAN_POINT('',(-5.,34.6868425672872,7.39));
#15839=CARTESIAN_POINT('Origin',(-5.,26.1868425672872,7.5));
#15840=CARTESIAN_POINT('',(-5.,26.1868425672872,5.));
#15841=CARTESIAN_POINT('',(-5.,26.1868425672872,3.75));
#15842=CARTESIAN_POINT('',(5.,26.1868425672872,5.));
#15843=CARTESIAN_POINT('',(5.,26.1868425672872,5.));
#15844=CARTESIAN_POINT('',(5.,26.1868425672872,3.75));
#15845=CARTESIAN_POINT('Origin',(-5.,42.6868425672872,0.));
#15846=CARTESIAN_POINT('',(-5.,29.1868425672872,6.3));
#15847=CARTESIAN_POINT('',(-5.,34.5721331213208,3.29169937916056));
#15848=CARTESIAN_POINT('',(-5.,39.6868425672872,6.3));
#15849=CARTESIAN_POINT('',(-5.,38.9368425672872,6.3));
#15850=CARTESIAN_POINT('',(-5.,41.4868425672872,4.5));
#15851=CARTESIAN_POINT('Origin',(-5.,39.6868425672872,4.5));
#15852=CARTESIAN_POINT('',(-5.,41.4868425672872,3.));
#15853=CARTESIAN_POINT('',(-5.,41.4868425672872,0.));
#15854=CARTESIAN_POINT('',(-5.,39.6868425672872,1.2));
#15855=CARTESIAN_POINT('Origin',(-5.,39.6868425672872,3.));
#15856=CARTESIAN_POINT('',(-5.,21.1334900099345,1.2));
#15857=CARTESIAN_POINT('',(-5.,27.8200872296367,1.2));
#15858=CARTESIAN_POINT('',(-5.,21.1334900099345,4.07106781186548));
#15859=CARTESIAN_POINT('',(-5.,21.1334900099345,0.));
#15860=CARTESIAN_POINT('',(-5.,20.1010060915612,5.));
#15861=CARTESIAN_POINT('Ctrl Pts',(-5.,20.1011045330795,5.00010994685938));
#15862=CARTESIAN_POINT('Ctrl Pts',(-5.,20.4459614158856,4.6912499867436));
#15863=CARTESIAN_POINT('Ctrl Pts',(-5.,20.7900434560082,4.381513676551));
#15864=CARTESIAN_POINT('Ctrl Pts',(-5.,21.1334900099345,4.07106781186548));
#15865=CARTESIAN_POINT('',(-5.,31.1533992146291,5.));
#15866=CARTESIAN_POINT('',(-5.,35.1694973468976,2.39999999999996));
#15867=CARTESIAN_POINT('',(-5.,35.1868425672872,5.));
#15868=CARTESIAN_POINT('',(-5.,35.1649951100172,1.72512729005342));
#15869=CARTESIAN_POINT('',(-5.,31.1867535574283,5.00000000000007));
#15870=CARTESIAN_POINT('',(-5.,38.9368425672872,4.99999999999993));
#15871=CARTESIAN_POINT('',(-5.,31.1694083370384,2.4));
#15872=CARTESIAN_POINT('',(-5.,31.1703320999157,2.53846947038077));
#15873=CARTESIAN_POINT('',(-5.,36.9314610714685,2.39999999999994));
#15874=CARTESIAN_POINT('Origin',(-2.17930717856869,28.1868425672872,9.67930717856868));
#15875=CARTESIAN_POINT('',(-1.9,29.1868425672872,9.4));
#15876=CARTESIAN_POINT('Origin',(4.4,26.4368425672872,6.9));
#15877=CARTESIAN_POINT('',(5.,39.6868425672872,6.3));
#15878=CARTESIAN_POINT('',(5.,26.4368425672872,6.3));
#15879=CARTESIAN_POINT('',(3.8,39.6868425672872,7.5));
#15880=CARTESIAN_POINT('',(3.8,39.6868425672872,7.5));
#15881=CARTESIAN_POINT('',(3.8,26.4368425672872,7.5));
#15882=CARTESIAN_POINT('Origin',(5.,17.6868425672872,0.));
#15883=CARTESIAN_POINT('',(5.,20.1010060915612,5.));
#15884=CARTESIAN_POINT('',(5.,18.6533992146291,5.));
#15885=CARTESIAN_POINT('',(5.,21.1334900099345,4.07106781186548));
#15886=CARTESIAN_POINT('Ctrl Pts',(5.,21.1334900099345,4.07106781186548));
#15887=CARTESIAN_POINT('Ctrl Pts',(5.,20.7900434560082,4.381513676551));
#15888=CARTESIAN_POINT('Ctrl Pts',(5.,20.4459614158856,4.6912499867436));
#15889=CARTESIAN_POINT('Ctrl Pts',(5.,20.1011045330795,5.00010994685938));
#15890=CARTESIAN_POINT('',(5.,21.1334900099345,1.2));
#15891=CARTESIAN_POINT('',(5.,21.1334900099345,0.));
#15892=CARTESIAN_POINT('',(5.,39.6868425672872,1.2));
#15893=CARTESIAN_POINT('',(5.,15.3200872296367,1.2));
#15894=CARTESIAN_POINT('',(5.,41.4868425672872,3.));
#15895=CARTESIAN_POINT('Origin',(5.,39.6868425672872,3.));
#15896=CARTESIAN_POINT('',(5.,41.4868425672872,4.5));
#15897=CARTESIAN_POINT('',(5.,41.4868425672872,0.));
#15898=CARTESIAN_POINT('Origin',(5.,39.6868425672872,4.5));
#15899=CARTESIAN_POINT('',(5.,31.1694083370384,2.4));
#15900=CARTESIAN_POINT('',(5.,31.1867535574283,5.00000000000007));
#15901=CARTESIAN_POINT('',(5.,31.1697758068661,2.45508269890028));
#15902=CARTESIAN_POINT('',(5.,35.1868425672872,5.));
#15903=CARTESIAN_POINT('',(5.,26.4368425672872,5.00000000000016));
#15904=CARTESIAN_POINT('',(5.,35.1694973468976,2.39999999999996));
#15905=CARTESIAN_POINT('',(5.,35.1644388169677,1.64174051857498));
#15906=CARTESIAN_POINT('',(5.,24.4314610714685,2.40000000000007));
#15907=CARTESIAN_POINT('Ctrl Pts',(-8.13088336627715,13.0550042391413,5.));
#15908=CARTESIAN_POINT('Ctrl Pts',(-8.27500400841065,14.6834987647176,3.54149342869462));
#15909=CARTESIAN_POINT('Ctrl Pts',(-8.3900398815068,16.3118799929388,2.04692251115956));
#15910=CARTESIAN_POINT('Ctrl Pts',(-8.4877955919877,17.9376743349638,0.535533905932744));
#15911=CARTESIAN_POINT('Ctrl Pts',(-7.08177624588424,13.3286345132146,5.32236171954886));
#15912=CARTESIAN_POINT('Ctrl Pts',(-7.18503297791656,14.9475397425022,3.84301820212909));
#15913=CARTESIAN_POINT('Ctrl Pts',(-7.26929192660235,16.566140281445,2.33205465161666));
#15914=CARTESIAN_POINT('Ctrl Pts',(-7.34077673857565,18.1817270987808,0.805529709529726));
#15915=CARTESIAN_POINT('Ctrl Pts',(-5.51290916809374,14.2248705384725,6.37821048190611));
#15916=CARTESIAN_POINT('Ctrl Pts',(-5.54045538334734,15.8634074215263,4.89027694997788));
#15917=CARTESIAN_POINT('Ctrl Pts',(-5.5627094363635,17.4912042072985,3.37047553396842));
#15918=CARTESIAN_POINT('Ctrl Pts',(-5.58217668347463,19.1144221717952,1.83737115156442));
#15919=CARTESIAN_POINT('Ctrl Pts',(-5.,15.5070880727529,7.88878108885441));
#15920=CARTESIAN_POINT('Ctrl Pts',(-4.99987907732493,17.201506254514,6.4215181010859));
#15921=CARTESIAN_POINT('Ctrl Pts',(-5.00010338982325,18.8708186451962,4.91937256574953));
#15922=CARTESIAN_POINT('Ctrl Pts',(-5.,20.5282822354666,3.40152587816649));
#15923=CARTESIAN_POINT('Ctrl Pts',(-5.,16.0560712176575,8.53553390593274));
#15924=CARTESIAN_POINT('Ctrl Pts',(-5.,17.7743265820964,7.07702733462736));
#15925=CARTESIAN_POINT('Ctrl Pts',(-5.,19.4614393655027,5.58245641709229));
#15926=CARTESIAN_POINT('Ctrl Pts',(-5.,21.1334900099345,4.07106781186548));
#15927=CARTESIAN_POINT('',(-5.26263996676144,17.6941284990481,4.99999999930693));
#15928=CARTESIAN_POINT('Ctrl Pts',(-5.26263996805262,17.6941284993366,5.));
#15929=CARTESIAN_POINT('Ctrl Pts',(-5.25496162884024,17.7285069741682,5.));
#15930=CARTESIAN_POINT('Ctrl Pts',(-5.24745886695783,17.7629097223989,5.));
#15931=CARTESIAN_POINT('Ctrl Pts',(-5.0795233503715,18.5517839905801,5.));
#15932=CARTESIAN_POINT('Ctrl Pts',(-5.,19.3291506629497,5.));
#15933=CARTESIAN_POINT('Ctrl Pts',(-5.,20.1010060915612,5.));
#15934=CARTESIAN_POINT('',(-7.86142001710864,16.6139241395464,2.0547096093384));
#15935=CARTESIAN_POINT('Ctrl Pts',(-5.,21.1334900099345,4.07106781186548));
#15936=CARTESIAN_POINT('Ctrl Pts',(-5.,21.1301318927463,4.06957657228157));
#15937=CARTESIAN_POINT('Ctrl Pts',(-5.0000033830853,21.1267737811881,4.068085320836));
#15938=CARTESIAN_POINT('Ctrl Pts',(-5.00122787522169,20.5190461696916,3.79820643234819));
#15939=CARTESIAN_POINT('Ctrl Pts',(-5.11202049773122,19.9168990193047,3.53032430567742));
#15940=CARTESIAN_POINT('Ctrl Pts',(-5.56256419998455,18.7392281533459,3.00548941472226));
#15941=CARTESIAN_POINT('Ctrl Pts',(-5.91487842274994,18.1737471649974,2.75294728979439));
#15942=CARTESIAN_POINT('Ctrl Pts',(-6.79434509122912,17.2486361080936,2.33918353205437));
#15943=CARTESIAN_POINT('Ctrl Pts',(-7.29572940205514,16.8815991022656,2.17472809326316));
#15944=CARTESIAN_POINT('Ctrl Pts',(-7.86142001710864,16.6139241395464,2.0547096093384));
#15945=CARTESIAN_POINT('',(-8.38674525516472,16.3550268732603,1.99999999999495));
#15946=CARTESIAN_POINT('Ctrl Pts',(-7.86207474755409,16.6145000720592,2.05555964561264));
#15947=CARTESIAN_POINT('Ctrl Pts',(-7.96774716290464,16.5642065453271,2.03288456046571));
#15948=CARTESIAN_POINT('Ctrl Pts',(-8.07378003878621,16.5125341156852,2.01735810172084));
#15949=CARTESIAN_POINT('Ctrl Pts',(-8.17993748287927,16.4596118042917,2.00864608902942));
#15950=CARTESIAN_POINT('Ctrl Pts',(-8.2488621520925,16.4252510221727,2.002989654871));
#15951=CARTESIAN_POINT('Ctrl Pts',(-8.31784047301494,16.3903633920589,2.00020597626569));
#15952=CARTESIAN_POINT('Ctrl Pts',(-8.38681932445566,16.3549852719597,2.00020562638286));
#15953=CARTESIAN_POINT('',(-8.13088336627478,13.0550042391512,4.99999999998568));
#15954=CARTESIAN_POINT('Ctrl Pts',(-8.38682768455155,16.35510870977,2.00009195589609));
#15955=CARTESIAN_POINT('Ctrl Pts',(-8.31236373267374,15.2556343082894,3.01256813532622));
#15956=CARTESIAN_POINT('Ctrl Pts',(-8.2282627766292,14.1553451362854,4.01451653416346));
#15957=CARTESIAN_POINT('Ctrl Pts',(-8.13088336627715,13.0550042391413,5.));
#15958=CARTESIAN_POINT('Ctrl Pts',(-8.13088336627715,13.0550042391413,5.));
#15959=CARTESIAN_POINT('Ctrl Pts',(-7.63326851312999,13.364927411754,5.));
#15960=CARTESIAN_POINT('Ctrl Pts',(-7.20031097951066,13.7770556656996,4.99999999977422));
#15961=CARTESIAN_POINT('Ctrl Pts',(-6.31687253801886,14.8864032777725,4.99999999977422));
#15962=CARTESIAN_POINT('Ctrl Pts',(-5.88839938978032,15.6854966692095,5.));
#15963=CARTESIAN_POINT('Ctrl Pts',(-5.45001979773428,16.9511240119244,5.));
#15964=CARTESIAN_POINT('Ctrl Pts',(-5.34624379387715,17.3198064040967,5.));
#15965=CARTESIAN_POINT('Ctrl Pts',(-5.26263996805262,17.6941284993366,5.));
#15966=CARTESIAN_POINT('Origin',(-4.4,38.9368425672872,6.9));
#15967=CARTESIAN_POINT('',(-3.8,39.6868425672872,7.5));
#15968=CARTESIAN_POINT('',(-3.8,38.9368425672872,7.5));
#15969=CARTESIAN_POINT('',(-5.,39.6868425672872,6.3));
#15970=CARTESIAN_POINT('Origin',(0.,35.1868425672872,7.5));
#15971=CARTESIAN_POINT('',(2.5,39.6868425672872,7.5));
#15972=CARTESIAN_POINT('Origin',(4.4,39.6868425672872,4.5));
#15973=CARTESIAN_POINT('',(3.8,42.6868425672872,4.5));
#15974=CARTESIAN_POINT('',(5.,41.4868425672872,4.5));
#15975=CARTESIAN_POINT('Origin',(3.8,39.6868425672872,4.5));
#15976=CARTESIAN_POINT('Origin',(4.4,42.0868425672872,0.));
#15977=CARTESIAN_POINT('',(3.8,42.6868425672872,3.));
#15978=CARTESIAN_POINT('',(5.,41.4868425672872,3.));
#15979=CARTESIAN_POINT('',(3.8,42.6868425672872,0.));
#15980=CARTESIAN_POINT('Origin',(4.4,39.6868425672872,3.));
#15981=CARTESIAN_POINT('',(5.,39.6868425672872,1.2));
#15982=CARTESIAN_POINT('Origin',(3.8,39.6868425672872,3.));
#15983=CARTESIAN_POINT('Origin',(4.4,15.3200872296367,0.6));
#15984=CARTESIAN_POINT('',(5.,21.1334900099345,1.2));
#15985=CARTESIAN_POINT('Origin',(10.,21.1334900099345,0.6));
#15986=CARTESIAN_POINT('',(10.4697169625344,15.1066020906232,0.15483565013878));
#15987=CARTESIAN_POINT('Ctrl Pts',(10.4697169625344,15.1066020906232,0.15483565013878));
#15988=CARTESIAN_POINT('Ctrl Pts',(10.5673584841336,15.0389310757382,0.0797823555082117));
#15989=CARTESIAN_POINT('Ctrl Pts',(10.667500911846,14.9695267935708,0.));
#15990=CARTESIAN_POINT('',(7.86142001710864,16.6139241395464,1.2));
#15991=CARTESIAN_POINT('Origin',(10.,21.1334900099345,1.2));
#15992=CARTESIAN_POINT('Ctrl Pts',(10.4697169625344,15.1066020906232,0.154835650138775));
#15993=CARTESIAN_POINT('Ctrl Pts',(10.147166724551,15.3301473774868,0.402767653327785));
#15994=CARTESIAN_POINT('Ctrl Pts',(9.8119727642094,15.547596039458,0.624029298981131));
#15995=CARTESIAN_POINT('Ctrl Pts',(8.98304358333082,16.0444902357496,1.03385376887292));
#15996=CARTESIAN_POINT('Ctrl Pts',(8.47468191792641,16.3237392715812,1.2));
#15997=CARTESIAN_POINT('Ctrl Pts',(7.86142001710864,16.6139241395464,1.2));
#15998=CARTESIAN_POINT('Origin',(2.5,39.6868425672872,4.5));
#15999=CARTESIAN_POINT('',(2.95361394349716,42.6868425672872,4.49999999999977));
#16000=CARTESIAN_POINT('',(2.5,42.6868425672872,4.5));
#16001=CARTESIAN_POINT('',(2.90776318681663,42.548660171538,5.4));
#16002=CARTESIAN_POINT('Ctrl Pts',(2.95361394349716,42.6868425672872,4.49999999999977));
#16003=CARTESIAN_POINT('Ctrl Pts',(2.94468503137167,42.6868425672872,4.80525942316651));
#16004=CARTESIAN_POINT('Ctrl Pts',(2.93100652020037,42.6402176369305,5.10886581526588));
#16005=CARTESIAN_POINT('Ctrl Pts',(2.90776318681663,42.548660171538,5.4));
#16006=CARTESIAN_POINT('',(-2.90776318681663,42.548660171538,5.4));
#16007=CARTESIAN_POINT('Ctrl Pts',(2.90776318681664,42.548660171538,5.4));
#16008=CARTESIAN_POINT('Ctrl Pts',(2.90464718726527,42.5363859845108,5.4390294272358));
#16009=CARTESIAN_POINT('Ctrl Pts',(2.90124610820109,42.5233136753174,5.4778046772321));
#16010=CARTESIAN_POINT('Ctrl Pts',(2.86563151369434,42.3905653945054,5.8465090851719));
#16011=CARTESIAN_POINT('Ctrl Pts',(2.80930739778654,42.2112376116454,6.1516766063085));
#16012=CARTESIAN_POINT('Ctrl Pts',(2.6641197121464,41.9023650476627,6.52996669495984));
#16013=CARTESIAN_POINT('Ctrl Pts',(2.59573333187469,41.7745823728787,6.66136181779384));
#16014=CARTESIAN_POINT('Ctrl Pts',(2.42327659176399,41.51131636559,6.88776828778738));
#16015=CARTESIAN_POINT('Ctrl Pts',(2.31872576964564,41.3763467172444,6.98301036877155));
#16016=CARTESIAN_POINT('Ctrl Pts',(1.95630977807184,40.9821058467069,7.22506856609989));
#16017=CARTESIAN_POINT('Ctrl Pts',(1.61584204202427,40.7238313423497,7.32091825491219));
#16018=CARTESIAN_POINT('Ctrl Pts',(0.841815220955713,40.3762881556577,7.42533481896805));
#16019=CARTESIAN_POINT('Ctrl Pts',(0.40908558434874,40.2868425672872,7.43938769133981));
#16020=CARTESIAN_POINT('Ctrl Pts',(-0.40908558434874,40.2868425672872,7.43938769133981));
#16021=CARTESIAN_POINT('Ctrl Pts',(-0.841815220955713,40.3762881556577,
7.42533481896805));
#16022=CARTESIAN_POINT('Ctrl Pts',(-1.61584204202427,40.7238313423497,7.32091825491219));
#16023=CARTESIAN_POINT('Ctrl Pts',(-1.95630977807184,40.9821058467069,7.22506856609989));
#16024=CARTESIAN_POINT('Ctrl Pts',(-2.31872576964564,41.3763467172444,6.98301036877155));
#16025=CARTESIAN_POINT('Ctrl Pts',(-2.42327659176399,41.51131636559,6.88776828778737));
#16026=CARTESIAN_POINT('Ctrl Pts',(-2.59573333187469,41.7745823728787,6.66136181779382));
#16027=CARTESIAN_POINT('Ctrl Pts',(-2.6641197121464,41.9023650476627,6.52996669495984));
#16028=CARTESIAN_POINT('Ctrl Pts',(-2.80930739778654,42.2112376116454,6.1516766063085));
#16029=CARTESIAN_POINT('Ctrl Pts',(-2.86563151369434,42.3905653945054,5.8465090851719));
#16030=CARTESIAN_POINT('Ctrl Pts',(-2.90124610820109,42.5233136753174,5.4778046772321));
#16031=CARTESIAN_POINT('Ctrl Pts',(-2.90464718726527,42.5363859845108,5.4390294272358));
#16032=CARTESIAN_POINT('Ctrl Pts',(-2.90776318681664,42.548660171538,5.4));
#16033=CARTESIAN_POINT('',(-2.95361394349718,42.6868425672872,4.49999999999941));
#16034=CARTESIAN_POINT('Ctrl Pts',(-2.90776318681663,42.548660171538,5.4));
#16035=CARTESIAN_POINT('Ctrl Pts',(-2.93098234318366,42.6401224016071,5.10916864429352));
#16036=CARTESIAN_POINT('Ctrl Pts',(-2.94467565294261,42.6868425672872,4.80558005056268));
#16037=CARTESIAN_POINT('Ctrl Pts',(-2.95361394349717,42.6868425672872,4.49999999999941));
#16038=CARTESIAN_POINT('',(-3.8,42.6868425672872,4.5));
#16039=CARTESIAN_POINT('',(2.5,42.6868425672872,4.5));
#16040=CARTESIAN_POINT('Origin',(-3.8,39.6868425672872,4.5));
#16041=CARTESIAN_POINT('Origin',(-4.4,27.8200872296367,0.6));
#16042=CARTESIAN_POINT('',(-3.8,21.1334900099345,0.));
#16043=CARTESIAN_POINT('',(-5.,39.6868425672872,1.2));
#16044=CARTESIAN_POINT('Origin',(-4.4,39.6868425672872,3.));
#16045=CARTESIAN_POINT('',(-3.8,42.6868425672872,3.));
#16046=CARTESIAN_POINT('',(-5.,41.4868425672872,3.));
#16047=CARTESIAN_POINT('Origin',(-3.8,39.6868425672872,3.));
#16048=CARTESIAN_POINT('Origin',(-10.,21.1334900099345,0.6));
#16049=CARTESIAN_POINT('',(-7.86142001710864,16.6139241395464,1.2));
#16050=CARTESIAN_POINT('Ctrl Pts',(-7.86142001710863,16.6139241395464,1.2));
#16051=CARTESIAN_POINT('Ctrl Pts',(-8.47468191792639,16.3237392715812,1.2));
#16052=CARTESIAN_POINT('Ctrl Pts',(-8.98304358333081,16.0444902357496,1.03385376887293));
#16053=CARTESIAN_POINT('Ctrl Pts',(-9.74463607214403,15.5879604182934,0.657320712489712));
#16054=CARTESIAN_POINT('Ctrl Pts',(-10.0213593566085,15.411051454666,0.483331574194719));
#16055=CARTESIAN_POINT('Ctrl Pts',(-10.2882728550952,15.2307531546904,0.290228124433138));
#16056=CARTESIAN_POINT('Origin',(-10.,21.1334900099345,1.2));
#16057=CARTESIAN_POINT('Origin',(-4.4,42.0868425672872,0.));
#16058=CARTESIAN_POINT('',(-5.,41.4868425672872,4.5));
#16059=CARTESIAN_POINT('',(-3.8,42.6868425672872,0.));
#16060=CARTESIAN_POINT('Origin',(-4.4,39.6868425672872,4.5));
#16061=CARTESIAN_POINT('Origin',(-10.,21.1334900099345,0.));
#16062=CARTESIAN_POINT('',(-7.86142001710864,16.6139241395464,0.));
#16063=CARTESIAN_POINT('Origin',(0.,0.,0.));
#16064=CARTESIAN_POINT('Origin',(0.,0.,2.));
#16065=CARTESIAN_POINT('Origin',(2.5,39.6868425672872,3.));
#16066=CARTESIAN_POINT('',(2.99998848760727,39.8985592130894,0.00747998137184572));
#16067=CARTESIAN_POINT('Ctrl Pts',(2.99862904890417,39.686842567287,1.03025214962565E-30));
#16068=CARTESIAN_POINT('Ctrl Pts',(2.9994965725505,39.7574731771669,-3.55484639638331E-15));
#16069=CARTESIAN_POINT('Ctrl Pts',(2.99991582111122,39.8280898091409,0.00249436866323039));
#16070=CARTESIAN_POINT('Ctrl Pts',(2.99998848760727,39.8985592130894,0.00747998137184569));
#16071=CARTESIAN_POINT('',(3.,39.9209943710755,0.00915180378831565));
#16072=CARTESIAN_POINT('Ctrl Pts',(2.99998848760727,39.8985592130894,0.00747998137184569));
#16073=CARTESIAN_POINT('Ctrl Pts',(2.99999620252254,39.9060408657156,0.00800929793086835));
#16074=CARTESIAN_POINT('Ctrl Pts',(3.,39.9135192998354,0.00856658471349679));
#16075=CARTESIAN_POINT('Ctrl Pts',(3.,39.9209943710755,0.00915180378831648));
#16076=CARTESIAN_POINT('',(3.,42.6776907634989,2.76584819621169));
#16077=CARTESIAN_POINT('Origin',(3.,39.6868425672872,3.));
#16078=CARTESIAN_POINT('',(2.99998848760727,42.6793625859153,2.78828335419776));
#16079=CARTESIAN_POINT('Ctrl Pts',(3.,42.6776907634988,2.76584819621169));
#16080=CARTESIAN_POINT('Ctrl Pts',(3.,42.6782760442573,2.7733240553434));
#16081=CARTESIAN_POINT('Ctrl Pts',(2.99999620175506,42.6788333220131,2.78080244585137));
#16082=CARTESIAN_POINT('Ctrl Pts',(2.99998848760727,42.6793625859153,2.78828335419776));
#16083=CARTESIAN_POINT('',(2.99862904890417,42.6868425672872,3.00000000000015));
#16084=CARTESIAN_POINT('Ctrl Pts',(2.99998848760727,42.6793625859153,2.78828335419776));
#16085=CARTESIAN_POINT('Ctrl Pts',(2.99994382606346,42.682426792565,2.83159454357429));
#16086=CARTESIAN_POINT('Ctrl Pts',(2.99976803160283,42.6845523837241,2.87499567283173));
#16087=CARTESIAN_POINT('Ctrl Pts',(2.99923018409233,42.686473634257,2.94565256277146));
#16088=CARTESIAN_POINT('Ctrl Pts',(2.99896268795375,42.6868425672872,2.97283632595961));
#16089=CARTESIAN_POINT('Ctrl Pts',(2.99862904890417,42.6868425672872,3.00000000000015));
#16090=CARTESIAN_POINT('',(2.5,42.6868425672872,3.));
#16091=CARTESIAN_POINT('Origin',(5.,42.6868425672872,0.));
#16092=CARTESIAN_POINT('Ctrl Pts',(2.95361394349716,42.6868425672872,4.49999999999977));
#16093=CARTESIAN_POINT('Ctrl Pts',(2.96286225428836,42.6868425672872,4.18382105482572));
#16094=CARTESIAN_POINT('Ctrl Pts',(2.97553383477315,42.6868425672872,3.86739534910612));
#16095=CARTESIAN_POINT('Ctrl Pts',(2.99061013247137,42.6868425672872,3.40013448603536));
#16096=CARTESIAN_POINT('Ctrl Pts',(2.99624298558123,42.6868425672872,3.19426456953026));
#16097=CARTESIAN_POINT('Ctrl Pts',(2.99862904890417,42.6868425672872,3.00000000000015));
#16098=CARTESIAN_POINT('Origin',(0.,37.2868425672872,5.4));
#16099=CARTESIAN_POINT('',(-2.99998848760727,42.6793625859153,2.78828335419776));
#16100=CARTESIAN_POINT('Origin',(0.,42.6868425672872,2.7846606338756));
#16101=CARTESIAN_POINT('',(-2.99862904890417,42.6868425672872,3.00000000000015));
#16102=CARTESIAN_POINT('Ctrl Pts',(-2.99862904890417,42.6868425672872,3.00000000000015));
#16103=CARTESIAN_POINT('Ctrl Pts',(-2.99949657397532,42.6868425672872,2.92936927411706));
#16104=CARTESIAN_POINT('Ctrl Pts',(-2.9999158212292,42.6843481905292,2.85875264373138));
#16105=CARTESIAN_POINT('Ctrl Pts',(-2.99998848760727,42.6793625859153,2.78828335419776));
#16106=CARTESIAN_POINT('Ctrl Pts',(-2.99862904890417,42.6868425672872,3.00000000000015));
#16107=CARTESIAN_POINT('Ctrl Pts',(-2.99624298558123,42.6868425672872,3.19426456953026));
#16108=CARTESIAN_POINT('Ctrl Pts',(-2.99061013247138,42.6868425672872,3.40013448603536));
#16109=CARTESIAN_POINT('Ctrl Pts',(-2.97553383477315,42.6868425672872,3.86739534910601));
#16110=CARTESIAN_POINT('Ctrl Pts',(-2.96286225428837,42.6868425672872,4.18382105482548));
#16111=CARTESIAN_POINT('Ctrl Pts',(-2.95361394349717,42.6868425672872,4.49999999999941));
#16112=CARTESIAN_POINT('Origin',(0.,43.2868425672872,5.4));
#16113=CARTESIAN_POINT('Origin',(2.5,39.6868425672872,3.));
#16114=CARTESIAN_POINT('',(2.5,42.6868425672872,3.));
#16115=CARTESIAN_POINT('',(-3.,42.6776907634989,2.76584819621169));
#16116=CARTESIAN_POINT('Ctrl Pts',(-2.99998848760727,42.6793625859153,2.78828335419776));
#16117=CARTESIAN_POINT('Ctrl Pts',(-2.99999620252254,42.6788332693563,2.78080170157161));
#16118=CARTESIAN_POINT('Ctrl Pts',(-3.,42.6782759825737,2.77332326745178));
#16119=CARTESIAN_POINT('Ctrl Pts',(-3.,42.6776907634988,2.76584819621169));
#16120=CARTESIAN_POINT('',(-3.,39.9209943710755,0.00915180378831565));
#16121=CARTESIAN_POINT('Origin',(-3.,39.6868425672872,3.));
#16122=CARTESIAN_POINT('',(-2.99998848760727,39.8985592130894,0.00747998137184564));
#16123=CARTESIAN_POINT('Ctrl Pts',(-3.,39.9209943710755,0.00915180378831648));
#16124=CARTESIAN_POINT('Ctrl Pts',(-3.,39.9135185119438,0.00856652302991013));
#16125=CARTESIAN_POINT('Ctrl Pts',(-2.99999620175506,39.9060401214358,0.00800924527410653));
#16126=CARTESIAN_POINT('Ctrl Pts',(-2.99998848760727,39.8985592130894,0.00747998137184569));
#16127=CARTESIAN_POINT('Ctrl Pts',(-2.99998848760727,39.8985592130894,0.00747998137184569));
#16128=CARTESIAN_POINT('Ctrl Pts',(-2.99993689813937,39.84852956737,0.00394045324289407));
#16129=CARTESIAN_POINT('Ctrl Pts',(-2.99971039971363,39.7983816649857,0.00165344694148588));
#16130=CARTESIAN_POINT('Ctrl Pts',(-2.99909348474167,39.727712835318,0.000208676729691835));
#16131=CARTESIAN_POINT('Ctrl Pts',(-2.99887997177949,39.7072717922323,-1.02820514789839E-15));
#16132=CARTESIAN_POINT('Ctrl Pts',(-2.99862904890417,39.686842567287,1.03037252024717E-30));
#16133=CARTESIAN_POINT('Origin',(0.,37.2868425672872,5.4));
#16134=CARTESIAN_POINT('Origin',(0.,39.9021819334116,1.38777878078145E-15));
#16135=CARTESIAN_POINT('Origin',(-3.,37.2868425672872,5.4));
#16136=CARTESIAN_POINT('Origin',(3.,37.2868425672872,5.4));
#16137=CARTESIAN_POINT('Origin',(5.,42.6868425672872,0.));
#16138=CARTESIAN_POINT('Origin',(10.,21.1334900099345,0.));
#16139=CARTESIAN_POINT('',(7.86142001710864,16.6139241395464,2.0547096093384));
#16140=CARTESIAN_POINT('Ctrl Pts',(5.,21.1334900099345,4.07106781186549));
#16141=CARTESIAN_POINT('Ctrl Pts',(5.,21.130131892752,4.06957657228412));
#16142=CARTESIAN_POINT('Ctrl Pts',(5.00000338308532,21.1267737811821,4.06808532082938));
#16143=CARTESIAN_POINT('Ctrl Pts',(5.00122787522116,20.5190461699957,3.79820643265815));
#16144=CARTESIAN_POINT('Ctrl Pts',(5.11202049770619,19.9168990193701,3.53032430570656));
#16145=CARTESIAN_POINT('Ctrl Pts',(5.56256419998455,18.7392281533459,3.00548941472225));
#16146=CARTESIAN_POINT('Ctrl Pts',(5.91487842274994,18.1737471649975,2.75294728979438));
#16147=CARTESIAN_POINT('Ctrl Pts',(6.79434509122911,17.2486361080936,2.33918353205437));
#16148=CARTESIAN_POINT('Ctrl Pts',(7.29572940205513,16.8815991022656,2.17472809326316));
#16149=CARTESIAN_POINT('Ctrl Pts',(7.86142001710864,16.6139241395464,2.0547096093384));
#16150=CARTESIAN_POINT('',(7.86142001710864,16.6139241395464,0.));
#16151=CARTESIAN_POINT('Ctrl Pts',(8.48779559198771,17.9376743349638,0.535533905932748));
#16152=CARTESIAN_POINT('Ctrl Pts',(8.3900398815068,16.3118799929388,2.04692251115956));
#16153=CARTESIAN_POINT('Ctrl Pts',(8.27500400841065,14.6834987647176,3.54149342869462));
#16154=CARTESIAN_POINT('Ctrl Pts',(8.13088336627715,13.0550042391413,5.));
#16155=CARTESIAN_POINT('Ctrl Pts',(7.34077673857565,18.1817270987808,0.80552970952973));
#16156=CARTESIAN_POINT('Ctrl Pts',(7.26929192660235,16.566140281445,2.33205465161666));
#16157=CARTESIAN_POINT('Ctrl Pts',(7.18503297791656,14.9475397425022,3.8430182021291));
#16158=CARTESIAN_POINT('Ctrl Pts',(7.08177624588424,13.3286345132146,5.32236171954886));
#16159=CARTESIAN_POINT('Ctrl Pts',(5.58217668347463,19.1144221717952,1.83737115156442));
#16160=CARTESIAN_POINT('Ctrl Pts',(5.5627094363635,17.4912042072984,3.37047553396841));
#16161=CARTESIAN_POINT('Ctrl Pts',(5.54045538334733,15.8634074215263,4.89027694997787));
#16162=CARTESIAN_POINT('Ctrl Pts',(5.51290916809374,14.2248705384725,6.37821048190611));
#16163=CARTESIAN_POINT('Ctrl Pts',(5.,20.5282822354666,3.4015258781665));
#16164=CARTESIAN_POINT('Ctrl Pts',(5.00010338982325,18.8708186451962,4.91937256574953));
#16165=CARTESIAN_POINT('Ctrl Pts',(4.99987907732493,17.201506254514,6.4215181010859));
#16166=CARTESIAN_POINT('Ctrl Pts',(5.,15.5070880727529,7.8887810888544));
#16167=CARTESIAN_POINT('Ctrl Pts',(5.,21.1334900099345,4.07106781186548));
#16168=CARTESIAN_POINT('Ctrl Pts',(5.,19.4614393655027,5.58245641709229));
#16169=CARTESIAN_POINT('Ctrl Pts',(5.,17.7743265820964,7.07702733462736));
#16170=CARTESIAN_POINT('Ctrl Pts',(5.,16.0560712176575,8.53553390593274));
#16171=CARTESIAN_POINT('',(5.26263996608748,17.6941285060173,4.99999999975816));
#16172=CARTESIAN_POINT('Ctrl Pts',(5.,20.1010060915612,5.));
#16173=CARTESIAN_POINT('Ctrl Pts',(5.,19.2801217145263,5.));
#16174=CARTESIAN_POINT('Ctrl Pts',(5.08989294297076,18.4675743068436,5.));
#16175=CARTESIAN_POINT('Ctrl Pts',(5.26263996653803,17.6941285061179,5.));
#16176=CARTESIAN_POINT('',(8.13088336627478,13.0550042391512,4.99999999998568));
#16177=CARTESIAN_POINT('Ctrl Pts',(5.26263996653803,17.6941285061179,5.));
#16178=CARTESIAN_POINT('Ctrl Pts',(5.39230521382677,17.1135741269769,5.));
#16179=CARTESIAN_POINT('Ctrl Pts',(5.56855824608796,16.5554366160327,5.));
#16180=CARTESIAN_POINT('Ctrl Pts',(6.05297494336068,15.4034208588361,5.));
#16181=CARTESIAN_POINT('Ctrl Pts',(6.39291539875309,14.7965295584193,5.0000000007053));
#16182=CARTESIAN_POINT('Ctrl Pts',(7.18478603069125,13.7918546702169,5.0000000007053));
#16183=CARTESIAN_POINT('Ctrl Pts',(7.62434326701056,13.3704862100418,5.));
#16184=CARTESIAN_POINT('Ctrl Pts',(8.13088336627715,13.0550042391413,5.));
#16185=CARTESIAN_POINT('',(8.38674525516472,16.3550268732602,1.99999999999496));
#16186=CARTESIAN_POINT('Ctrl Pts',(8.13088336627715,13.0550042391413,5.));
#16187=CARTESIAN_POINT('Ctrl Pts',(8.2282627766292,14.1553451362854,4.01451653416346));
#16188=CARTESIAN_POINT('Ctrl Pts',(8.31236373267374,15.2556343082894,3.01256813532622));
#16189=CARTESIAN_POINT('Ctrl Pts',(8.38682768455155,16.35510870977,2.00009195589609));
#16190=CARTESIAN_POINT('Ctrl Pts',(8.38681932445566,16.3549852719597,2.00020562638287));
#16191=CARTESIAN_POINT('Ctrl Pts',(8.27263254509803,16.413549795861,2.00020620557435));
#16192=CARTESIAN_POINT('Ctrl Pts',(8.15902131427308,16.4704731160791,2.00783351714552));
#16193=CARTESIAN_POINT('Ctrl Pts',(8.04618202382914,16.5256618196279,2.02326621618324));
#16194=CARTESIAN_POINT('Ctrl Pts',(7.98456936582245,16.5557960282375,2.03169279884066));
#16195=CARTESIAN_POINT('Ctrl Pts',(7.923187608703,16.5854133292978,2.04244682356295));
#16196=CARTESIAN_POINT('Ctrl Pts',(7.86207474755409,16.6145000720592,2.05555964561264));
#16197=CARTESIAN_POINT('Origin',(0.,0.,0.));
#16198=CARTESIAN_POINT('',(10.4697169625344,15.1066020906232,2.));
#16199=CARTESIAN_POINT('Origin',(0.,0.,2.));
#16200=CARTESIAN_POINT('',(10.4697169625344,15.1066020906232,0.));
#16201=CARTESIAN_POINT('Origin',(0.,0.,3.5));
#16202=CARTESIAN_POINT('',(8.76084041805107,12.6408890181602,5.));
#16203=CARTESIAN_POINT('Origin',(0.,0.,5.));
#16204=CARTESIAN_POINT('',(10.4697169625344,15.1066020906232,2.));
#16205=CARTESIAN_POINT('Origin',(0.,0.,3.5));
#16206=CARTESIAN_POINT('Origin',(0.,0.,5.));
#16207=CARTESIAN_POINT('Origin',(0.,25.6868425672872,1.2));
#16208=CARTESIAN_POINT('Origin',(0.,22.6868425672872,-0.600000000000003));
#16209=CARTESIAN_POINT('Origin',(0.,37.2868425672872,5.4));
#16210=CARTESIAN_POINT('Origin',(0.,37.2868425672872,-0.599999999999999));
#16211=CARTESIAN_POINT('Origin',(0.,36.2368425672872,-0.6));
#16212=CARTESIAN_POINT('Origin',(0.,43.2868425672872,5.625));
#16213=CARTESIAN_POINT('Origin',(0.,12.9533318919863,5.));
#16214=CARTESIAN_POINT('',(10.9038653322032,-10.8466640409472,5.));
#16215=CARTESIAN_POINT('Origin',(0.,0.,5.));
#16216=CARTESIAN_POINT('',(20.5521919872157,-1.14745568248719,5.));
#16217=CARTESIAN_POINT('',(15.7612976005974,-5.96361547274948,5.));
#16218=CARTESIAN_POINT('',(18.4881818181818,2.,5.));
#16219=CARTESIAN_POINT('Origin',(21.92,2.,5.));
#16220=CARTESIAN_POINT('',(20.0051664151084,4.84794458780873,5.));
#16221=CARTESIAN_POINT('Origin',(21.92,2.,5.));
#16222=CARTESIAN_POINT('',(12.6642056363358,9.93563943313215,5.));
#16223=CARTESIAN_POINT('',(-20.5521919872157,-1.14745568248719,5.));
#16224=CARTESIAN_POINT('Origin',(-21.92,2.,5.));
#16225=CARTESIAN_POINT('',(-10.9038653322032,-10.8466640409472,5.));
#16226=CARTESIAN_POINT('',(-20.0933233048898,-1.60874426839328,5.));
#16227=CARTESIAN_POINT('Origin',(0.,0.,5.));
#16228=CARTESIAN_POINT('',(-6.34442966965075,-11.7801787833146,5.));
#16229=CARTESIAN_POINT('',(3.17221483482538,-11.7801787833146,5.));
#16230=CARTESIAN_POINT('',(6.34442966965075,-11.7801787833146,5.));
#16231=CARTESIAN_POINT('Origin',(0.,0.,5.));
#16232=CARTESIAN_POINT('',(3.17221483482538,-11.7801787833146,5.));
#16233=CARTESIAN_POINT('Origin',(-4.5,36.9314610714685,2.89999999999994));
#16234=CARTESIAN_POINT('',(-4.,31.1760795756499,3.4));
#16235=CARTESIAN_POINT('',(-4.09038130578621,31.175476620393,3.30961869421379));
#16236=CARTESIAN_POINT('',(-4.,35.176168585509,3.39999999999996));
#16237=CARTESIAN_POINT('',(-4.,36.9314610714685,3.39999999999994));
#16238=CARTESIAN_POINT('',(-4.49706144528302,35.172852570003,2.90293855471694));
#16239=CARTESIAN_POINT('Origin',(-5.,31.1760795756499,3.4));
#16240=CARTESIAN_POINT('',(4.,31.1760795756499,3.4));
#16241=CARTESIAN_POINT('',(-5.,31.1760795756499,3.4));
#16242=CARTESIAN_POINT('',(4.,35.176168585509,3.39999999999996));
#16243=CARTESIAN_POINT('',(4.,24.4314610714685,3.40000000000007));
#16244=CARTESIAN_POINT('',(-5.,35.176168585509,3.39999999999996));
#16245=CARTESIAN_POINT('Origin',(4.5,24.4314610714685,2.90000000000007));
#16246=CARTESIAN_POINT('',(2.01796423258056,35.1893912190497,5.38203576741939));
#16247=CARTESIAN_POINT('',(1.61128409308426,31.1920152694401,5.78871590691574));
#16248=CARTESIAN_POINT('Origin',(-3.,35.1868425672872,3.75));
#16249=CARTESIAN_POINT('Origin',(3.,35.1868425672872,3.75));
#16250=CARTESIAN_POINT('Origin',(-5.,35.176168585509,3.39999999999996));
#16251=CARTESIAN_POINT('',(-5.,35.1868425672872,5.));
#16252=CARTESIAN_POINT('Origin',(-5.,31.1867535574283,5.00000000000007));
#16253=CARTESIAN_POINT('',(-5.,31.1867535574283,5.00000000000007));
#16254=CARTESIAN_POINT('Origin',(-5.,35.1868425672872,5.));
#16255=CARTESIAN_POINT('Origin',(21.92,2.,4.75));
#16256=CARTESIAN_POINT('',(19.3881818181818,2.,8.3));
#16257=CARTESIAN_POINT('Origin',(21.92,2.,8.3));
#16258=CARTESIAN_POINT('',(18.42,2.,4.75));
#16259=CARTESIAN_POINT('Origin',(22.5656635843656,1.35772354392497,5.33928571428572));
#16260=CARTESIAN_POINT('',(24.340908438018,5.49309351932255,2.));
#16261=CARTESIAN_POINT('Origin',(21.92,2.,2.));
#16262=CARTESIAN_POINT('Origin',(22.438766093861,2.74852003985483,5.33928571428572));
#16263=CARTESIAN_POINT('Origin',(0.,2.,8.3));
#16264=CARTESIAN_POINT('',(20.17,2.,8.3));
#16265=CARTESIAN_POINT('Origin',(21.92,2.,8.3));
#16266=CARTESIAN_POINT('Origin',(-21.92,2.,4.75));
#16267=CARTESIAN_POINT('',(-24.4518181818182,2.,8.3));
#16268=CARTESIAN_POINT('Origin',(-21.92,2.,8.3));
#16269=CARTESIAN_POINT('',(-26.17,2.,2.));
#16270=CARTESIAN_POINT('',(-25.42,2.,4.75));
#16271=CARTESIAN_POINT('',(-24.9330967270392,-0.997290128350165,2.));
#16272=CARTESIAN_POINT('Origin',(-21.92,2.,2.));
#16273=CARTESIAN_POINT('Origin',(-22.5656635843656,1.35772354392496,5.33928571428571));
#16274=CARTESIAN_POINT('Origin',(-21.92,2.,2.));
#16275=CARTESIAN_POINT('Origin',(0.,2.,8.3));
#16276=CARTESIAN_POINT('',(-23.67,2.,8.3));
#16277=CARTESIAN_POINT('Origin',(-21.92,2.,8.3));
#16278=CARTESIAN_POINT('Origin',(0.,0.,1.5));
#16279=CARTESIAN_POINT('',(6.34442966965075,-11.7801787833146,3.));
#16280=CARTESIAN_POINT('Ctrl Pts',(7.0605038866399,-14.7801787833146,-1.11022302462516E-15));
#16281=CARTESIAN_POINT('Ctrl Pts',(6.83437773896627,-13.78221443088,0.997964352434617));
#16282=CARTESIAN_POINT('Ctrl Pts',(6.59535560143647,-12.775278679417,2.0049001038976));
#16283=CARTESIAN_POINT('Ctrl Pts',(6.34442966965075,-11.7801787833146,3.));
#16284=CARTESIAN_POINT('',(-6.34442966965075,-11.7801787833146,3.));
#16285=CARTESIAN_POINT('Origin',(0.,0.,3.));
#16286=CARTESIAN_POINT('Ctrl Pts',(-6.34442966965075,-11.7801787833146,
3.));
#16287=CARTESIAN_POINT('Ctrl Pts',(-6.59535560143652,-12.7752786794172,
2.0049001038974));
#16288=CARTESIAN_POINT('Ctrl Pts',(-6.83437773896638,-13.7822144308805,
0.9979643524341));
#16289=CARTESIAN_POINT('Ctrl Pts',(-7.0605038866399,-14.7801787833146,-1.38777878078145E-15));
#16290=CARTESIAN_POINT('Origin',(3.17221483482538,-13.2801787833146,1.5));
#16291=CARTESIAN_POINT('',(3.17221483482538,-11.7801787833146,3.));
#16292=CARTESIAN_POINT('Origin',(6.34442966965075,-11.7801787833146,0.));
#16293=CARTESIAN_POINT('',(-6.34442966965075,-11.7801787833146,0.));
#16294=CARTESIAN_POINT('',(6.34442966965075,-11.7801787833146,0.));
#16295=CARTESIAN_POINT('Origin',(13.5186439085774,11.1684959693636,3.5));
#16296=CARTESIAN_POINT('',(14.3730821808191,12.4013525055951,2.));
#16297=CARTESIAN_POINT('Origin',(24.340908438018,5.49309351932255,0.));
#16298=CARTESIAN_POINT('',(24.340908438018,5.49309351932255,0.));
#16299=CARTESIAN_POINT('Origin',(0.,0.,3.5));
#16300=CARTESIAN_POINT('Origin',(0.,0.,2.));
#16301=CARTESIAN_POINT('',(13.0307571395251,-12.9623982491944,2.));
#16302=CARTESIAN_POINT('Origin',(-21.1567692085507,-2.66661137251687,3.5));
#16303=CARTESIAN_POINT('',(-13.0307571395251,-12.9623982491944,2.));
#16304=CARTESIAN_POINT('',(-22.2202151122116,-3.72447847664045,2.));
#16305=CARTESIAN_POINT('',(-13.0307571395251,-12.9623982491944,2.));
#16306=CARTESIAN_POINT('Origin',(0.,0.,3.5));
#16307=CARTESIAN_POINT('Origin',(0.,0.,2.));
#16308=CARTESIAN_POINT('Origin',(15.2055994147936,-8.64916543293897,3.5));
#16309=CARTESIAN_POINT('Origin',(0.,0.,0.));
#16310=CARTESIAN_POINT('',(7.50000000000007,-16.7801787833146,0.));
#16311=CARTESIAN_POINT('Origin',(-7.49999999999993,-16.7801787833146,0.));
#16312=CARTESIAN_POINT('',(-7.49999999999993,-16.7801787833146,0.));
#16313=CARTESIAN_POINT('Origin',(0.,0.,0.));
#16314=CARTESIAN_POINT('',(-13.0307571395251,-12.9623982491944,0.));
#16315=CARTESIAN_POINT('Origin',(-24.9330967270392,-0.997290128350165,0.));
#16316=CARTESIAN_POINT('',(-24.9330967270392,-0.997290128350165,0.));
#16317=CARTESIAN_POINT('Origin',(0.,2.,4.));
#16318=CARTESIAN_POINT('',(19.67,2.,4.));
#16319=CARTESIAN_POINT('Origin',(21.92,2.,4.));
#16320=CARTESIAN_POINT('',(20.17,2.,4.));
#16321=CARTESIAN_POINT('Origin',(21.92,2.,4.));
#16322=CARTESIAN_POINT('Origin',(21.92,2.,5.));
#16323=CARTESIAN_POINT('',(20.17,2.,5.));
#16324=CARTESIAN_POINT('Origin',(21.92,2.,0.));
#16325=CARTESIAN_POINT('Origin',(0.,2.,4.));
#16326=CARTESIAN_POINT('',(-24.17,2.,4.));
#16327=CARTESIAN_POINT('Origin',(-21.92,2.,4.));
#16328=CARTESIAN_POINT('',(-23.67,2.,4.));
#16329=CARTESIAN_POINT('Origin',(-21.92,2.,4.));
#16330=CARTESIAN_POINT('Origin',(-21.92,2.,5.));
#16331=CARTESIAN_POINT('',(-23.67,2.,5.));
#16332=CARTESIAN_POINT('Origin',(0.,0.,0.));
#16333=CARTESIAN_POINT('Origin',(-21.92,2.,0.));
#16334=CARTESIAN_POINT('',(-24.17,2.,0.));
#16335=CARTESIAN_POINT('Origin',(21.92,2.,0.));
#16336=CARTESIAN_POINT('',(19.67,2.,0.));
#16337=CARTESIAN_POINT('Origin',(-21.92,2.,0.));
#16338=CARTESIAN_POINT('',(0.,0.,0.));
#16339=CARTESIAN_POINT('',(0.,0.,0.));
#16340=CARTESIAN_POINT('',(0.,0.,0.));
#16341=CARTESIAN_POINT('',(0.,0.,0.));
#16342=UNCERTAINTY_MEASURE_WITH_UNIT(LENGTH_MEASURE(0.01),#16354,
'DISTANCE_ACCURACY_VALUE',
'Maximum model space distance between geometric entities at asserted c
onnectivities');
#16343=UNCERTAINTY_MEASURE_WITH_UNIT(LENGTH_MEASURE(0.01),#16354,
'DISTANCE_ACCURACY_VALUE',
'Maximum model space distance between geometric entities at asserted c
onnectivities');
#16344=UNCERTAINTY_MEASURE_WITH_UNIT(LENGTH_MEASURE(0.01),#16354,
'DISTANCE_ACCURACY_VALUE',
'Maximum model space distance between geometric entities at asserted c
onnectivities');
#16345=UNCERTAINTY_MEASURE_WITH_UNIT(LENGTH_MEASURE(0.01),#16354,
'DISTANCE_ACCURACY_VALUE',
'Maximum model space distance between geometric entities at asserted c
onnectivities');
#16346=UNCERTAINTY_MEASURE_WITH_UNIT(LENGTH_MEASURE(0.01),#16354,
'DISTANCE_ACCURACY_VALUE',
'Maximum model space distance between geometric entities at asserted c
onnectivities');
#16347=UNCERTAINTY_MEASURE_WITH_UNIT(LENGTH_MEASURE(0.01),#16354,
'DISTANCE_ACCURACY_VALUE',
'Maximum model space distance between geometric entities at asserted c
onnectivities');
#16348=(
GEOMETRIC_REPRESENTATION_CONTEXT(3)
GLOBAL_UNCERTAINTY_ASSIGNED_CONTEXT((#16342))
GLOBAL_UNIT_ASSIGNED_CONTEXT((#16354,#16356,#16357))
REPRESENTATION_CONTEXT('','3D')
);
#16349=(
GEOMETRIC_REPRESENTATION_CONTEXT(3)
GLOBAL_UNCERTAINTY_ASSIGNED_CONTEXT((#16343))
GLOBAL_UNIT_ASSIGNED_CONTEXT((#16354,#16356,#16357))
REPRESENTATION_CONTEXT('','3D')
);
#16350=(
GEOMETRIC_REPRESENTATION_CONTEXT(3)
GLOBAL_UNCERTAINTY_ASSIGNED_CONTEXT((#16344))
GLOBAL_UNIT_ASSIGNED_CONTEXT((#16354,#16356,#16357))
REPRESENTATION_CONTEXT('','3D')
);
#16351=(
GEOMETRIC_REPRESENTATION_CONTEXT(3)
GLOBAL_UNCERTAINTY_ASSIGNED_CONTEXT((#16345))
GLOBAL_UNIT_ASSIGNED_CONTEXT((#16354,#16356,#16357))
REPRESENTATION_CONTEXT('','3D')
);
#16352=(
GEOMETRIC_REPRESENTATION_CONTEXT(3)
GLOBAL_UNCERTAINTY_ASSIGNED_CONTEXT((#16346))
GLOBAL_UNIT_ASSIGNED_CONTEXT((#16354,#16356,#16357))
REPRESENTATION_CONTEXT('','3D')
);
#16353=(
GEOMETRIC_REPRESENTATION_CONTEXT(3)
GLOBAL_UNCERTAINTY_ASSIGNED_CONTEXT((#16347))
GLOBAL_UNIT_ASSIGNED_CONTEXT((#16354,#16356,#16357))
REPRESENTATION_CONTEXT('','3D')
);
#16354=(
LENGTH_UNIT()
NAMED_UNIT(*)
SI_UNIT(.MILLI.,.METRE.)
);
#16355=(
LENGTH_UNIT()
NAMED_UNIT(*)
SI_UNIT($,.METRE.)
);
#16356=(
NAMED_UNIT(*)
PLANE_ANGLE_UNIT()
SI_UNIT($,.RADIAN.)
);
#16357=(
NAMED_UNIT(*)
SI_UNIT($,.STERADIAN.)
SOLID_ANGLE_UNIT()
);
#16358=SHAPE_DEFINITION_REPRESENTATION(#16363,#16372);
#16359=SHAPE_DEFINITION_REPRESENTATION(#16364,#16373);
#16360=SHAPE_DEFINITION_REPRESENTATION(#16365,#16374);
#16361=SHAPE_DEFINITION_REPRESENTATION(#16366,#16375);
#16362=SHAPE_DEFINITION_REPRESENTATION(#16367,#16376);
#16363=PRODUCT_DEFINITION_SHAPE('',$,#16378);
#16364=PRODUCT_DEFINITION_SHAPE('',$,#16379);
#16365=PRODUCT_DEFINITION_SHAPE('',$,#16380);
#16366=PRODUCT_DEFINITION_SHAPE('',$,#16381);
#16367=PRODUCT_DEFINITION_SHAPE('',$,#16382);
#16368=PRODUCT_DEFINITION_SHAPE($,$,#23);
#16369=PRODUCT_DEFINITION_SHAPE($,$,#24);
#16370=PRODUCT_DEFINITION_SHAPE($,$,#25);
#16371=PRODUCT_DEFINITION_SHAPE($,$,#26);
#16372=SHAPE_REPRESENTATION('',(#8670,#9538,#9539,#9540,#9541),#16348);
#16373=SHAPE_REPRESENTATION('',(#8671),#16349);
#16374=SHAPE_REPRESENTATION('',(#8913),#16350);
#16375=SHAPE_REPRESENTATION('',(#9157),#16351);
#16376=SHAPE_REPRESENTATION('',(#9344),#16352);
#16377=PRODUCT_DEFINITION_CONTEXT('part definition',#16394,'design');
#16378=PRODUCT_DEFINITION('2025-11-01-17-13-14-981',
'(Nicht gespeichert)',#16383,#16377);
#16379=PRODUCT_DEFINITION('2025-11-18-19-32-04-849','EBB36gen1_G2WW',#16384,
#16377);
#16380=PRODUCT_DEFINITION('2025-11-18-19-37-39-048','EBB36gen1_G2SA',#16385,
#16377);
#16381=PRODUCT_DEFINITION('2026-06-25-00-31-15-960','EBBgen2_G2WW',#16386,
#16377);
#16382=PRODUCT_DEFINITION('2026-06-25-00-36-03-848','EBBgen2_G2SA',#16387,
#16377);
#16383=PRODUCT_DEFINITION_FORMATION('',$,#16396);
#16384=PRODUCT_DEFINITION_FORMATION('',$,#16397);
#16385=PRODUCT_DEFINITION_FORMATION('',$,#16398);
#16386=PRODUCT_DEFINITION_FORMATION('',$,#16399);
#16387=PRODUCT_DEFINITION_FORMATION('',$,#16400);
#16388=PRODUCT_RELATED_PRODUCT_CATEGORY('(Nicht gespeichert)',
'(Nicht gespeichert)',(#16396));
#16389=PRODUCT_RELATED_PRODUCT_CATEGORY('EBB36gen1_G2WW',
'EBB36gen1_G2WW',(#16397));
#16390=PRODUCT_RELATED_PRODUCT_CATEGORY('EBB36gen1_G2SA',
'EBB36gen1_G2SA',(#16398));
#16391=PRODUCT_RELATED_PRODUCT_CATEGORY('EBBgen2_G2WW','EBBgen2_G2WW',(#16399));
#16392=PRODUCT_RELATED_PRODUCT_CATEGORY('EBBgen2_G2SA','EBBgen2_G2SA',(#16400));
#16393=APPLICATION_PROTOCOL_DEFINITION('international standard',
'automotive_design',2009,#16394);
#16394=APPLICATION_CONTEXT(
'Core Data for Automotive Mechanical Design Process');
#16395=PRODUCT_CONTEXT('part definition',#16394,'mechanical');
#16396=PRODUCT('2025-11-01-17-13-14-981','(Nicht gespeichert)',$,(#16395));
#16397=PRODUCT('2025-11-18-19-32-04-849','EBB36gen1_G2WW',$,(#16395));
#16398=PRODUCT('2025-11-18-19-37-39-048','EBB36gen1_G2SA',$,(#16395));
#16399=PRODUCT('2026-06-25-00-31-15-960','EBBgen2_G2WW',$,(#16395));
#16400=PRODUCT('2026-06-25-00-36-03-848','EBBgen2_G2SA',$,(#16395));
#16401=PRESENTATION_STYLE_ASSIGNMENT((#16402));
#16402=SURFACE_STYLE_USAGE(.BOTH.,#16403);
#16403=SURFACE_SIDE_STYLE('',(#16404));
#16404=SURFACE_STYLE_FILL_AREA(#16405);
#16405=FILL_AREA_STYLE('Stahl - satiniert',(#16406));
#16406=FILL_AREA_STYLE_COLOUR('Stahl - satiniert',#16407);
#16407=COLOUR_RGB('Stahl - satiniert',0.627450980392157,0.627450980392157,
0.627450980392157);
ENDSEC;
END-ISO-10303-21;
